rk,gtm,week,date,day,game_location,opp,result,pts,pts_opp,ot,pass_cmp,pass_att,pass_cmp_pct,pass_yds,pass_td,pass_ya,pass_aya,pass_rate,pass_sk,pass_sk_yds,rush_att,rush_yds,rush_td,rush_ya,plays,total_yds,ypp,fga,fgm,xpa,xpm,punt,punt_yds,first_downs_pass,first_downs_rush,first_downs_pen,first_downs_total,third_down_conv,third_down_att,fourth_down_conv,fourth_down_att,pen,pen_yds,fumbles_lost,turnovers_int,turnovers_total,time_of_poss,team_name
1,1,1,2013-09-08,Sun,@,STL,L,24,27,,26,40,65.0,304,2,7.6,7.48,94.2,4,23,26,86,0,3.3,70,390,5.57,2,1,3,3,4,187,19,4,2,25,7,14,0,0,6,68,1,1,2,31:25,Arizona Cardinals
2,2,2,2013-09-15,Sun,,DET,W,25,21,,23,40,57.5,261,1,6.5,5.90,75.1,1,4,25,87,1,3.5,66,348,5.27,4,4,1,1,5,214,13,7,4,24,1,11,0,0,7,40,0,1,1,31:19,Arizona Cardinals
3,3,3,2013-09-22,Sun,@,NOR,L,7,31,,18,35,51.4,161,0,4.6,2.03,40.3,4,26,16,86,1,5.4,55,247,4.49,0,0,1,1,8,326,9,6,1,16,5,13,0,0,3,18,0,2,2,24:29,Arizona Cardinals
4,4,4,2013-09-29,Sun,@,TAM,W,13,10,,21,38,55.3,240,1,6.3,4.47,61.3,1,8,20,56,0,2.8,59,296,5.02,2,2,1,1,7,320,11,4,2,17,1,10,0,0,10,90,1,2,3,25:55,Arizona Cardinals
5,5,5,2013-10-06,Sun,,CAR,W,22,6,,19,28,67.9,160,1,5.7,1.61,54.8,2,15,28,90,1,3.2,58,250,4.31,2,2,2,2,4,199,9,6,4,19,4,12,0,0,3,30,0,3,3,28:56,Arizona Cardinals
6,6,6,2013-10-13,Sun,@,SFO,L,20,32,,25,41,61.0,294,2,7.2,5.95,78.7,1,4,21,109,1,5.2,63,403,6.40,0,0,2,2,5,218,10,6,0,16,5,13,0,1,6,38,2,2,4,25:41,Arizona Cardinals
7,7,7,2013-10-17,Thu,,SEA,L,22,34,,30,45,66.7,204,1,4.5,2.98,65.4,7,54,18,30,1,1.7,70,234,3.34,3,3,1,1,4,197,16,2,4,22,5,15,1,2,3,22,0,2,2,32:20,Arizona Cardinals
8,8,8,2013-10-27,Sun,,ATL,W,27,13,,13,18,72.2,147,2,8.2,7.89,110.2,3,25,30,201,1,6.7,51,348,6.82,2,2,3,3,5,232,9,5,3,17,3,10,0,0,8,52,0,1,1,25:41,Arizona Cardinals
9,9,10,2013-11-10,Sun,,HOU,W,27,24,,20,32,62.5,235,2,7.3,7.19,92.6,1,6,29,97,0,3.3,62,332,5.35,2,2,3,3,5,219,12,6,1,19,3,10,0,0,5,29,2,1,3,31:08,Arizona Cardinals
10,10,11,2013-11-17,Sun,@,JAX,W,27,14,,30,42,71.4,402,2,9.6,10.52,117.4,3,17,24,14,1,0.6,69,416,6.03,2,2,3,3,8,358,16,3,0,19,5,16,0,0,5,42,0,0,0,35:53,Arizona Cardinals
11,11,12,2013-11-24,Sun,,IND,W,40,11,,26,38,68.4,290,2,7.6,8.68,108.4,3,24,30,120,1,4.0,71,410,5.77,5,4,4,4,2,72,18,5,4,27,7,14,0,0,9,84,0,0,0,36:49,Arizona Cardinals
12,12,13,2013-12-01,Sun,@,PHI,L,21,24,,24,41,58.5,260,3,6.3,5.61,81.4,5,42,22,90,0,4.1,68,350,5.15,0,0,3,3,5,231,15,6,3,24,4,12,1,2,6,55,1,2,3,30:39,Arizona Cardinals
13,13,14,2013-12-08,Sun,,STL,W,30,10,,27,32,84.4,262,1,8.2,8.81,111.2,1,7,32,107,2,3.3,65,369,5.68,2,0,4,4,4,189,14,6,5,25,8,14,0,0,6,31,1,0,1,35:07,Arizona Cardinals
14,14,15,2013-12-15,Sun,@,TEN,W,37,34,OT,20,30,66.7,215,1,7.2,7.83,98.6,2,16,36,145,2,4.0,68,360,5.29,3,3,4,4,4,212,12,11,1,24,6,12,0,0,9,69,0,0,0,30:58,Arizona Cardinals
15,15,16,2013-12-22,Sun,@,SEA,W,17,10,,13,25,52.0,168,1,6.7,0.32,47.2,2,10,43,139,0,3.2,70,307,4.39,3,3,0,0,5,244,6,4,6,16,6,19,0,0,7,46,0,4,4,37:24,Arizona Cardinals
16,16,17,2013-12-29,Sun,,SFO,L,20,23,,28,49,57.1,399,2,8.1,8.04,88.7,1,8,22,83,0,3.8,72,482,6.69,4,2,2,2,3,148,16,3,0,19,4,15,3,4,3,30,1,1,2,32:20,Arizona Cardinals
1,1,1,2013-09-08,Sun,@,NOR,L,17,23,,25,38,65.8,279,2,7.3,7.21,94.1,3,25,14,88,0,6.3,55,367,6.67,1,1,2,2,6,281,14,3,1,18,3,11,0,1,2,19,1,1,2,24:49,Atlanta Falcons
2,2,2,2013-09-15,Sun,,STL,W,31,24,,33,43,76.7,357,2,8.3,9.23,116.1,2,17,16,36,1,2.3,61,393,6.44,1,1,4,4,6,318,17,2,0,19,7,13,0,0,7,53,0,0,0,30:17,Atlanta Falcons
3,3,3,2013-09-22,Sun,@,MIA,L,23,27,,23,38,60.5,231,2,6.1,5.95,84.4,0,0,30,146,0,4.9,68,377,5.54,4,3,2,2,2,66,14,9,1,24,5,11,0,0,7,59,1,1,2,37:09,Atlanta Falcons
4,4,4,2013-09-29,Sun,,NWE,L,23,30,,34,54,63.0,399,2,7.4,7.30,90.0,2,22,15,58,0,3.9,71,457,6.44,3,3,2,2,3,137,20,3,3,26,6,14,0,2,6,55,0,1,1,29:21,Atlanta Falcons
5,5,5,2013-10-07,Mon,,NYJ,L,28,30,,37,46,80.4,299,2,6.5,7.37,108.2,2,12,22,64,2,2.9,70,363,5.19,0,0,4,4,3,99,20,3,3,26,6,12,1,2,4,46,1,0,1,35:27,Atlanta Falcons
6,6,7,2013-10-20,Sun,,TAM,W,31,23,,20,26,76.9,273,3,10.5,12.81,148.4,0,0,18,18,0,1.0,44,291,6.61,1,1,4,4,4,192,11,1,3,15,3,9,0,0,9,101,1,0,1,22:11,Atlanta Falcons
7,7,8,2013-10-27,Sun,@,ARI,L,13,27,,34,61,55.7,265,1,4.3,1.72,44.8,4,36,14,27,0,1.9,79,292,3.70,2,2,1,1,4,183,17,1,2,20,8,20,1,2,10,55,0,4,4,34:19,Atlanta Falcons
8,8,9,2013-11-03,Sun,@,CAR,L,10,34,,20,27,74.1,211,1,7.8,3.56,69.1,1,8,20,78,0,3.9,48,289,6.02,1,1,1,1,5,225,10,2,0,12,4,10,0,0,7,59,1,3,4,23:29,Atlanta Falcons
9,9,10,2013-11-10,Sun,,SEA,L,10,33,,23,36,63.9,162,1,4.5,5.06,83.3,2,10,16,64,0,4.0,54,226,4.19,1,1,1,1,5,267,9,3,4,16,4,12,1,1,1,15,1,0,1,24:30,Atlanta Falcons
10,10,11,2013-11-17,Sun,@,TAM,L,28,41,,24,43,55.8,268,2,6.2,5.07,70.7,3,20,20,152,1,7.6,66,420,6.36,2,2,2,2,2,24,10,7,7,24,1,7,1,2,7,45,1,2,3,26:46,Atlanta Falcons
11,11,12,2013-11-21,Thu,,NOR,L,13,17,,30,39,76.9,264,0,6.8,6.77,94.4,5,28,22,91,1,4.1,66,355,5.38,3,2,1,1,3,136,15,5,2,22,6,12,0,0,3,25,1,0,1,33:46,Atlanta Falcons
12,12,13,2013-12-01,Sun,@,BUF,W,34,31,OT,28,47,59.6,272,1,5.8,6.21,82.9,6,39,30,151,3,5.0,83,423,5.10,2,2,4,4,7,278,15,7,4,26,10,18,0,0,8,75,1,0,1,38:09,Atlanta Falcons
13,13,14,2013-12-08,Sun,@,GNB,L,21,22,,20,35,57.1,202,2,5.8,5.63,80.9,1,4,23,83,0,3.6,59,285,4.83,1,0,3,3,4,178,12,6,0,18,6,13,0,1,3,15,1,1,2,26:28,Atlanta Falcons
14,14,15,2013-12-15,Sun,,WAS,W,27,26,,29,38,76.3,189,1,5.0,4.32,84.2,3,21,21,54,2,2.6,62,243,3.92,2,2,3,3,6,296,10,5,4,19,5,14,0,1,7,73,1,1,2,33:52,Atlanta Falcons
15,15,16,2013-12-23,Mon,@,SFO,L,24,34,,37,48,77.1,341,2,7.1,6.06,92.4,1,7,20,61,1,3.1,69,402,5.83,1,1,3,3,5,244,20,2,3,25,8,15,1,1,5,37,0,2,2,30:28,Atlanta Falcons
16,16,17,2013-12-29,Sun,,CAR,L,20,21,,28,40,70.0,231,2,5.8,5.65,90.7,9,49,20,76,0,3.8,69,307,4.45,2,2,2,2,5,242,13,5,2,20,7,16,1,1,5,56,0,1,1,34:26,Atlanta Falcons
1,1,1,2013-09-05,Thu,@,DEN,L,27,49,,34,62,54.8,335,2,5.4,4.60,67.6,4,27,21,58,1,2.8,87,393,4.52,2,2,3,3,10,456,18,3,3,24,8,22,0,1,7,53,0,2,2,33:48,Baltimore Ravens
2,2,2,2013-09-15,Sun,,CLE,W,14,6,,22,33,66.7,197,1,6.0,6.58,92.6,2,14,36,99,1,2.8,71,296,4.17,2,0,2,2,6,291,13,5,1,19,8,16,0,0,3,41,1,0,1,30:35,Baltimore Ravens
3,3,3,2013-09-22,Sun,,HOU,W,30,9,,16,24,66.7,161,0,6.7,6.71,85.6,2,10,31,75,1,2.4,57,236,4.14,3,3,3,3,4,194,7,5,4,16,8,16,0,0,10,87,0,0,0,29:24,Baltimore Ravens
4,4,4,2013-09-29,Sun,@,BUF,L,20,23,,25,50,50.0,321,2,6.4,2.72,44.2,4,26,9,24,0,2.7,63,345,5.48,2,2,2,2,7,331,13,0,2,15,3,16,1,1,8,59,0,5,5,23:34,Baltimore Ravens
5,5,5,2013-10-06,Sun,@,MIA,W,26,23,,19,32,59.4,251,0,7.8,6.44,71.2,2,18,40,133,2,3.3,74,384,5.19,4,4,2,2,5,171,12,6,2,20,6,16,0,0,6,64,1,1,2,36:16,Baltimore Ravens
6,6,6,2013-10-13,Sun,,GNB,L,17,19,,20,34,58.8,313,2,9.2,10.38,109.1,5,29,22,47,0,2.1,61,360,5.90,1,1,2,2,9,375,11,2,2,15,2,14,1,2,6,40,1,0,1,28:38,Baltimore Ravens
7,7,7,2013-10-20,Sun,@,PIT,L,16,19,,24,34,70.6,205,1,6.0,6.62,95.8,1,10,26,82,0,3.2,61,287,4.70,3,3,1,1,3,126,10,7,2,19,7,14,1,1,9,67,0,0,0,28:59,Baltimore Ravens
8,8,9,2013-11-03,Sun,@,CLE,L,18,24,,24,41,58.5,223,2,5.4,5.32,79.6,5,27,21,55,0,2.6,67,278,4.15,1,1,1,1,7,298,11,6,1,18,7,16,1,1,9,80,1,1,2,29:10,Baltimore Ravens
9,9,10,2013-11-10,Sun,,CIN,W,20,17,OT,20,36,55.6,104,2,2.9,1.50,56.2,5,36,30,85,0,2.8,71,189,2.66,2,2,2,2,8,355,11,1,6,18,3,16,0,0,8,65,1,2,3,31:35,Baltimore Ravens
10,10,11,2013-11-17,Sun,@,CHI,L,20,23,OT,17,31,54.8,143,1,4.6,2.35,50.9,3,19,41,174,1,4.2,75,317,4.23,2,2,2,2,4,177,10,9,4,23,8,18,1,2,5,46,0,2,2,35:41,Baltimore Ravens
11,11,12,2013-11-24,Sun,,NYJ,W,19,3,,17,27,63.0,245,1,9.1,8.15,89.3,4,28,31,67,0,2.2,62,312,5.03,4,4,1,1,6,273,9,5,1,15,3,13,0,0,5,41,0,1,1,34:05,Baltimore Ravens
12,12,13,2013-11-28,Thu,,PIT,W,22,20,,24,35,68.6,237,1,6.8,7.34,97.0,2,14,25,74,0,3.0,62,311,5.02,5,5,1,1,1,26,11,4,1,16,10,17,0,0,9,55,0,0,0,29:56,Baltimore Ravens
13,13,14,2013-12-08,Sun,,MIN,W,29,26,,28,50,56.0,228,3,4.6,3.06,62.7,2,17,27,97,0,3.6,79,325,4.11,0,0,3,3,6,328,17,4,2,23,6,16,1,3,5,45,0,3,3,32:12,Baltimore Ravens
14,14,15,2013-12-16,Mon,@,DET,W,18,16,,20,38,52.6,215,0,5.7,5.66,69.5,1,7,21,90,0,4.3,60,305,5.08,6,6,0,0,5,240,11,4,3,18,4,14,0,0,7,60,0,0,0,27:35,Baltimore Ravens
15,15,16,2013-12-22,Sun,,NWE,L,7,41,,23,42,54.8,237,0,5.6,2.43,41.5,4,25,28,121,1,4.3,74,358,4.84,1,0,1,1,4,212,13,5,1,19,5,14,0,3,9,83,1,3,4,28:02,Baltimore Ravens
16,16,17,2013-12-29,Sun,@,CIN,L,17,34,,30,50,60.0,175,1,3.5,1.20,48.3,2,17,14,47,0,3.4,66,222,3.36,3,3,0,0,6,285,12,2,3,17,4,15,0,2,6,56,0,3,3,26:03,Baltimore Ravens
1,1,1,2013-09-08,Sun,,NWE,L,21,23,,18,27,66.7,150,2,5.6,7.04,105.5,0,0,34,136,0,4.0,61,286,4.69,0,0,3,3,9,412,6,7,2,15,4,13,0,0,10,75,2,0,2,22:17,Buffalo Bills
2,2,2,2013-09-15,Sun,,CAR,W,24,23,,27,39,69.2,287,1,7.4,6.72,88.3,1,9,33,149,1,4.5,73,436,5.97,4,3,1,1,3,134,13,8,3,24,6,14,0,0,7,55,1,1,2,26:19,Buffalo Bills
3,3,3,2013-09-22,Sun,@,NYJ,L,20,27,,19,42,45.2,208,1,5.0,5.43,68.4,8,35,25,120,0,4.8,75,328,4.37,4,4,0,0,7,357,6,4,8,18,4,18,0,2,7,87,0,0,0,25:47,Buffalo Bills
4,4,4,2013-09-29,Sun,,BAL,W,23,20,,10,22,45.5,147,1,6.7,3.50,45.1,2,20,55,203,1,3.7,79,350,4.43,3,3,2,2,8,346,7,10,2,19,5,18,0,0,11,99,1,2,3,36:26,Buffalo Bills
5,5,5,2013-10-03,Thu,@,CLE,L,24,37,,19,40,47.5,188,0,4.7,3.58,50.8,4,21,31,155,3,5.0,75,343,4.57,1,1,3,3,8,364,10,8,2,20,5,16,1,2,7,56,0,1,1,27:37,Buffalo Bills
6,6,6,2013-10-13,Sun,,CIN,L,24,27,OT,19,32,59.4,192,2,6.0,7.25,97.4,5,24,32,130,1,4.1,69,322,4.67,1,1,3,3,5,244,9,8,3,20,8,17,1,2,4,27,1,0,1,25:24,Buffalo Bills
7,7,7,2013-10-20,Sun,@,MIA,W,23,21,,21,32,65.6,178,0,5.6,4.16,66.9,4,24,30,90,1,3.0,66,268,4.06,3,3,2,2,7,318,8,6,1,15,9,19,0,0,6,53,0,1,1,30:12,Buffalo Bills
8,8,8,2013-10-27,Sun,@,NOR,L,17,35,,22,39,56.4,211,1,5.4,4.77,69.5,4,23,25,88,1,3.5,68,299,4.40,2,1,2,2,3,137,13,5,2,20,5,13,0,1,6,45,2,1,3,27:30,Buffalo Bills
9,9,9,2013-11-03,Sun,,KAN,L,13,23,,18,39,46.2,229,1,5.9,4.08,52.2,0,0,38,241,0,6.3,77,470,6.10,2,2,1,1,3,108,12,11,2,25,4,13,0,2,6,48,1,2,3,30:14,Buffalo Bills
10,10,10,2013-11-10,Sun,@,PIT,L,10,23,,22,39,56.4,132,1,3.4,2.74,61.1,3,23,22,95,0,4.3,64,227,3.55,1,1,1,1,9,332,9,4,3,16,3,14,1,1,4,30,0,1,1,24:44,Buffalo Bills
11,11,11,2013-11-17,Sun,,NYJ,W,37,14,,20,28,71.4,245,2,8.8,10.18,121.9,1,0,38,68,1,1.8,67,313,4.67,3,3,4,4,6,200,9,5,0,14,8,19,1,1,8,64,0,0,0,33:42,Buffalo Bills
12,12,13,2013-12-01,Sun,,ATL,L,31,34,OT,18,32,56.3,210,1,6.6,7.19,86.7,0,0,31,195,3,6.3,63,405,6.43,1,1,4,4,7,299,9,7,3,19,5,14,0,0,6,49,2,0,2,24:51,Buffalo Bills
13,13,14,2013-12-08,Sun,@,TAM,L,6,27,,18,33,54.5,147,0,4.5,-1.00,26.5,7,37,22,67,0,3.0,62,214,3.45,2,2,0,0,7,306,10,1,3,14,1,11,0,0,11,114,1,4,5,28:10,Buffalo Bills
14,14,15,2013-12-15,Sun,@,JAX,W,27,20,,17,24,70.8,168,2,7.0,6.79,100.7,4,25,44,198,1,4.5,72,366,5.08,3,2,3,3,4,180,10,12,3,25,5,13,0,0,7,67,1,1,2,32:35,Buffalo Bills
15,15,16,2013-12-22,Sun,,MIA,W,19,0,,15,25,60.0,187,0,7.5,5.68,66.6,1,6,51,203,1,4.0,77,390,5.06,4,4,1,1,6,218,8,9,1,18,7,19,0,0,4,31,0,1,1,36:31,Buffalo Bills
16,16,17,2013-12-29,Sun,@,NWE,L,20,34,,16,29,55.2,224,1,7.7,8.41,91.7,4,23,35,169,1,4.8,68,393,5.78,2,2,2,2,4,169,10,8,1,19,4,13,0,3,6,54,0,0,0,27:13,Buffalo Bills
1,1,1,2013-09-08,Sun,,SEA,L,7,12,,16,23,69.6,119,1,5.2,6.04,96.1,1,6,26,134,0,5.2,50,253,5.06,0,0,1,1,5,239,8,6,3,17,5,11,0,0,4,46,2,0,2,29:46,Carolina Panthers
2,2,2,2013-09-15,Sun,@,BUF,L,23,24,,21,38,55.3,183,2,4.8,4.68,74.8,6,46,32,125,0,3.9,76,308,4.05,3,3,2,2,5,257,12,9,4,25,7,16,0,0,3,30,0,1,1,33:41,Carolina Panthers
3,3,3,2013-09-22,Sun,,NYG,W,38,0,,15,27,55.6,208,3,7.7,8.26,102.1,1,15,46,194,2,4.2,74,402,5.43,1,1,5,5,2,97,11,15,1,27,8,14,1,2,4,32,1,1,2,36:47,Carolina Panthers
4,4,5,2013-10-06,Sun,@,ARI,L,6,22,,21,39,53.8,258,0,6.6,3.15,42.5,7,50,20,95,0,4.8,66,353,5.35,2,2,0,0,4,195,15,5,1,21,5,12,0,1,9,79,1,3,4,31:04,Carolina Panthers
5,5,6,2013-10-13,Sun,@,MIN,W,35,10,,20,26,76.9,236,3,9.1,11.38,142.5,1,6,39,131,2,3.4,66,367,5.56,0,0,5,5,3,99,11,9,2,22,7,12,2,2,6,40,0,0,0,36:27,Carolina Panthers
6,6,7,2013-10-20,Sun,,STL,W,30,15,,15,17,88.2,180,1,10.6,11.76,130.4,2,24,38,102,1,2.7,57,282,4.95,3,3,3,3,3,154,9,8,4,21,2,9,0,0,7,59,0,0,0,33:20,Carolina Panthers
7,7,8,2013-10-24,Thu,@,TAM,W,31,13,,23,32,71.9,195,2,6.1,7.34,108.2,3,26,27,129,2,4.8,62,324,5.23,1,1,4,4,5,216,11,9,1,21,5,12,1,1,6,59,0,0,0,34:33,Carolina Panthers
8,8,9,2013-11-03,Sun,,ATL,W,34,10,,23,37,62.2,242,1,6.5,4.65,67.6,1,7,33,131,2,4.0,71,373,5.25,2,2,4,4,3,128,13,9,5,27,8,14,1,1,2,15,0,2,2,36:31,Carolina Panthers
9,9,10,2013-11-10,Sun,@,SFO,W,10,9,,16,32,50.0,141,0,4.4,3.00,49.1,3,28,31,109,1,3.5,66,250,3.79,2,1,1,1,7,320,11,4,0,15,7,17,0,0,3,25,1,1,2,32:03,Carolina Panthers
10,10,11,2013-11-18,Mon,,NWE,W,24,20,,19,28,67.9,197,3,7.0,9.18,123.7,3,12,23,103,0,4.5,54,300,5.56,1,1,3,3,2,87,11,6,3,20,8,11,0,0,7,47,0,0,0,29:14,Carolina Panthers
11,11,12,2013-11-24,Sun,@,MIA,W,20,16,,19,38,50.0,159,1,4.2,3.53,59.0,3,15,28,136,1,4.9,69,295,4.28,3,2,2,2,7,397,10,9,1,20,6,17,2,2,8,56,0,1,1,30:12,Carolina Panthers
12,12,13,2013-12-01,Sun,,TAM,W,27,6,,18,29,62.1,263,2,9.1,7.34,85.8,0,0,34,163,1,4.8,63,426,6.76,2,2,3,3,3,138,14,6,0,20,5,13,2,2,3,25,0,2,2,34:25,Carolina Panthers
13,13,14,2013-12-08,Sun,@,NOR,L,13,31,,22,34,64.7,111,1,3.3,3.85,79.4,5,49,23,128,0,5.6,62,239,3.85,3,2,1,1,5,227,9,7,0,16,6,15,1,1,5,35,0,0,0,32:27,Carolina Panthers
14,14,15,2013-12-15,Sun,,NYJ,W,30,20,,16,24,66.7,261,1,10.9,11.71,116.8,2,12,36,131,1,3.6,62,392,6.32,3,3,3,3,2,92,12,9,0,21,5,11,0,1,6,59,0,0,0,33:01,Carolina Panthers
15,15,16,2013-12-22,Sun,,NOR,W,17,13,,13,22,59.1,141,1,6.4,5.27,74.2,4,40,18,81,1,4.5,44,222,5.05,1,1,2,2,8,406,7,2,1,10,0,9,0,0,3,26,0,1,1,21:12,Carolina Panthers
16,16,17,2013-12-29,Sun,@,ATL,W,21,20,,15,27,55.6,149,2,5.5,5.33,80.6,1,0,29,134,0,4.6,57,283,4.96,0,0,3,3,6,292,5,9,2,16,7,15,0,0,4,38,1,1,2,25:34,Carolina Panthers
1,1,1,2013-09-08,Sun,,CIN,W,24,21,,21,33,63.6,242,2,7.3,7.18,93.2,0,0,28,81,1,2.9,61,323,5.30,1,1,3,3,5,232,12,4,1,17,6,14,1,1,4,59,0,1,1,31:30,Chicago Bears
2,2,2,2013-09-15,Sun,,MIN,W,31,30,,27,38,71.1,284,3,7.5,6.68,96.8,1,8,27,127,0,4.7,66,411,6.23,1,1,4,4,3,111,15,8,1,24,7,12,0,0,4,35,2,2,4,30:34,Chicago Bears
3,3,3,2013-09-22,Sun,@,PIT,W,40,23,,20,30,66.7,151,1,5.0,5.70,89.7,2,8,28,107,2,3.8,60,258,4.30,2,2,5,4,6,282,7,6,2,15,5,15,1,1,3,25,0,0,0,31:36,Chicago Bears
4,4,4,2013-09-29,Sun,@,DET,L,32,40,,27,47,57.4,286,2,6.1,4.06,62.9,3,31,16,131,1,8.2,66,417,6.32,3,3,1,1,5,201,13,4,1,18,1,13,2,2,4,30,1,3,4,28:11,Chicago Bears
5,5,5,2013-10-06,Sun,,NOR,L,18,26,,24,33,72.7,340,2,10.3,11.52,125.8,3,18,18,94,0,5.2,54,434,8.04,1,1,1,1,4,181,16,4,0,20,4,10,0,1,6,43,1,0,1,24:00,Chicago Bears
6,6,6,2013-10-10,Thu,,NYG,W,27,21,,24,36,66.7,262,2,7.3,8.39,106.5,0,0,29,110,0,3.8,65,372,5.72,2,2,3,3,3,110,17,7,2,26,5,11,0,1,5,51,0,0,0,32:55,Chicago Bears
7,7,7,2013-10-20,Sun,@,WAS,L,41,45,,17,28,60.7,219,1,7.8,6.93,82.3,2,13,22,140,3,6.4,52,359,6.90,3,2,5,5,3,147,10,8,3,21,2,8,0,0,5,30,0,1,1,26:04,Chicago Bears
8,8,9,2013-11-04,Mon,@,GNB,W,27,20,,22,41,53.7,271,2,6.6,7.59,90.6,1,1,33,171,1,5.2,75,442,5.89,2,2,3,3,6,210,15,10,0,25,6,14,1,1,4,45,0,0,0,33:09,Chicago Bears
9,9,10,2013-11-10,Sun,,DET,L,19,21,,27,49,55.1,300,2,6.1,6.02,78.6,2,12,20,38,0,1.9,71,338,4.76,2,2,1,1,5,213,15,1,3,19,7,17,1,2,5,39,0,1,1,31:35,Chicago Bears
10,10,11,2013-11-17,Sun,,BAL,W,23,20,OT,19,31,61.3,215,1,6.9,7.58,92.8,2,1,26,104,0,4.0,59,319,5.41,3,3,2,2,6,232,10,5,3,18,5,13,0,0,13,111,0,0,0,30:38,Chicago Bears
11,11,12,2013-11-24,Sun,@,STL,L,21,42,,36,47,76.6,344,2,7.3,7.21,101.7,1,8,26,80,1,3.1,74,424,5.73,0,0,3,3,3,121,19,7,4,30,6,10,0,1,10,84,2,1,3,36:09,Chicago Bears
12,12,13,2013-12-01,Sun,@,MIN,L,20,23,OT,23,36,63.9,345,2,9.6,10.69,113.8,4,10,25,135,0,5.4,65,480,7.38,4,2,2,2,7,249,13,7,0,20,2,11,0,0,6,51,1,0,1,34:08,Chicago Bears
13,13,14,2013-12-09,Mon,,DAL,W,45,28,,27,36,75.0,341,4,9.5,11.69,141.1,1,7,32,149,1,4.7,69,490,7.10,3,3,4,4,0,0,19,10,4,33,8,11,0,0,2,15,0,0,0,36:44,Chicago Bears
14,14,15,2013-12-15,Sun,@,CLE,W,38,31,,22,31,71.0,261,3,8.4,7.45,101.7,2,4,31,179,1,5.8,64,440,6.88,1,1,5,5,3,110,11,10,2,23,9,14,0,0,7,40,1,2,3,34:48,Chicago Bears
15,15,16,2013-12-22,Sun,@,PHI,L,11,54,,22,39,56.4,196,1,5.0,4.38,67.9,5,46,19,61,0,3.2,63,257,4.08,1,1,0,0,6,227,15,2,1,18,5,14,2,3,2,10,1,1,2,29:40,Chicago Bears
16,16,17,2013-12-29,Sun,,GNB,L,28,33,,15,24,62.5,224,2,9.3,9.13,103.5,1,2,24,121,2,5.0,49,345,7.04,0,0,4,4,4,137,8,9,0,17,5,10,0,0,5,40,1,1,2,24:51,Chicago Bears
1,1,1,2013-09-08,Sun,@,CHI,L,21,24,,26,33,78.8,277,2,8.4,6.88,96.6,1,5,21,63,1,3.0,55,340,6.18,0,0,3,3,4,193,12,5,1,18,7,11,0,0,8,84,1,2,3,28:30,Cincinnati Bengals
2,2,2,2013-09-16,Mon,,PIT,W,20,10,,25,45,55.6,280,1,6.2,6.67,81.7,0,0,34,127,1,3.7,79,407,5.15,2,2,2,2,7,326,12,8,2,22,7,17,0,1,9,84,0,0,0,35:34,Cincinnati Bengals
3,3,3,2013-09-22,Sun,,GNB,W,34,30,,20,28,71.4,215,2,7.7,7.50,102.5,4,20,24,82,2,3.4,56,297,5.30,1,0,5,4,3,131,12,5,2,19,4,11,0,0,5,43,3,1,4,28:09,Cincinnati Bengals
4,4,4,2013-09-29,Sun,@,CLE,L,6,17,,23,42,54.8,203,0,4.8,3.76,57.9,2,3,20,63,0,3.2,64,266,4.16,2,2,0,0,4,155,10,3,3,16,4,14,1,3,3,25,1,1,2,28:51,Cincinnati Bengals
5,5,5,2013-10-06,Sun,,NWE,W,13,6,,20,27,74.1,179,0,6.6,4.96,76.0,4,33,39,162,1,4.2,70,341,4.87,2,2,1,1,6,275,13,8,0,21,6,15,1,1,7,59,1,1,2,34:16,Cincinnati Bengals
6,6,6,2013-10-13,Sun,@,BUF,W,27,24,OT,26,40,65.0,318,3,8.0,8.33,104.0,3,19,41,165,0,4.0,84,483,5.75,3,2,3,3,5,206,14,9,3,26,7,18,1,1,8,78,0,1,1,42:52,Cincinnati Bengals
7,7,7,2013-10-20,Sun,@,DET,W,27,24,,24,34,70.6,364,3,10.7,12.47,134.9,1,8,18,57,0,3.2,53,421,7.94,3,2,3,3,4,189,16,1,1,18,4,10,0,0,6,50,0,0,0,25:29,Cincinnati Bengals
8,8,8,2013-10-27,Sun,,NYJ,W,49,9,,19,30,63.3,323,5,10.8,12.60,125.4,1,2,25,79,0,3.2,56,402,7.18,0,0,7,7,3,161,16,3,1,20,6,11,0,1,4,45,0,1,1,26:43,Cincinnati Bengals
9,9,9,2013-10-31,Thu,@,MIA,L,20,22,OT,32,53,60.4,302,0,5.7,3.15,52.6,5,36,35,163,2,4.7,93,465,5.00,2,2,2,2,4,154,17,10,1,28,10,20,1,1,3,63,1,3,4,40:02,Cincinnati Bengals
10,10,10,2013-11-10,Sun,@,BAL,L,17,20,OT,24,51,47.1,244,2,4.8,2.92,49.8,5,30,31,120,0,3.9,87,364,4.18,2,1,2,2,6,223,13,7,1,21,5,19,3,5,9,134,0,3,3,37:58,Cincinnati Bengals
11,11,11,2013-11-17,Sun,,CLE,W,41,20,,14,28,50.0,118,3,4.2,3.14,67.3,0,0,31,106,0,3.4,59,224,3.80,2,2,5,5,9,408,5,4,1,10,1,14,0,0,8,64,0,2,2,27:36,Cincinnati Bengals
12,12,13,2013-12-01,Sun,@,SDG,W,17,10,,14,23,60.9,190,1,8.3,7.17,83.6,0,0,38,164,1,4.3,61,354,5.80,1,1,2,2,4,222,6,13,0,19,6,12,0,0,3,30,1,1,2,29:40,Cincinnati Bengals
13,13,14,2013-12-08,Sun,,IND,W,42,28,,24,35,68.6,275,3,7.9,9.57,120.5,0,0,35,155,3,4.4,70,430,6.14,0,0,6,6,5,253,14,9,5,28,6,12,1,1,7,60,0,0,0,37:45,Cincinnati Bengals
14,14,15,2013-12-15,Sun,@,PIT,L,20,30,,25,44,56.8,222,2,5.0,5.95,85.6,1,8,22,57,1,2.6,67,279,4.16,0,0,2,2,4,166,13,5,1,19,4,14,3,5,6,50,1,0,1,28:24,Cincinnati Bengals
15,15,16,2013-12-22,Sun,,MIN,W,42,14,,27,38,71.1,345,4,9.1,11.18,134.2,2,18,37,81,1,2.2,77,426,5.53,0,0,6,6,4,160,20,4,0,24,8,14,1,2,6,55,1,0,1,39:32,Cincinnati Bengals
16,16,17,2013-12-29,Sun,,BAL,W,34,17,,21,36,58.3,281,2,7.8,3.92,62.2,0,0,30,111,1,3.7,66,392,5.94,2,2,4,4,3,108,12,7,2,21,7,13,0,0,10,76,0,4,4,33:57,Cincinnati Bengals
1,1,1,2013-09-08,Sun,,MIA,L,10,23,,26,53,49.1,244,1,4.6,2.43,44.9,6,45,13,47,0,3.6,72,291,4.04,1,1,1,1,5,225,15,2,3,20,1,14,2,4,9,57,0,3,3,27:13,Cleveland Browns
2,2,2,2013-09-15,Sun,@,BAL,L,6,14,,22,37,59.5,194,0,5.2,5.24,73.5,5,39,20,65,0,3.3,62,259,4.18,2,2,0,0,8,336,11,1,1,13,4,15,0,2,5,33,0,0,0,29:25,Cleveland Browns
3,3,3,2013-09-22,Sun,@,MIN,W,31,27,,31,55,56.4,306,4,5.6,4.56,73.7,3,26,17,103,0,6.1,75,409,5.45,1,1,4,4,5,234,18,4,1,23,6,15,2,3,5,47,1,3,4,28:52,Cleveland Browns
4,4,4,2013-09-29,Sun,,CIN,W,17,6,,25,38,65.8,247,2,6.5,7.55,101.5,3,22,30,89,0,3.0,71,336,4.73,3,1,2,2,5,214,14,4,0,18,9,18,0,0,5,80,0,0,0,31:09,Cleveland Browns
5,5,5,2013-10-03,Thu,,BUF,W,37,24,,15,28,53.6,199,1,7.1,7.82,88.2,5,23,32,91,1,2.8,65,290,4.46,3,3,4,4,6,276,11,6,2,19,7,17,0,0,6,66,0,0,0,32:23,Cleveland Browns
6,6,6,2013-10-13,Sun,,DET,L,17,31,,26,43,60.5,269,2,6.3,5.09,74.7,2,23,21,126,0,6.0,66,395,5.98,1,1,2,2,6,284,14,8,1,23,5,14,1,1,9,87,0,2,2,26:31,Cleveland Browns
7,7,7,2013-10-20,Sun,@,GNB,L,13,31,,17,42,40.5,133,1,3.2,2.57,47.0,3,16,23,83,0,3.6,68,216,3.18,2,2,1,1,3,133,9,5,3,17,7,18,2,5,12,106,0,1,1,26:38,Cleveland Browns
8,8,8,2013-10-27,Sun,@,KAN,L,17,23,,22,36,61.1,283,2,7.9,8.97,104.3,1,10,15,57,0,3.8,52,340,6.54,1,1,2,2,6,280,9,4,0,13,3,12,1,2,9,70,1,0,1,23:55,Cleveland Browns
9,9,9,2013-11-03,Sun,,BAL,W,24,18,,24,37,64.9,242,3,6.5,8.16,110.4,2,18,29,73,0,2.5,68,315,4.63,1,1,3,3,7,337,11,4,4,19,4,15,2,2,6,55,1,0,1,30:50,Cleveland Browns
10,10,11,2013-11-17,Sun,@,CIN,L,20,41,,27,56,48.2,228,1,4.1,2.02,42.9,4,20,19,102,0,5.4,79,330,4.18,2,2,2,2,7,231,10,3,2,15,4,18,1,4,5,40,1,3,4,32:24,Cleveland Browns
11,11,12,2013-11-24,Sun,,PIT,L,11,27,,27,52,51.9,312,1,6.0,5.52,68.7,5,21,16,55,0,3.4,73,367,5.03,2,1,0,0,5,195,15,4,0,19,6,17,1,2,2,10,3,1,4,26:21,Cleveland Browns
12,12,13,2013-12-01,Sun,,JAX,L,28,32,,24,40,60.0,342,3,8.6,7.80,91.9,3,28,30,97,1,3.2,73,439,6.01,1,0,4,4,4,158,13,9,2,24,6,13,1,1,9,50,1,2,3,29:24,Cleveland Browns
13,13,14,2013-12-08,Sun,@,NWE,L,26,27,,29,44,65.9,386,3,8.8,10.14,116.3,1,5,25,108,0,4.3,70,494,7.06,3,2,2,2,6,259,17,5,2,24,7,15,0,0,7,75,0,0,0,31:40,Cleveland Browns
14,14,15,2013-12-15,Sun,,CHI,L,31,38,,23,39,59.0,273,1,7.0,5.21,67.6,0,0,17,93,1,5.5,56,366,6.54,1,1,4,4,5,211,12,7,1,20,3,9,0,0,9,90,0,2,2,25:12,Cleveland Browns
15,15,16,2013-12-22,Sun,@,NYJ,L,13,24,,18,40,45.0,168,0,4.2,1.95,36.2,3,10,21,115,1,5.5,64,283,4.42,2,2,1,1,3,148,11,7,1,19,5,12,1,2,3,24,0,2,2,27:17,Cleveland Browns
16,16,17,2013-12-29,Sun,@,PIT,L,7,20,,23,41,56.1,214,1,5.2,4.61,68.5,3,26,20,79,0,4.0,64,293,4.58,0,0,1,1,5,192,10,4,1,15,6,15,0,3,3,30,1,1,2,29:43,Cleveland Browns
1,1,1,2013-09-08,Sun,,NYG,W,36,31,,36,49,73.5,244,2,5.0,4.88,89.2,2,19,23,87,0,3.8,74,331,4.47,3,3,3,3,6,275,17,3,2,22,5,15,0,0,5,40,0,1,1,37:10,Dallas Cowboys
2,2,2,2013-09-15,Sun,@,KAN,L,16,17,,30,42,71.4,281,1,6.7,7.17,97.4,3,17,16,37,0,2.3,61,318,5.21,3,3,1,1,4,200,15,3,2,20,3,11,0,0,5,27,2,0,2,31:47,Dallas Cowboys
3,3,3,2013-09-22,Sun,,STL,W,31,7,,17,24,70.8,203,3,8.5,10.96,135.9,1,7,34,193,1,5.7,59,396,6.71,2,1,4,4,4,195,12,8,1,21,5,11,0,0,6,72,1,0,1,33:28,Dallas Cowboys
4,4,4,2013-09-29,Sun,@,SDG,L,21,30,,27,37,73.0,227,2,6.1,7.22,106.5,3,19,16,92,0,5.8,56,319,5.70,1,0,3,3,5,203,15,3,3,21,3,9,0,0,5,33,1,0,1,25:57,Dallas Cowboys
5,5,5,2013-10-06,Sun,,DEN,L,48,51,,25,36,69.4,470,5,13.1,14.58,140.0,4,36,14,52,1,3.7,54,522,9.67,2,2,4,4,1,51,20,3,1,24,4,6,0,0,9,81,1,1,2,27:26,Dallas Cowboys
6,6,6,2013-10-13,Sun,,WAS,W,31,16,,18,30,60.0,165,1,5.5,4.67,72.2,1,5,19,48,2,2.5,50,213,4.26,1,1,4,4,5,226,8,7,3,18,5,12,0,0,7,80,0,1,1,25:28,Dallas Cowboys
7,7,7,2013-10-20,Sun,@,PHI,W,17,3,,28,47,59.6,294,1,6.3,4.77,67.2,2,23,26,74,1,2.8,75,368,4.91,1,1,2,2,9,347,18,2,2,22,5,16,0,0,12,75,0,2,2,36:13,Dallas Cowboys
8,8,8,2013-10-27,Sun,@,DET,L,30,31,,14,30,46.7,206,3,6.9,8.87,102.9,0,0,26,62,0,2.4,56,268,4.79,3,3,3,3,7,313,8,3,2,13,3,13,0,0,2,31,0,0,0,24:49,Dallas Cowboys
9,9,9,2013-11-03,Sun,,MIN,W,27,23,,34,51,66.7,314,2,6.2,6.06,88.2,3,23,9,36,0,4.0,63,350,5.56,2,2,3,3,5,222,16,3,1,20,5,14,0,0,5,45,0,1,1,28:33,Dallas Cowboys
10,10,10,2013-11-10,Sun,@,NOR,L,17,49,,10,24,41.7,104,1,4.3,5.17,68.7,3,24,16,89,1,5.6,43,193,4.49,1,1,2,2,8,403,4,4,1,9,0,9,0,0,11,82,0,0,0,20:28,Dallas Cowboys
11,11,12,2013-11-24,Sun,@,NYG,W,24,21,,23,38,60.5,204,2,5.4,5.24,81.5,4,30,20,107,0,5.4,62,311,5.02,1,1,3,3,7,313,15,4,5,24,4,11,0,0,11,85,0,1,1,29:21,Dallas Cowboys
12,12,13,2013-11-28,Thu,,OAK,W,31,24,,23,32,71.9,208,1,6.5,7.13,99.5,2,17,30,144,3,4.8,64,352,5.50,1,1,4,4,5,238,10,10,3,23,7,13,0,0,6,40,1,0,1,32:19,Dallas Cowboys
13,13,14,2013-12-09,Mon,@,CHI,L,28,45,,14,25,56.0,130,3,5.2,7.60,110.0,2,14,28,198,1,7.1,55,328,5.96,0,0,4,4,3,112,11,13,0,24,5,10,1,2,4,50,0,0,0,23:16,Dallas Cowboys
14,14,15,2013-12-15,Sun,,GNB,L,36,37,,29,48,60.4,332,2,6.9,5.88,77.8,3,26,18,134,1,7.4,69,466,6.75,5,5,3,3,2,103,17,6,4,27,2,9,0,0,7,79,0,2,2,31:42,Dallas Cowboys
15,15,16,2013-12-22,Sun,@,WAS,W,24,23,,17,27,63.0,214,2,7.9,7.74,96.8,2,12,23,95,1,4.1,52,309,5.94,1,1,3,3,3,155,11,4,1,16,4,10,2,2,6,42,1,1,2,26:13,Dallas Cowboys
16,16,17,2013-12-29,Sun,,PHI,L,22,24,,30,46,65.2,358,2,7.8,6.70,85.2,0,0,18,56,0,3.1,64,414,6.47,3,3,1,1,3,111,16,4,1,21,3,11,1,2,1,5,1,2,3,30:17,Dallas Cowboys
1,1,1,2013-09-05,Thu,,BAL,W,49,27,,27,42,64.3,445,7,10.6,13.93,139.4,3,17,23,65,0,2.8,68,510,7.50,0,0,7,7,7,319,20,2,2,24,8,15,0,0,8,61,2,0,2,26:12,Denver Broncos
2,2,2,2013-09-15,Sun,@,NYG,W,41,23,,30,43,69.8,307,2,7.1,8.07,105.5,0,0,29,107,2,3.7,72,414,5.75,2,2,5,5,5,210,18,5,0,23,8,15,0,0,13,132,1,0,1,28:02,Denver Broncos
3,3,3,2013-09-23,Mon,,OAK,W,37,21,,32,37,86.5,372,3,10.1,11.68,135.6,1,2,35,164,1,4.7,73,536,7.34,3,3,4,4,1,37,20,9,2,31,5,9,0,0,5,40,2,0,2,35:24,Denver Broncos
4,4,4,2013-09-29,Sun,,PHI,W,52,20,,30,37,81.1,331,4,8.9,11.11,140.0,1,6,33,141,1,4.3,71,472,6.65,1,1,7,7,2,92,19,11,5,35,5,8,0,0,2,25,0,0,0,33:22,Denver Broncos
5,5,5,2013-10-06,Sun,@,DAL,W,51,48,,33,42,78.6,414,4,9.9,10.69,129.6,0,0,31,103,2,3.3,73,517,7.08,3,3,6,6,0,0,20,9,5,34,9,13,0,0,5,55,1,1,2,32:34,Denver Broncos
6,6,6,2013-10-13,Sun,,JAX,W,35,19,,28,42,66.7,295,2,7.0,6.90,92.9,0,0,29,112,3,3.9,71,407,5.73,0,0,5,5,3,129,14,8,4,26,7,13,1,1,4,31,2,1,3,28:45,Denver Broncos
7,7,7,2013-10-20,Sun,@,IND,L,33,39,,29,49,59.2,365,3,7.4,7.76,94.3,4,21,20,64,1,3.2,73,429,5.88,2,2,3,3,7,331,19,2,2,23,5,16,1,1,12,103,2,1,3,28:13,Denver Broncos
8,8,8,2013-10-27,Sun,,WAS,W,45,21,,30,44,68.2,339,4,7.7,6.45,92.9,2,15,34,107,1,3.1,80,446,5.58,1,1,6,6,3,147,23,6,0,29,4,12,2,2,6,57,1,3,4,32:00,Denver Broncos
9,9,10,2013-11-10,Sun,@,SDG,W,28,20,,25,36,69.4,313,4,8.7,10.92,133.2,2,17,22,84,0,3.8,60,397,6.62,0,0,4,4,5,233,17,5,0,22,3,8,0,0,3,28,1,0,1,21:57,Denver Broncos
10,10,11,2013-11-17,Sun,,KAN,W,27,17,,24,40,60.0,323,1,8.1,8.58,94.1,0,0,36,104,2,2.9,76,427,5.62,3,2,3,3,6,275,15,6,3,24,6,16,0,0,13,82,1,0,1,29:53,Denver Broncos
11,11,12,2013-11-24,Sun,@,NWE,L,31,34,OT,19,36,52.8,132,2,3.7,3.53,68.3,2,18,48,280,1,5.8,86,412,4.79,1,1,4,4,8,325,11,15,2,28,9,18,0,0,9,85,3,1,4,38:58,Denver Broncos
12,12,13,2013-12-01,Sun,@,KAN,W,35,28,,22,35,62.9,403,5,11.5,11.80,118.2,0,0,31,132,0,4.3,66,535,8.11,0,0,5,5,3,132,17,6,2,25,8,14,0,0,10,75,0,2,2,28:04,Denver Broncos
13,13,14,2013-12-08,Sun,,TEN,W,51,28,,39,59,66.1,397,4,6.7,8.08,107.8,0,0,32,154,2,4.8,91,551,6.05,3,3,6,6,2,65,25,9,5,39,5,13,3,3,7,60,0,0,0,39:20,Denver Broncos
14,14,15,2013-12-12,Thu,,SDG,L,20,27,,27,41,65.9,277,2,6.8,6.63,91.2,1,12,11,18,0,1.6,53,295,5.57,2,2,2,2,4,186,16,1,2,19,2,9,1,1,6,43,0,1,1,21:11,Denver Broncos
15,15,16,2013-12-22,Sun,@,HOU,W,37,13,,32,51,62.7,397,4,7.8,9.35,112.9,1,3,18,114,0,6.3,70,511,7.30,3,3,4,4,6,292,20,4,1,25,2,11,0,1,8,67,0,0,0,28:53,Denver Broncos
16,16,17,2013-12-29,Sun,@,OAK,W,34,14,,34,41,82.9,334,4,8.1,10.10,133.1,3,17,29,124,0,4.3,73,458,6.27,2,2,4,4,4,120,19,9,0,28,9,15,0,0,6,56,0,0,0,35:29,Denver Broncos
1,1,1,2013-09-08,Sun,,MIN,W,34,24,,28,43,65.1,357,2,8.3,8.19,96.8,0,0,34,112,2,3.3,77,469,6.09,2,2,4,4,4,152,16,10,2,28,5,13,0,1,11,88,1,1,2,36:19,Detroit Lions
2,2,2,2013-09-15,Sun,@,ARI,L,21,25,,24,36,66.7,273,2,7.6,8.69,107.8,1,5,20,49,0,2.5,57,322,5.65,2,0,3,3,5,261,11,4,1,16,3,11,0,1,8,101,1,0,1,28:41,Detroit Lions
3,3,3,2013-09-22,Sun,@,WAS,W,27,20,,25,42,59.5,378,2,9.0,8.88,95.1,1,7,23,63,1,2.7,66,441,6.68,2,2,3,3,6,315,18,4,2,24,4,13,1,1,8,71,0,1,1,28:48,Detroit Lions
4,4,4,2013-09-29,Sun,,CHI,W,40,32,,23,35,65.7,228,1,6.5,5.80,81.6,1,14,30,159,2,5.3,66,387,5.86,4,4,4,4,3,150,13,10,0,23,2,10,0,0,3,25,2,1,3,31:49,Detroit Lions
5,5,5,2013-10-06,Sun,@,GNB,L,9,22,,25,40,62.5,222,1,5.6,6.05,85.6,5,40,19,64,0,3.4,64,286,4.47,1,1,0,0,6,311,12,5,2,19,7,15,0,1,7,50,0,0,0,27:41,Detroit Lions
6,6,6,2013-10-13,Sun,@,CLE,W,31,17,,25,43,58.1,248,4,5.8,6.58,95.9,1,0,28,118,0,4.2,72,366,5.08,1,1,4,4,5,229,15,6,3,24,8,14,0,0,8,65,0,1,1,33:29,Detroit Lions
7,7,7,2013-10-20,Sun,,CIN,L,24,27,,28,51,54.9,357,3,7.0,8.18,96.6,0,0,25,77,0,3.1,76,434,5.71,2,1,3,3,4,173,19,3,0,22,13,19,0,0,4,30,0,0,0,34:31,Detroit Lions
8,8,8,2013-10-27,Sun,,DAL,W,31,30,,33,48,68.8,480,1,10.0,8.54,90.6,1,8,29,143,3,4.9,78,623,7.99,1,1,4,4,4,203,17,11,1,29,3,11,1,2,8,61,2,2,4,35:11,Detroit Lions
9,9,10,2013-11-10,Sun,@,CHI,W,21,19,,18,35,51.4,219,3,6.3,6.69,87.7,0,0,26,145,0,5.6,61,364,5.97,1,0,3,3,4,178,13,6,2,21,5,12,0,1,5,51,0,1,1,28:25,Detroit Lions
10,10,11,2013-11-17,Sun,@,PIT,L,27,37,,19,46,41.3,344,2,7.5,7.37,73.1,2,18,25,107,1,4.3,73,451,6.18,2,2,3,3,3,152,14,6,1,21,6,16,1,4,8,45,2,1,3,27:44,Detroit Lions
11,11,12,2013-11-24,Sun,,TAM,L,21,24,,26,46,56.5,286,3,6.2,3.61,60.6,2,11,24,104,0,4.3,72,390,5.42,0,0,3,3,4,151,16,4,5,25,8,15,1,1,5,39,1,4,5,33:22,Detroit Lions
12,12,13,2013-11-28,Thu,,GNB,W,40,10,,22,35,62.9,320,3,9.1,8.29,97.3,1,10,43,241,2,5.6,79,561,7.10,2,1,5,5,1,33,16,14,0,30,9,12,0,0,5,50,2,2,4,40:26,Detroit Lions
13,13,14,2013-12-08,Sun,@,PHI,L,20,34,,10,25,40.0,151,0,6.0,6.04,60.6,0,0,33,80,1,2.4,58,231,3.98,0,0,1,0,6,236,7,4,0,11,5,15,1,2,9,48,3,0,3,28:33,Detroit Lions
14,14,15,2013-12-16,Mon,,BAL,L,16,18,,18,34,52.9,230,1,6.8,3.38,47.4,1,5,28,119,1,4.3,63,349,5.54,1,1,1,1,5,230,12,6,1,19,4,13,0,0,8,89,0,3,3,32:25,Detroit Lions
15,15,16,2013-12-22,Sun,,NYG,L,20,23,OT,25,42,59.5,207,0,4.9,2.79,52.4,2,15,36,148,2,4.1,80,355,4.44,1,1,1,1,6,270,13,9,2,24,8,17,0,0,7,60,1,2,3,37:45,Detroit Lions
16,16,17,2013-12-29,Sun,@,MIN,L,13,14,,22,33,66.7,182,1,5.5,6.12,90.7,5,35,22,63,0,2.9,60,245,4.08,2,2,1,1,7,355,9,4,1,14,5,15,0,0,6,52,0,0,0,32:37,Detroit Lions
1,1,1,2013-09-08,Sun,@,SFO,L,28,34,,21,37,56.8,322,3,8.7,9.11,101.4,2,11,19,63,1,3.3,58,385,6.64,0,0,4,4,6,277,16,5,2,23,4,10,0,0,5,44,1,1,2,21:25,Green Bay Packers
2,2,2,2013-09-15,Sun,,WAS,W,38,20,,34,42,81.0,441,4,10.5,12.40,142.2,4,39,24,139,1,5.8,70,580,8.29,1,1,5,5,3,121,18,10,0,28,4,10,1,1,4,40,1,0,1,32:29,Green Bay Packers
3,3,3,2013-09-22,Sun,@,CIN,L,30,34,,26,43,60.5,217,1,5.0,3.42,61.9,4,27,30,182,1,6.1,77,399,5.18,3,3,3,3,3,130,12,11,4,27,4,13,0,2,4,55,2,2,4,31:51,Green Bay Packers
4,4,5,2013-10-06,Sun,,DET,W,22,9,,20,30,66.7,269,1,9.0,9.63,106.1,1,5,33,180,0,5.5,64,449,7.02,5,5,1,1,3,141,11,3,2,16,7,16,0,0,10,72,0,0,0,32:19,Green Bay Packers
5,5,6,2013-10-13,Sun,@,BAL,W,19,17,,17,32,53.1,298,1,9.3,8.53,82.6,3,17,30,140,0,4.7,65,438,6.74,5,4,1,1,6,329,9,6,0,15,6,17,0,0,8,55,1,1,2,31:22,Green Bay Packers
6,6,7,2013-10-20,Sun,,CLE,W,31,13,,25,36,69.4,253,3,7.0,8.69,117.0,1,7,29,104,1,3.6,66,357,5.41,2,1,4,4,3,90,14,7,5,26,7,13,0,0,10,97,0,0,0,33:22,Green Bay Packers
7,7,8,2013-10-27,Sun,@,MIN,W,44,31,,24,29,82.8,282,2,9.7,11.10,130.2,2,3,42,182,2,4.3,73,464,6.36,3,3,5,5,0,0,13,11,2,26,13,18,2,2,6,120,0,0,0,40:54,Green Bay Packers
8,8,9,2013-11-04,Mon,,CHI,L,20,27,,12,21,57.1,113,0,5.4,3.24,52.3,5,28,29,199,2,6.9,55,312,5.67,2,2,2,2,6,250,6,9,2,17,1,9,0,0,0,0,0,1,1,26:51,Green Bay Packers
9,9,10,2013-11-10,Sun,,PHI,L,13,27,,29,44,65.9,297,1,6.8,5.16,73.8,1,8,30,99,0,3.3,75,396,5.28,4,2,1,1,2,96,13,8,2,23,7,16,1,2,5,31,0,2,2,34:24,Green Bay Packers
10,10,11,2013-11-17,Sun,@,NYG,L,13,27,,24,34,70.6,339,0,10.0,6.00,65.7,0,0,20,55,1,2.8,54,394,7.30,2,2,1,1,4,180,13,3,0,16,2,8,0,1,5,38,0,3,3,24:46,Green Bay Packers
11,11,12,2013-11-24,Sun,,MIN,T,26,26,OT,28,53,52.8,298,1,5.6,6.00,75.8,2,18,34,196,2,5.8,89,494,5.55,2,2,2,2,8,326,16,11,3,30,3,16,2,2,7,50,0,0,0,34:27,Green Bay Packers
12,12,13,2013-11-28,Thu,@,DET,L,10,40,,10,20,50.0,102,0,5.1,2.85,44.2,7,37,15,24,0,1.6,42,126,3.00,1,1,1,1,6,287,6,0,1,7,2,10,0,0,3,25,2,1,3,19:34,Green Bay Packers
13,13,14,2013-12-08,Sun,,ATL,W,22,21,,24,32,75.0,222,1,6.9,6.16,90.9,5,36,33,112,1,3.4,70,334,4.77,3,3,1,1,3,142,12,7,1,20,7,15,0,0,2,10,1,1,2,33:32,Green Bay Packers
14,14,15,2013-12-15,Sun,@,DAL,W,37,36,,26,39,66.7,283,4,7.3,8.15,111.4,2,16,27,150,1,5.6,68,433,6.37,1,1,4,4,4,197,16,8,2,26,7,13,0,0,7,59,0,1,1,28:18,Green Bay Packers
15,15,16,2013-12-22,Sun,,PIT,L,31,38,,21,39,53.8,219,1,5.6,4.97,68.2,3,13,30,151,3,5.0,72,370,5.14,1,1,4,4,5,208,12,11,3,26,6,14,0,0,9,90,1,1,2,33:20,Green Bay Packers
16,16,17,2013-12-29,Sun,@,CHI,W,33,28,,25,39,64.1,313,2,8.0,6.74,84.7,3,5,34,160,1,4.7,76,473,6.22,2,2,3,3,2,80,14,9,2,25,9,18,3,3,1,15,0,2,2,35:09,Green Bay Packers
1,1,1,2013-09-09,Mon,@,SDG,W,31,28,,34,45,75.6,329,3,7.3,7.64,108.5,2,17,28,120,0,4.3,75,449,5.99,2,1,4,4,3,135,19,5,2,26,6,13,1,2,7,73,0,1,1,36:31,Houston Texans
2,2,2,2013-09-15,Sun,,TEN,W,30,24,OT,26,48,54.2,280,3,5.8,5.21,75.0,2,18,28,172,1,6.1,78,452,5.79,3,0,2,2,7,338,15,9,1,25,6,17,0,0,5,40,0,2,2,33:14,Houston Texans
3,3,3,2013-09-22,Sun,@,BAL,L,9,30,,25,35,71.4,170,0,4.9,3.57,69.9,3,24,23,94,0,4.1,61,264,4.33,3,3,0,0,5,252,11,5,2,18,3,12,0,1,14,113,0,1,1,30:36,Houston Texans
4,4,4,2013-09-29,Sun,,SEA,L,20,23,OT,31,49,63.3,325,2,6.6,5.61,79.0,4,30,35,151,0,4.3,88,476,5.41,2,2,2,2,7,317,20,7,2,29,6,17,0,0,6,86,1,2,3,39:53,Houston Texans
5,5,5,2013-10-06,Sun,@,SFO,L,3,34,,22,40,55.0,182,0,4.6,1.18,35.6,1,6,30,131,0,4.4,71,313,4.41,2,1,0,0,3,151,9,7,1,17,6,16,2,3,7,52,1,3,4,33:52,Houston Texans
6,6,6,2013-10-13,Sun,,STL,L,13,38,,27,38,71.1,267,0,7.0,4.66,68.6,5,17,30,153,1,5.1,73,420,5.75,2,2,1,1,2,78,13,9,5,27,6,14,2,3,7,95,2,2,4,35:10,Houston Texans
7,7,7,2013-10-20,Sun,@,KAN,L,16,17,,15,25,60.0,221,1,8.8,9.64,102.2,5,50,24,73,0,3.0,54,294,5.44,3,3,1,1,5,249,10,4,0,14,4,12,0,0,4,40,1,0,1,27:48,Houston Texans
8,8,9,2013-11-03,Sun,,IND,L,24,27,,20,34,58.8,340,3,10.0,11.76,122.2,1,10,33,143,0,4.3,68,483,7.10,4,1,3,3,4,164,16,6,0,22,6,14,0,1,5,86,0,0,0,36:12,Houston Texans
9,9,10,2013-11-10,Sun,@,ARI,L,24,27,,22,43,51.2,159,3,3.7,5.09,83.4,3,42,21,76,0,3.6,67,235,3.51,2,1,3,3,7,412,15,2,0,17,6,16,0,1,7,53,1,0,1,28:52,Houston Texans
10,10,11,2013-11-17,Sun,,OAK,L,23,28,,25,49,51.0,304,1,6.2,5.69,68.7,2,21,21,90,0,4.3,72,394,5.47,3,3,2,2,9,442,10,3,1,14,2,16,0,1,9,50,1,1,2,28:29,Houston Texans
11,11,12,2013-11-24,Sun,,JAX,L,6,13,,18,34,52.9,141,0,4.1,2.82,51.2,2,28,21,77,0,3.7,57,218,3.82,2,2,0,0,7,314,5,5,1,11,4,15,0,1,2,22,0,1,1,26:19,Houston Texans
12,12,13,2013-12-01,Sun,,NWE,L,31,34,,15,30,50.0,264,0,8.8,7.30,66.5,1,8,28,121,4,4.3,59,385,6.53,1,1,4,4,3,134,11,8,0,19,5,11,0,1,2,25,0,1,1,26:14,Houston Texans
13,13,14,2013-12-05,Thu,@,JAX,L,20,27,,33,58,56.9,323,2,5.6,4.71,69.8,3,34,19,83,0,4.4,80,406,5.08,2,2,2,2,5,219,19,3,1,23,8,17,1,2,14,177,0,2,2,35:22,Houston Texans
14,14,15,2013-12-15,Sun,@,IND,L,3,25,,18,34,52.9,132,0,3.9,1.24,37.9,4,36,25,107,0,4.3,63,239,3.79,1,1,0,0,8,396,6,6,0,12,5,15,0,1,14,114,0,2,2,26:49,Houston Texans
15,15,16,2013-12-22,Sun,,DEN,L,13,37,,18,37,48.6,153,1,4.1,2.24,46.3,3,23,26,87,0,3.3,66,240,3.64,2,2,1,1,8,359,8,5,1,14,6,16,0,0,4,57,0,2,2,31:07,Houston Texans
16,16,17,2013-12-29,Sun,@,TEN,L,10,16,,22,34,64.7,223,0,6.6,3.91,58.8,1,6,22,65,1,3.0,57,288,5.05,1,1,1,1,5,229,11,6,2,19,4,10,0,0,5,55,2,2,4,27:45,Houston Texans
1,1,1,2013-09-08,Sun,,OAK,W,21,17,,18,23,78.3,147,2,6.4,8.13,122.3,4,31,26,127,1,4.9,53,274,5.17,0,0,3,3,3,117,9,7,2,18,6,10,0,1,3,31,0,0,0,27:13,Indianapolis Colts
2,2,2,2013-09-15,Sun,,MIA,L,20,24,,25,43,58.1,315,1,7.3,6.74,79.1,3,6,26,133,1,5.1,72,448,6.22,3,2,2,2,4,206,14,9,0,23,7,15,0,1,3,13,0,1,1,30:34,Indianapolis Colts
3,3,3,2013-09-22,Sun,@,SFO,W,27,7,,17,26,65.4,152,0,5.8,5.85,80.9,1,7,40,184,3,4.6,67,336,5.01,3,2,3,3,4,192,9,9,5,23,5,12,0,0,1,10,0,0,0,36:25,Indianapolis Colts
4,4,4,2013-09-29,Sun,@,JAX,W,37,3,,23,38,60.5,280,2,7.4,7.24,89.8,2,14,30,157,1,5.2,70,437,6.24,3,3,4,4,3,138,16,8,2,26,6,13,0,0,7,58,0,1,1,36:38,Indianapolis Colts
5,5,5,2013-10-06,Sun,,SEA,W,34,28,,16,29,55.2,208,2,7.2,8.55,100.9,2,21,29,109,1,3.8,60,317,5.28,2,2,2,2,3,93,12,6,2,20,7,12,0,0,3,35,2,0,2,28:38,Indianapolis Colts
6,6,6,2013-10-14,Mon,@,SDG,L,9,19,,18,30,60.0,193,0,6.4,4.93,65.0,1,9,17,74,0,4.4,48,267,5.56,3,3,0,0,5,203,9,3,0,12,2,10,0,0,5,28,0,1,1,21:29,Indianapolis Colts
7,7,7,2013-10-20,Sun,,DEN,W,39,33,,21,38,55.3,213,3,5.6,7.18,97.8,2,15,31,121,1,3.9,71,334,4.70,3,3,4,4,9,440,11,5,3,19,5,17,0,0,6,52,1,0,1,31:47,Indianapolis Colts
8,8,9,2013-11-03,Sun,@,HOU,W,27,24,,18,40,45.0,245,3,6.1,7.63,90.1,4,26,14,69,0,4.9,58,314,5.41,3,2,1,1,5,222,11,3,3,17,4,13,0,0,3,15,0,0,0,23:48,Indianapolis Colts
9,9,10,2013-11-10,Sun,,STL,L,8,38,,31,52,59.6,388,1,7.5,4.38,57.2,3,33,14,18,0,1.3,69,406,5.88,0,0,0,0,6,298,18,0,3,21,2,12,0,2,2,20,1,4,5,29:22,Indianapolis Colts
10,10,11,2013-11-14,Thu,@,TEN,W,30,27,,23,36,63.9,229,0,6.4,6.36,81.8,1,3,32,137,3,4.3,69,366,5.30,3,3,3,3,3,111,12,10,2,24,6,13,0,0,5,51,0,0,0,32:23,Indianapolis Colts
11,11,12,2013-11-24,Sun,@,ARI,L,11,40,,20,39,51.3,159,1,4.1,3.44,59.7,1,4,15,80,0,5.3,55,239,4.35,1,1,0,0,5,223,9,4,2,15,5,13,0,2,6,89,0,1,1,23:11,Indianapolis Colts
12,12,13,2013-12-01,Sun,,TEN,W,22,14,,17,32,53.1,160,0,5.0,3.59,54.2,5,40,25,104,1,4.2,62,264,4.26,5,5,1,1,5,227,8,7,3,18,3,14,1,1,7,50,0,1,1,26:05,Indianapolis Colts
13,13,14,2013-12-08,Sun,@,CIN,L,28,42,,29,46,63.0,326,4,7.1,8.83,113.1,0,0,12,63,0,5.3,58,389,6.71,1,0,4,4,7,333,17,2,2,21,2,10,0,0,6,47,0,0,0,22:15,Indianapolis Colts
14,14,15,2013-12-15,Sun,,HOU,W,25,3,,19,32,59.4,179,2,5.6,5.44,82.7,1,1,36,152,0,4.2,69,331,4.80,3,3,2,2,6,258,9,6,4,19,5,15,0,1,4,36,0,1,1,33:11,Indianapolis Colts
15,15,16,2013-12-22,Sun,@,KAN,W,23,7,,26,37,70.3,232,1,6.3,6.81,95.8,1,9,34,135,1,4.0,72,367,5.10,4,3,2,2,4,201,10,5,4,19,7,18,1,1,3,31,0,0,0,38:20,Indianapolis Colts
16,16,17,2013-12-29,Sun,,JAX,W,30,10,,29,41,70.7,299,1,7.3,7.78,99.5,1,8,28,80,2,2.9,70,379,5.41,3,3,3,3,5,237,17,4,2,23,8,16,1,1,2,10,0,0,0,33:40,Indianapolis Colts
1,1,1,2013-09-08,Sun,,KAN,L,2,28,,19,41,46.3,107,0,2.6,0.41,32.9,6,50,23,71,0,3.1,70,178,2.54,0,0,0,0,11,556,9,3,0,12,5,19,0,1,5,30,0,2,2,28:30,Jacksonville Jaguars
2,2,2,2013-09-15,Sun,@,OAK,L,9,19,,25,38,65.8,214,1,5.6,6.16,89.1,5,27,19,34,0,1.8,62,248,4.00,1,1,0,0,8,349,12,3,0,15,7,17,1,1,10,70,0,0,0,28:12,Jacksonville Jaguars
3,3,3,2013-09-22,Sun,@,SEA,L,17,45,,18,38,47.4,214,0,5.6,3.26,43.1,3,21,25,51,2,2.0,66,265,4.02,1,1,2,2,7,299,10,6,1,17,4,14,1,1,4,45,1,2,3,27:25,Jacksonville Jaguars
4,4,4,2013-09-29,Sun,,IND,L,3,37,,17,32,53.1,165,0,5.2,0.94,28.8,4,14,18,40,0,2.2,54,205,3.80,1,1,0,0,6,290,10,0,4,14,2,11,0,1,9,65,0,3,3,23:22,Jacksonville Jaguars
5,5,5,2013-10-06,Sun,@,STL,L,20,34,,16,32,50.0,267,2,8.3,6.78,73.3,2,3,25,96,0,3.8,59,363,6.15,2,2,2,2,5,241,11,5,0,16,3,12,0,2,4,45,1,2,3,24:41,Jacksonville Jaguars
6,6,6,2013-10-13,Sun,@,DEN,L,19,35,,27,42,64.3,291,0,6.9,4.79,64.7,2,12,27,71,1,2.6,71,362,5.10,2,2,1,1,3,135,15,4,1,20,5,14,0,3,7,62,0,2,2,31:15,Jacksonville Jaguars
7,7,7,2013-10-20,Sun,,SDG,L,6,24,,23,36,63.9,275,0,7.6,6.39,75.6,6,43,17,78,0,4.6,59,353,5.98,2,2,0,0,3,150,12,5,1,18,3,11,1,3,6,45,0,1,1,22:30,Jacksonville Jaguars
8,8,8,2013-10-27,Sun,,SFO,L,10,42,,29,45,64.4,228,1,5.1,5.51,84.3,0,0,25,90,0,3.6,70,318,4.54,1,1,1,1,4,178,10,8,2,20,4,14,3,5,6,76,1,0,1,31:31,Jacksonville Jaguars
9,9,10,2013-11-10,Sun,@,TEN,W,29,27,,14,23,60.9,160,0,7.0,3.04,45.6,3,20,30,54,2,1.8,56,214,3.82,2,2,3,3,7,304,8,4,1,13,3,12,0,0,4,19,0,2,2,29:24,Jacksonville Jaguars
10,10,11,2013-11-17,Sun,,ARI,L,14,27,,27,42,64.3,242,1,5.8,4.10,67.8,2,13,16,32,1,2.0,60,274,4.57,1,0,2,2,8,382,9,3,2,14,2,14,2,3,6,40,0,2,2,24:07,Jacksonville Jaguars
11,11,12,2013-11-24,Sun,@,HOU,W,13,6,,23,33,69.7,215,0,6.5,6.52,87.3,4,24,28,118,1,4.2,65,333,5.12,3,2,1,1,6,259,11,4,1,16,7,17,1,1,7,63,0,0,0,33:41,Jacksonville Jaguars
12,12,13,2013-12-01,Sun,@,CLE,W,32,28,,23,41,56.1,202,3,4.9,5.29,83.6,2,1,29,112,0,3.9,72,314,4.36,3,3,3,3,7,306,13,7,2,22,7,16,0,0,5,35,0,1,1,30:36,Jacksonville Jaguars
13,13,14,2013-12-05,Thu,,HOU,W,27,20,,13,28,46.4,132,3,4.7,6.86,96.1,1,6,28,149,0,5.3,57,281,4.93,2,2,3,3,8,341,7,4,7,18,4,14,0,0,8,57,0,0,0,24:38,Jacksonville Jaguars
14,14,15,2013-12-15,Sun,,BUF,L,20,27,,21,36,58.3,195,2,5.4,4.03,68.6,5,42,31,159,0,5.1,72,354,4.92,2,2,2,2,3,136,11,9,2,22,8,15,0,1,6,80,2,2,4,27:25,Jacksonville Jaguars
15,15,16,2013-12-22,Sun,,TEN,L,16,20,,24,34,70.6,226,2,6.6,6.50,96.0,2,11,21,63,0,3.0,57,289,5.07,1,1,2,1,4,182,11,4,0,15,3,11,1,3,4,15,0,1,1,24:21,Jacksonville Jaguars
16,16,17,2013-12-29,Sun,@,IND,L,10,30,,30,51,58.8,308,1,6.0,5.55,74.6,3,23,16,42,0,2.6,70,350,5.00,1,1,1,1,5,230,17,2,0,19,3,14,3,5,5,50,1,1,2,26:20,Jacksonville Jaguars
1,1,1,2013-09-08,Sun,@,JAX,W,28,2,,21,34,61.8,171,2,5.0,6.21,94.1,1,2,27,121,1,4.5,62,292,4.71,0,0,4,4,10,363,10,7,0,17,5,15,0,0,3,20,0,0,0,31:30,Kansas City Chiefs
2,2,2,2013-09-15,Sun,,DAL,W,17,16,,21,36,58.3,199,2,5.5,6.64,92.2,4,24,25,114,0,4.6,65,313,4.82,2,1,2,2,7,307,12,6,1,19,4,13,0,0,10,45,0,0,0,28:13,Kansas City Chiefs
3,3,3,2013-09-19,Thu,@,PHI,W,26,16,,22,35,62.9,248,0,7.1,7.09,84.0,5,25,38,146,1,3.8,78,394,5.05,5,4,2,2,5,218,12,7,0,19,6,19,0,2,9,65,0,0,0,39:07,Kansas City Chiefs
4,4,4,2013-09-29,Sun,,NYG,W,31,7,,24,41,58.5,288,3,7.0,6.29,84.2,1,0,28,102,0,3.6,70,390,5.57,1,1,4,4,5,223,15,4,2,21,9,16,0,0,7,62,1,2,3,35:56,Kansas City Chiefs
5,5,5,2013-10-06,Sun,@,TEN,W,26,17,,20,39,51.3,233,0,6.0,4.82,59.0,2,12,26,120,1,4.6,67,353,5.27,4,4,2,2,6,225,10,7,3,20,1,12,0,0,9,61,1,1,2,31:17,Kansas City Chiefs
6,6,6,2013-10-13,Sun,,OAK,W,24,7,,14,31,45.2,105,0,3.4,3.39,53.8,3,23,27,111,2,4.1,61,216,3.54,1,1,3,3,8,392,7,7,2,16,4,14,0,0,4,20,1,0,1,26:00,Kansas City Chiefs
7,7,7,2013-10-20,Sun,,HOU,W,17,16,,23,34,67.6,231,0,6.8,5.47,74.5,2,9,32,126,2,3.9,68,357,5.25,1,1,2,2,4,174,10,8,2,20,7,15,0,1,5,24,1,1,2,32:12,Kansas City Chiefs
8,8,8,2013-10-27,Sun,,CLE,W,23,17,,24,36,66.7,195,2,5.4,6.53,98.7,6,30,29,136,0,4.7,71,331,4.66,4,3,2,2,5,240,12,6,2,20,10,19,0,0,5,31,0,0,0,36:05,Kansas City Chiefs
9,9,9,2013-11-03,Sun,@,BUF,W,23,13,,19,29,65.5,115,0,4.0,3.97,73.2,2,9,23,95,0,4.1,54,210,3.89,3,3,2,2,6,317,8,5,2,15,3,13,0,0,5,38,0,0,0,29:46,Kansas City Chiefs
10,10,11,2013-11-17,Sun,@,DEN,L,17,27,,21,45,46.7,200,2,4.4,5.33,74.3,3,30,25,144,0,5.8,73,344,4.71,1,1,2,2,7,358,14,5,5,24,4,13,0,1,9,53,1,0,1,30:07,Kansas City Chiefs
11,11,12,2013-11-24,Sun,,SDG,L,38,41,,26,38,68.4,281,3,7.4,7.79,105.3,3,13,18,114,2,6.3,59,395,6.69,1,1,5,5,4,178,16,6,4,26,3,9,0,0,7,62,1,1,2,29:03,Kansas City Chiefs
12,12,13,2013-12-01,Sun,,DEN,L,28,35,,26,42,61.9,293,2,7.0,6.86,88.7,0,0,25,159,1,6.4,67,452,6.75,0,0,4,4,5,229,12,11,4,27,5,13,1,2,9,102,0,1,1,31:56,Kansas City Chiefs
13,13,14,2013-12-08,Sun,@,WAS,W,45,10,,15,23,65.2,154,2,6.7,6.48,95.2,0,0,38,192,2,5.1,61,346,5.67,2,1,6,6,3,113,10,9,1,20,2,11,1,2,3,30,0,1,1,34:10,Kansas City Chiefs
14,14,15,2013-12-15,Sun,@,OAK,W,56,31,,20,25,80.0,306,5,12.2,16.24,157.2,2,12,24,78,2,3.3,51,384,7.53,0,0,8,8,4,198,12,5,2,19,4,9,1,1,8,91,1,0,1,25:53,Kansas City Chiefs
15,15,16,2013-12-22,Sun,,IND,L,7,23,,16,28,57.1,132,0,4.7,3.11,54.5,5,21,20,155,1,7.8,53,287,5.42,1,0,1,1,5,270,8,8,2,18,1,8,1,1,7,65,2,1,3,21:40,Kansas City Chiefs
16,16,17,2013-12-29,Sun,@,SDG,L,24,27,OT,21,30,70.0,189,1,6.3,6.97,97.8,2,11,37,143,2,3.9,69,332,4.81,2,1,3,3,5,229,11,9,2,22,6,14,0,1,1,5,0,0,0,34:36,Kansas City Chiefs
1,1,1,2013-09-09,Mon,,HOU,L,28,31,,14,29,48.3,183,4,6.3,7.52,93.8,2,12,20,80,0,4.0,51,263,5.16,0,0,4,4,6,287,11,2,1,14,7,14,1,1,7,55,0,1,1,23:29,Los Angeles Chargers
2,2,2,2013-09-15,Sun,@,PHI,W,33,30,,36,47,76.6,413,3,8.8,10.06,123.8,1,6,31,126,0,4.1,79,539,6.82,4,4,3,3,1,40,22,7,4,33,10,15,0,0,4,32,2,0,2,40:17,Los Angeles Chargers
3,3,3,2013-09-22,Sun,@,TEN,L,17,20,,20,24,83.3,175,1,7.3,8.13,110.9,2,9,27,102,1,3.8,53,277,5.23,2,1,2,2,5,212,10,5,4,19,3,9,0,0,5,45,1,0,1,28:22,Los Angeles Chargers
4,4,4,2013-09-29,Sun,,DAL,W,30,21,,35,42,83.3,394,3,9.4,9.74,119.6,1,7,27,112,0,4.1,70,506,7.23,3,3,3,3,4,159,20,5,2,27,5,12,0,0,7,85,0,1,1,34:03,Los Angeles Chargers
5,5,5,2013-10-06,Sun,@,OAK,L,17,27,,35,48,72.9,391,2,8.1,6.17,84.6,2,20,19,36,0,1.9,69,427,6.19,2,1,2,2,2,77,21,3,3,27,4,11,0,1,5,30,2,3,5,30:55,Los Angeles Chargers
6,6,6,2013-10-14,Mon,,IND,W,19,9,,22,33,66.7,227,1,6.9,7.48,96.4,2,10,37,147,0,4.0,72,374,5.19,4,4,1,1,3,145,13,8,3,24,7,14,0,0,5,25,0,0,0,38:31,Los Angeles Chargers
7,7,7,2013-10-20,Sun,@,JAX,W,24,6,,22,26,84.6,276,1,10.6,11.38,123.7,1,9,40,158,2,4.0,67,434,6.48,1,1,3,3,3,134,14,10,3,27,7,12,0,0,8,61,0,0,0,37:30,Los Angeles Chargers
8,8,9,2013-11-03,Sun,@,WAS,L,24,30,OT,29,46,63.0,341,2,7.4,6.33,81.9,1,0,16,69,0,4.3,63,410,6.51,1,1,3,3,4,160,20,4,1,25,3,9,1,1,7,63,0,2,2,25:58,Los Angeles Chargers
9,9,10,2013-11-10,Sun,,DEN,L,20,28,,19,29,65.5,198,1,6.8,7.52,96.6,4,20,35,131,1,3.7,68,329,4.84,3,2,2,2,5,238,11,7,2,20,7,16,1,1,6,40,0,0,0,38:03,Los Angeles Chargers
10,10,11,2013-11-17,Sun,@,MIA,L,16,20,,22,34,64.7,281,1,8.3,7.53,88.0,3,17,26,154,0,5.9,63,435,6.90,3,3,1,1,4,174,14,7,1,22,4,11,0,0,10,76,0,1,1,31:24,Los Angeles Chargers
11,11,12,2013-11-24,Sun,@,KAN,W,41,38,,27,39,69.2,387,3,9.9,11.46,126.8,1,5,27,104,2,3.9,67,491,7.33,2,2,5,5,5,200,16,7,1,24,7,15,1,1,9,97,0,0,0,30:57,Los Angeles Chargers
12,12,13,2013-12-01,Sun,,CIN,L,10,17,,23,37,62.2,243,1,6.6,5.89,79.0,2,9,24,91,0,3.8,63,334,5.30,1,1,1,1,4,157,13,5,1,19,6,13,0,0,5,45,2,1,3,30:20,Los Angeles Chargers
13,13,14,2013-12-08,Sun,,NYG,W,37,14,,21,28,75.0,244,3,8.7,10.86,136.6,2,5,40,144,1,3.6,70,388,5.54,3,3,4,4,1,39,15,7,3,25,10,15,0,0,6,30,1,0,1,36:56,Los Angeles Chargers
14,14,15,2013-12-12,Thu,@,DEN,W,27,20,,12,20,60.0,160,2,8.0,10.00,118.7,2,6,44,177,1,4.0,66,337,5.11,2,2,3,3,3,126,10,11,3,24,6,12,0,0,4,35,0,0,0,38:49,Los Angeles Chargers
15,15,16,2013-12-22,Sun,,OAK,W,26,13,,19,29,65.5,196,1,6.8,5.90,82.0,1,5,37,148,1,4.0,67,344,5.13,4,4,2,2,1,37,11,7,6,24,6,11,0,0,3,24,2,1,3,34:42,Los Angeles Chargers
16,16,17,2013-12-29,Sun,,KAN,W,27,24,OT,22,33,66.7,219,3,6.6,7.09,103.0,3,10,36,186,0,5.2,72,405,5.63,2,2,3,3,5,232,9,9,1,19,9,17,1,1,4,22,0,1,1,37:08,Los Angeles Chargers
1,1,1,2013-09-08,Sun,,ARI,W,27,24,,27,38,71.1,299,2,7.9,7.74,100.7,0,0,24,67,0,2.8,62,366,5.90,4,4,1,1,3,147,14,4,2,20,4,11,0,0,7,59,1,1,2,28:35,Los Angeles Rams
2,2,2,2013-09-15,Sun,@,ATL,L,24,31,,32,55,58.2,352,3,6.4,6.67,87.8,0,0,18,69,0,3.8,73,421,5.77,1,1,3,3,6,298,18,4,2,24,7,17,2,2,7,53,0,1,1,29:43,Los Angeles Rams
3,3,3,2013-09-22,Sun,@,DAL,L,7,31,,29,49,59.2,197,1,4.0,4.43,75.0,6,43,12,35,0,2.9,67,232,3.46,0,0,1,1,5,238,11,3,3,17,1,13,3,6,5,41,1,0,1,26:32,Los Angeles Rams
4,4,4,2013-09-26,Thu,,SFO,L,11,35,,19,41,46.3,170,1,4.1,3.54,55.9,5,32,19,18,0,0.9,65,188,2.89,1,1,0,0,11,490,12,0,2,14,3,17,0,0,8,82,1,1,2,28:15,Los Angeles Rams
5,5,5,2013-10-06,Sun,,JAX,W,34,20,,19,34,55.9,208,3,6.1,7.88,103.6,2,14,36,143,0,4.0,72,351,4.88,2,2,4,4,7,286,12,7,3,22,8,19,0,0,6,53,0,0,0,35:19,Los Angeles Rams
6,6,6,2013-10-13,Sun,@,HOU,W,38,13,,12,16,75.0,117,3,7.3,11.06,134.6,0,0,25,99,0,4.0,41,216,5.27,1,1,5,5,3,135,9,4,2,15,3,7,0,0,9,74,0,0,0,24:50,Los Angeles Rams
7,7,7,2013-10-20,Sun,@,CAR,L,15,30,,23,34,67.6,254,1,7.5,6.74,87.1,4,20,21,63,0,3.0,59,317,5.37,2,2,1,1,4,159,10,3,2,15,4,13,0,2,8,68,2,1,3,26:40,Los Angeles Rams
8,8,8,2013-10-28,Mon,,SEA,L,9,14,,15,31,48.4,139,0,4.5,1.58,34.2,3,19,37,200,0,5.4,71,339,4.77,4,3,0,0,4,182,7,12,4,23,5,14,0,1,8,53,0,2,2,38:09,Los Angeles Rams
9,9,9,2013-11-03,Sun,,TEN,L,21,28,,20,35,57.1,203,1,5.8,6.37,83.4,2,7,32,160,2,5.0,69,363,5.26,1,0,3,3,5,242,13,7,1,21,5,13,0,1,6,44,2,0,2,32:51,Los Angeles Rams
10,10,10,2013-11-10,Sun,@,IND,W,38,8,,9,16,56.3,232,2,14.5,17.00,140.6,2,15,37,140,1,3.8,55,372,6.76,1,1,5,5,5,242,7,5,0,12,7,15,0,1,8,46,1,0,1,30:38,Los Angeles Rams
11,11,12,2013-11-24,Sun,,CHI,W,42,21,,10,22,45.5,148,1,6.7,7.64,83.1,2,19,29,258,3,8.9,53,406,7.66,2,2,4,4,2,97,8,11,1,20,4,10,0,0,6,39,0,0,0,23:51,Los Angeles Rams
12,12,13,2013-12-01,Sun,@,SFO,L,13,23,,19,38,50.0,198,1,5.2,4.55,63.3,3,20,26,114,0,4.4,67,312,4.66,2,2,1,1,5,244,13,5,1,19,4,13,0,2,11,105,0,1,1,26:56,Los Angeles Rams
13,13,14,2013-12-08,Sun,@,ARI,L,10,30,,16,27,59.3,157,0,5.8,2.48,44.8,4,24,19,100,1,5.3,50,257,5.14,1,1,1,1,5,257,7,3,4,14,3,11,0,1,11,90,0,2,2,24:53,Los Angeles Rams
14,14,15,2013-12-15,Sun,,NOR,W,27,16,,14,20,70.0,158,2,7.9,9.90,126.7,0,0,34,144,1,4.2,54,302,5.59,2,2,3,3,4,167,8,5,4,17,7,14,0,0,4,30,0,0,0,27:48,Los Angeles Rams
15,15,16,2013-12-22,Sun,,TAM,W,23,13,,16,20,80.0,148,0,7.4,7.40,97.5,1,10,39,129,2,3.3,60,277,4.62,3,3,2,2,2,88,8,8,2,18,6,14,1,2,7,85,2,0,2,34:06,Los Angeles Rams
16,16,17,2013-12-29,Sun,@,SEA,L,9,27,,21,30,70.0,145,1,4.8,2.50,63.9,2,12,18,13,0,0.7,50,158,3.16,1,1,0,0,7,337,8,1,2,11,2,11,0,0,12,87,0,2,2,26:20,Los Angeles Rams
1,1,1,2013-09-08,Sun,@,IND,L,17,21,,19,29,65.5,201,1,6.9,4.52,68.3,1,16,33,171,1,5.2,63,372,5.90,2,1,2,2,2,101,10,9,1,20,7,13,1,1,8,51,0,2,2,32:47,Las Vegas Raiders
2,2,2,2013-09-15,Sun,,JAX,W,19,9,,15,24,62.5,114,0,4.8,4.75,74.0,3,12,34,226,1,6.6,61,340,5.57,5,4,1,1,4,192,6,7,3,16,4,14,0,0,5,30,1,0,1,31:48,Las Vegas Raiders
3,3,3,2013-09-23,Mon,@,DEN,L,21,37,,21,31,67.7,293,2,9.5,10.74,119.4,3,23,17,49,1,2.9,51,342,6.71,0,0,3,3,6,315,11,2,0,13,5,12,0,1,8,77,0,0,0,24:36,Las Vegas Raiders
4,4,4,2013-09-29,Sun,,WAS,L,14,24,,21,32,65.6,194,1,6.1,5.28,79.4,7,33,26,104,0,4.0,65,298,4.58,1,0,2,2,7,314,11,3,0,14,5,17,1,2,4,25,2,1,3,32:22,Las Vegas Raiders
5,5,5,2013-10-06,Sun,,SDG,W,27,17,,18,23,78.3,195,2,8.5,10.22,131.0,4,26,28,104,0,3.7,55,299,5.44,2,2,3,3,6,297,11,5,1,17,4,12,0,0,8,85,0,0,0,29:05,Las Vegas Raiders
6,6,6,2013-10-13,Sun,@,KAN,L,7,24,,18,34,52.9,153,1,4.5,1.12,38.0,9,63,28,121,0,4.3,71,274,3.86,1,0,1,1,8,414,13,5,0,18,4,15,1,1,11,68,0,3,3,34:00,Las Vegas Raiders
7,7,8,2013-10-27,Sun,,PIT,W,21,18,,10,19,52.6,82,0,4.3,-0.42,24.3,2,6,38,197,3,5.2,59,279,4.73,0,0,3,3,8,372,5,8,0,13,5,14,0,0,6,39,1,2,3,30:01,Las Vegas Raiders
8,8,9,2013-11-03,Sun,,PHI,L,20,49,,29,56,51.8,350,0,6.3,4.64,56.4,3,25,33,210,2,6.4,92,560,6.09,2,2,2,2,7,315,15,12,2,29,6,18,0,1,8,70,0,2,2,37:54,Las Vegas Raiders
9,9,10,2013-11-10,Sun,@,NYG,L,20,24,,11,26,42.3,106,0,4.1,2.35,38.3,4,16,25,107,1,4.3,55,213,3.87,2,2,2,2,6,254,4,8,0,12,2,12,0,0,8,65,1,1,2,27:58,Las Vegas Raiders
10,10,11,2013-11-17,Sun,@,HOU,W,28,23,,18,32,56.3,176,3,5.5,7.38,103.1,2,21,31,165,1,5.3,65,341,5.25,1,0,4,4,11,540,8,4,0,12,5,18,0,0,8,77,0,0,0,31:31,Las Vegas Raiders
11,11,12,2013-11-24,Sun,,TEN,L,19,23,,19,32,59.4,260,1,8.1,7.34,82.8,0,0,23,93,0,4.0,55,353,6.42,6,4,1,1,2,95,14,4,1,19,3,10,0,0,4,50,1,1,2,24:12,Las Vegas Raiders
12,12,13,2013-11-28,Thu,@,DAL,L,24,31,,18,30,60.0,255,0,8.5,7.00,73.6,0,0,25,50,2,2.0,55,305,5.55,1,1,3,3,5,265,12,4,0,16,7,13,0,0,10,71,1,1,2,27:41,Las Vegas Raiders
13,13,14,2013-12-08,Sun,@,NYJ,L,27,37,,20,36,55.6,233,2,6.5,6.33,82.3,3,32,26,150,1,5.8,65,383,5.89,3,2,3,3,3,85,13,5,1,19,5,15,2,2,4,31,0,1,1,30:34,Las Vegas Raiders
14,14,15,2013-12-15,Sun,,KAN,L,31,56,,20,41,48.8,331,2,8.1,3.56,53.0,0,0,33,130,2,3.9,74,461,6.23,1,1,4,4,1,48,12,8,6,26,7,14,1,1,10,90,2,5,7,34:07,Las Vegas Raiders
15,15,16,2013-12-22,Sun,@,SDG,L,13,26,,20,36,55.6,206,0,5.7,4.47,60.6,1,0,17,59,1,3.5,54,265,4.91,2,2,1,1,5,271,10,3,1,14,4,13,1,2,12,73,1,1,2,25:18,Las Vegas Raiders
16,16,17,2013-12-29,Sun,,DEN,L,14,34,,21,38,55.3,191,2,5.0,6.08,86.6,2,16,20,64,0,3.2,60,255,4.25,1,0,2,2,5,229,13,3,1,17,5,13,0,1,2,10,1,0,1,24:31,Las Vegas Raiders
1,1,1,2013-09-08,Sun,@,CLE,W,23,10,,24,38,63.2,255,1,6.7,6.05,80.5,4,17,23,20,1,0.9,65,275,4.23,3,3,2,2,5,270,15,1,2,18,8,16,0,0,10,77,0,1,1,32:47,Miami Dolphins
2,2,2,2013-09-15,Sun,@,IND,W,24,20,,23,34,67.6,297,1,8.7,9.32,104.7,5,22,27,101,2,3.7,66,398,6.03,1,1,3,3,5,208,14,7,0,21,6,14,0,1,0,0,1,0,1,29:26,Miami Dolphins
3,3,3,2013-09-22,Sun,,ATL,W,27,23,,24,35,68.6,195,2,5.6,5.43,89.6,5,41,15,90,1,6.0,55,285,5.18,2,2,3,3,3,159,13,3,0,16,7,12,0,0,2,13,1,1,2,22:51,Miami Dolphins
4,4,4,2013-09-30,Mon,@,NOR,L,17,38,,22,35,62.9,216,1,6.2,2.89,54.0,4,33,19,115,1,6.1,58,331,5.71,1,1,2,2,4,208,13,5,1,19,3,9,0,0,5,25,1,3,4,26:11,Miami Dolphins
5,5,5,2013-10-06,Sun,,BAL,L,23,26,,21,40,52.5,272,1,6.8,7.30,82.5,6,35,11,22,0,2.0,57,294,5.16,4,3,2,2,8,420,9,0,1,10,3,16,1,1,4,65,0,0,0,23:44,Miami Dolphins
6,6,7,2013-10-20,Sun,,BUF,L,21,23,,19,37,51.4,173,3,4.7,3.86,68.9,2,21,25,120,0,4.8,64,293,4.58,1,0,3,3,6,282,12,5,2,19,3,13,0,1,4,32,1,2,3,29:48,Miami Dolphins
7,7,8,2013-10-27,Sun,@,NWE,L,17,27,,22,42,52.4,145,2,3.5,2.26,56.2,6,47,31,156,0,5.0,79,301,3.81,3,1,2,2,4,161,14,9,0,23,8,17,1,2,7,61,1,2,3,34:59,Miami Dolphins
8,8,9,2013-10-31,Thu,,CIN,W,22,20,OT,20,28,71.4,188,0,6.7,6.71,89.6,3,20,30,157,1,5.2,61,345,5.66,3,2,2,2,8,391,7,7,1,15,3,14,0,0,2,25,1,0,1,28:20,Miami Dolphins
9,9,10,2013-11-11,Mon,@,TAM,L,19,22,,27,42,64.3,211,2,5.0,4.90,82.5,2,18,14,2,0,0.1,58,213,3.67,2,2,1,1,5,257,14,1,1,16,4,12,0,1,4,70,0,1,1,25:12,Miami Dolphins
10,10,11,2013-11-17,Sun,,SDG,W,20,16,,22,35,62.9,239,1,6.8,6.11,80.5,4,29,19,104,1,5.5,58,343,5.91,2,2,2,2,4,209,15,5,1,21,2,10,0,0,3,15,0,1,1,28:36,Miami Dolphins
11,11,12,2013-11-24,Sun,,CAR,L,16,20,,28,42,66.7,280,1,6.7,6.07,83.4,3,30,17,52,0,3.1,62,332,5.35,4,3,1,1,6,291,12,1,0,13,4,16,0,0,6,55,0,1,1,29:48,Miami Dolphins
12,12,13,2013-12-01,Sun,@,NYJ,W,23,3,,28,43,65.1,328,2,7.6,7.51,93.9,1,3,36,125,0,3.5,80,453,5.66,4,3,2,2,3,128,20,5,0,25,7,16,0,2,3,28,0,1,1,38:52,Miami Dolphins
13,13,14,2013-12-08,Sun,@,PIT,W,34,28,,20,33,60.6,186,3,5.6,6.09,93.7,2,14,25,181,1,7.2,60,367,6.12,3,2,4,4,5,232,12,5,1,18,6,14,0,0,5,36,0,1,1,28:55,Miami Dolphins
14,14,15,2013-12-15,Sun,,NWE,W,24,20,,25,37,67.6,289,3,7.8,9.43,118.0,4,23,23,89,0,3.9,64,378,5.91,1,1,3,3,4,189,16,3,1,20,4,11,1,2,4,21,1,0,1,28:39,Miami Dolphins
15,15,16,2013-12-22,Sun,@,BUF,L,0,19,,12,33,36.4,89,0,2.7,-0.03,19.6,7,46,12,14,0,1.2,52,103,1.98,0,0,0,0,10,501,4,2,0,6,2,14,0,1,6,37,0,2,2,23:29,Miami Dolphins
16,16,17,2013-12-29,Sun,,NYJ,L,7,20,,20,40,50.0,204,1,5.1,2.23,42.1,0,0,22,92,0,4.2,62,296,4.77,0,0,1,1,5,244,15,2,1,18,6,13,0,1,5,38,0,3,3,27:36,Miami Dolphins
1,1,1,2013-09-08,Sun,@,DET,L,24,34,,18,28,64.3,225,1,8.0,3.93,61.5,3,11,22,105,2,4.8,53,330,6.23,1,1,3,3,5,211,11,3,2,16,2,10,1,2,5,52,1,3,4,23:41,Minnesota Vikings
2,2,2,2013-09-15,Sun,@,CHI,L,30,31,,16,30,53.3,227,1,7.6,6.73,75.3,1,0,33,123,0,3.7,64,350,5.47,3,3,3,3,3,170,9,8,2,19,7,16,2,2,3,25,2,1,3,29:26,Minnesota Vikings
3,3,3,2013-09-22,Sun,,CLE,L,27,31,,25,42,59.5,195,0,4.6,3.57,61.1,6,33,31,134,3,4.3,79,329,4.16,2,2,3,3,7,325,11,9,1,21,8,17,0,0,4,35,2,1,3,31:08,Minnesota Vikings
4,4,4,2013-09-29,Sun,,PIT,W,34,27,,16,25,64.0,248,2,9.9,11.52,123.4,1,0,25,145,2,5.8,51,393,7.71,3,2,4,4,4,167,7,7,2,16,4,11,0,0,5,89,0,0,0,23:33,Minnesota Vikings
5,5,6,2013-10-13,Sun,,CAR,L,10,35,,32,44,72.7,215,1,4.9,3.30,71.7,3,26,13,75,0,5.8,60,290,4.83,1,1,1,1,4,199,14,2,1,17,6,14,1,2,5,55,0,2,2,23:33,Minnesota Vikings
6,6,7,2013-10-21,Mon,@,NYG,L,7,23,,20,53,37.7,176,0,3.3,2.47,39.5,1,14,14,30,0,2.1,68,206,3.03,1,0,1,1,7,312,10,1,2,13,7,18,0,3,3,38,2,1,3,23:38,Minnesota Vikings
7,7,8,2013-10-27,Sun,,GNB,L,31,44,,14,21,66.7,132,0,6.3,6.29,83.8,3,13,19,111,3,5.8,43,243,5.65,1,1,4,4,4,186,7,5,3,15,2,8,0,0,7,46,0,0,0,19:06,Minnesota Vikings
8,8,9,2013-11-03,Sun,@,DAL,L,23,27,,25,37,67.6,224,1,6.1,5.38,81.4,2,12,29,169,2,5.8,68,393,5.78,1,1,3,2,3,113,13,8,1,22,5,13,2,3,4,35,1,1,2,31:27,Minnesota Vikings
9,9,10,2013-11-07,Thu,,WAS,W,34,27,,21,27,77.8,216,2,8.0,7.81,109.3,1,5,24,91,2,3.8,52,307,5.90,2,2,4,4,1,50,14,6,2,22,6,10,0,0,1,7,0,1,1,23:59,Minnesota Vikings
10,10,11,2013-11-17,Sun,@,SEA,L,20,41,,18,35,51.4,204,2,5.8,3.11,52.6,2,3,33,132,0,4.0,70,336,4.80,2,2,2,2,3,127,10,6,3,19,5,14,0,1,4,20,1,3,4,34:09,Minnesota Vikings
11,11,12,2013-11-24,Sun,@,GNB,T,26,26,OT,21,30,70.0,215,1,7.2,7.83,101.4,6,18,43,232,1,5.4,79,447,5.66,4,4,2,2,6,257,13,13,2,28,6,16,0,0,5,53,1,0,1,40:33,Minnesota Vikings
12,12,13,2013-12-01,Sun,,CHI,W,23,20,OT,23,41,56.1,250,1,6.1,5.49,72.2,5,33,40,246,1,6.2,86,496,5.77,4,3,2,2,6,264,13,13,2,28,4,17,3,3,6,60,0,1,1,39:09,Minnesota Vikings
13,13,14,2013-12-08,Sun,@,BAL,L,26,29,,17,38,44.7,265,2,7.0,8.03,86.0,0,0,25,114,1,4.6,63,379,6.02,2,2,2,2,9,397,11,3,1,15,5,17,1,1,6,90,1,0,1,27:48,Minnesota Vikings
14,14,15,2013-12-15,Sun,,PHI,W,48,30,,26,35,74.3,370,2,10.6,10.43,115.2,3,12,35,85,4,2.4,73,455,6.23,3,2,6,6,2,97,14,11,4,29,8,13,0,0,3,25,0,1,1,36:26,Minnesota Vikings
15,15,16,2013-12-22,Sun,@,CIN,L,14,42,,13,27,48.1,94,1,3.5,-0.78,29.5,4,20,17,115,1,6.8,48,209,4.35,0,0,2,2,5,197,4,5,1,10,0,9,0,2,5,40,1,3,4,20:28,Minnesota Vikings
16,16,17,2013-12-29,Sun,,DET,W,14,13,,20,33,60.6,171,1,5.2,4.42,71.7,3,18,20,174,1,8.7,56,345,6.16,0,0,2,2,6,244,12,6,1,19,3,11,0,0,4,25,1,1,2,27:23,Minnesota Vikings
1,1,1,2013-09-08,Sun,@,BUF,W,23,21,,29,52,55.8,273,2,5.3,5.15,75.2,3,15,34,158,0,4.6,89,431,4.84,3,3,2,2,6,236,18,7,1,26,11,20,0,1,4,36,2,1,3,37:43,New England Patriots
2,2,2,2013-09-12,Thu,,NYJ,W,13,10,,19,39,48.7,178,1,4.6,5.08,70.2,1,7,24,54,0,2.3,64,232,3.63,3,2,1,1,11,514,7,1,1,9,4,18,0,0,3,30,0,0,0,26:00,New England Patriots
3,3,3,2013-09-22,Sun,,TAM,W,23,3,,25,36,69.4,202,2,5.6,5.47,90.3,3,23,33,156,0,4.7,72,358,4.97,3,3,2,2,3,128,12,7,2,21,6,15,1,2,6,50,0,1,1,33:01,New England Patriots
4,4,4,2013-09-29,Sun,@,ATL,W,30,23,,20,31,64.5,316,2,10.2,11.48,119.8,0,0,31,132,1,4.3,62,448,7.23,3,3,3,3,2,110,14,5,2,21,7,13,0,1,9,93,0,0,0,30:39,New England Patriots
5,5,5,2013-10-06,Sun,@,CIN,L,6,13,,18,38,47.4,166,0,4.4,3.18,48.8,4,31,18,82,0,4.6,60,248,4.13,2,2,0,0,8,353,9,3,3,15,1,12,0,0,0,0,1,1,2,25:44,New England Patriots
6,6,6,2013-10-13,Sun,,NOR,W,30,27,,25,43,58.1,235,1,5.5,4.88,71.4,5,34,35,141,2,4.0,83,376,4.53,3,3,3,3,4,210,15,8,3,26,5,15,1,3,4,33,0,1,1,31:51,New England Patriots
7,7,7,2013-10-20,Sun,@,NYJ,L,27,30,OT,22,46,47.8,205,0,4.5,3.48,51.4,4,23,20,90,2,4.5,70,295,4.21,2,2,3,3,8,404,12,6,3,21,1,12,1,1,7,100,0,1,1,23:40,New England Patriots
8,8,8,2013-10-27,Sun,,MIA,W,27,17,,13,22,59.1,100,1,4.5,3.41,66.5,3,16,37,152,2,4.1,62,252,4.06,2,2,3,3,5,217,6,9,4,19,2,10,1,1,5,35,0,1,1,25:01,New England Patriots
9,9,9,2013-11-03,Sun,,PIT,W,55,31,,23,33,69.7,413,4,12.5,14.94,151.8,3,19,35,197,3,5.6,71,610,8.59,2,2,7,7,2,101,17,13,3,33,7,12,0,1,3,30,1,0,1,28:48,New England Patriots
10,10,11,2013-11-18,Mon,@,CAR,L,20,24,,29,40,72.5,283,1,7.1,6.45,89.9,2,13,25,107,1,4.3,67,390,5.82,2,2,2,2,1,34,17,6,5,28,5,10,1,1,5,50,1,1,2,30:46,New England Patriots
11,11,12,2013-11-24,Sun,,DEN,W,34,31,OT,34,50,68.0,324,3,6.5,7.68,105.7,3,20,31,116,1,3.7,84,440,5.24,2,2,4,4,6,267,21,3,3,27,6,14,0,1,5,36,3,0,3,34:06,New England Patriots
12,12,13,2013-12-01,Sun,@,HOU,W,34,31,,29,41,70.7,365,2,8.9,8.78,104.2,1,6,27,88,2,3.3,69,453,6.57,3,2,4,4,3,132,20,7,1,28,5,12,0,0,0,0,0,1,1,33:46,New England Patriots
13,13,14,2013-12-08,Sun,,CLE,W,27,26,,32,52,61.5,397,2,7.6,7.54,90.0,4,21,21,87,1,4.1,77,484,6.29,2,2,1,1,5,200,21,7,2,30,6,15,1,1,6,41,1,1,2,28:20,New England Patriots
14,14,15,2013-12-15,Sun,@,MIA,L,20,24,,34,55,61.8,357,2,6.5,6.40,85.2,1,7,22,96,0,4.4,78,453,5.81,3,2,2,2,3,146,19,9,1,29,9,17,1,2,1,2,0,1,1,31:21,New England Patriots
15,15,16,2013-12-22,Sun,@,BAL,W,41,7,,14,26,53.8,158,1,6.1,6.85,85.1,2,14,34,142,2,4.2,62,300,4.84,2,2,5,5,7,334,10,7,4,21,4,13,0,0,7,58,0,0,0,31:58,New England Patriots
16,16,17,2013-12-29,Sun,,BUF,W,34,20,,14,24,58.3,115,1,4.8,3.75,67.2,1,7,43,267,2,6.2,68,382,5.62,4,4,2,2,3,137,7,12,5,24,4,13,0,0,4,31,0,1,1,32:47,New England Patriots
1,1,1,2013-09-08,Sun,,ATL,W,23,17,,26,35,74.3,341,2,9.7,9.60,111.7,2,16,29,78,0,2.7,66,419,6.35,3,3,2,2,3,148,17,1,0,18,6,13,0,1,6,57,0,1,1,35:11,New Orleans Saints
2,2,2,2013-09-15,Sun,@,TAM,W,16,14,,26,46,56.5,296,1,6.4,4.91,65.1,4,26,20,75,0,3.8,70,371,5.30,4,3,1,1,4,175,13,4,4,21,5,14,0,1,5,35,0,2,2,32:36,New Orleans Saints
3,3,3,2013-09-22,Sun,,ARI,W,31,7,,29,46,63.0,319,3,6.9,7.26,96.2,4,23,24,104,1,4.3,74,423,5.72,1,1,4,4,4,198,17,9,1,27,7,13,0,0,4,30,0,1,1,35:31,New Orleans Saints
4,4,4,2013-09-30,Mon,,MIA,W,38,17,,30,39,76.9,397,4,10.2,12.23,142.8,2,16,24,68,1,2.8,65,465,7.15,2,1,5,5,3,142,18,4,1,23,6,13,0,0,6,45,1,0,1,33:49,New Orleans Saints
5,5,5,2013-10-06,Sun,@,CHI,W,26,18,,29,35,82.9,283,2,8.1,9.23,119.4,1,5,29,64,0,2.2,65,347,5.34,4,4,2,2,4,195,11,5,1,17,6,16,1,1,2,10,0,0,0,36:00,New Orleans Saints
6,6,6,2013-10-13,Sun,@,NWE,L,27,30,,17,36,47.2,230,2,6.4,6.25,75.0,1,6,26,131,1,5.0,63,361,5.73,2,2,3,3,6,268,13,7,0,20,5,14,0,0,7,56,1,1,2,28:09,New Orleans Saints
7,7,8,2013-10-27,Sun,,BUF,W,35,17,,26,34,76.5,309,5,9.1,12.03,143.3,4,23,26,77,0,3.0,64,386,6.03,2,0,5,5,4,187,14,4,3,21,7,15,1,1,8,59,0,0,0,32:30,New Orleans Saints
8,8,9,2013-11-03,Sun,@,NYJ,L,20,26,,30,51,58.8,366,2,7.2,6.20,77.7,2,16,13,41,0,3.2,66,407,6.17,3,2,2,2,2,82,16,4,3,23,3,11,1,3,9,59,0,2,2,29:32,New Orleans Saints
9,9,10,2013-11-10,Sun,,DAL,W,49,17,,34,41,82.9,383,4,9.3,11.29,138.1,1,9,38,242,3,6.4,80,625,7.81,1,0,7,7,1,33,20,15,5,40,9,12,1,1,6,44,1,0,1,39:32,New Orleans Saints
10,10,11,2013-11-17,Sun,,SFO,W,23,20,,30,43,69.8,295,1,6.9,6.28,86.9,1,10,23,92,1,4.0,67,387,5.78,3,3,2,2,3,154,15,6,2,23,6,14,0,1,4,48,2,1,3,34:39,New Orleans Saints
11,11,12,2013-11-21,Thu,@,ATL,W,17,13,,23,33,69.7,271,2,8.2,9.42,114.6,1,7,25,103,0,4.1,59,374,6.34,1,1,2,2,4,198,14,5,0,19,7,13,0,1,5,66,0,0,0,26:14,New Orleans Saints
12,12,13,2013-12-02,Mon,@,SEA,L,7,34,,23,38,60.5,144,1,3.8,4.32,77.1,1,3,17,44,0,2.6,56,188,3.36,0,0,1,1,6,294,7,2,3,12,6,15,0,2,7,52,1,0,1,26:22,New Orleans Saints
13,13,14,2013-12-08,Sun,,CAR,W,31,13,,30,42,71.4,304,4,7.2,9.14,123.5,2,9,17,69,0,4.1,61,373,6.11,1,1,4,4,4,177,19,3,2,24,7,12,0,0,5,45,0,0,0,27:33,New Orleans Saints
14,14,15,2013-12-15,Sun,@,STL,L,16,27,,39,56,69.6,371,1,6.6,5.38,78.8,4,22,20,61,1,3.1,80,432,5.40,3,1,1,1,2,107,24,5,1,30,5,15,4,4,8,77,1,2,3,32:12,New Orleans Saints
15,15,16,2013-12-22,Sun,@,CAR,L,13,17,,30,45,66.7,239,1,5.3,3.76,68.7,6,42,30,126,0,4.2,81,365,4.51,2,2,1,1,7,340,12,6,2,20,5,18,0,1,4,40,0,2,2,38:48,New Orleans Saints
16,16,17,2013-12-29,Sun,,TAM,W,42,17,,24,31,77.4,370,4,11.9,14.52,155.9,1,11,30,98,2,3.3,62,468,7.55,0,0,6,6,4,161,14,7,0,21,7,13,1,2,9,94,0,0,0,34:12,New Orleans Saints
1,1,1,2013-09-08,Sun,@,DAL,L,31,36,,27,42,64.3,428,4,10.2,8.88,100.1,3,22,14,50,0,3.6,59,478,8.10,1,1,4,4,3,164,18,3,0,21,6,11,0,0,6,52,3,3,6,22:50,New York Giants
2,2,2,2013-09-15,Sun,,DEN,L,23,41,,28,49,57.1,353,1,7.2,3.94,52.5,1,9,19,23,1,1.2,69,376,5.45,3,3,2,2,5,231,15,3,10,28,1,11,0,1,4,16,0,4,4,31:58,New York Giants
3,3,3,2013-09-22,Sun,@,CAR,L,0,38,,14,27,51.9,90,0,3.3,0.00,28.3,7,45,16,60,0,3.8,50,150,3.00,1,0,0,0,6,245,5,4,1,10,3,12,0,1,6,45,1,2,3,23:13,New York Giants
4,4,4,2013-09-29,Sun,@,KAN,L,7,31,,18,37,48.6,200,1,5.4,4.73,62.9,3,17,21,98,0,4.7,61,298,4.89,1,0,1,1,8,399,8,3,0,11,1,14,1,2,7,65,2,1,3,24:04,New York Giants
5,5,5,2013-10-06,Sun,,PHI,L,21,36,,24,52,46.2,330,2,6.3,4.52,55.8,1,4,17,53,1,3.1,70,383,5.47,0,0,3,3,7,338,17,3,1,21,5,13,0,0,12,136,1,3,4,27:53,New York Giants
6,6,6,2013-10-10,Thu,@,CHI,L,21,27,,14,26,53.8,232,1,8.9,4.50,57.4,1,7,26,123,2,4.7,53,355,6.70,0,0,3,3,3,139,12,8,1,21,7,11,0,0,4,31,0,3,3,27:05,New York Giants
7,7,7,2013-10-21,Mon,,MIN,W,23,7,,23,39,59.0,193,1,4.9,5.46,80.4,2,7,32,64,1,2.0,73,257,3.52,3,3,2,2,9,438,14,2,1,17,7,19,0,0,5,72,1,0,1,36:22,New York Giants
8,8,8,2013-10-27,Sun,@,PHI,W,15,7,,25,39,64.1,237,0,6.1,6.08,80.8,1,9,31,88,0,2.8,71,325,4.58,5,5,0,0,5,219,12,3,1,16,8,19,0,1,11,92,1,0,1,38:05,New York Giants
9,9,10,2013-11-10,Sun,,OAK,W,24,20,,12,22,54.5,118,1,5.4,4.23,66.1,3,22,38,133,1,3.5,63,251,3.98,1,1,3,3,4,121,8,9,2,19,7,14,0,0,1,5,2,1,3,32:02,New York Giants
10,10,11,2013-11-17,Sun,,GNB,W,27,13,,25,35,71.4,256,1,7.3,6.60,89.7,4,23,24,78,1,3.3,63,334,5.30,2,2,3,3,5,265,9,8,2,19,4,14,2,2,3,30,0,1,1,35:14,New York Giants
11,11,12,2013-11-24,Sun,,DAL,L,21,24,,16,30,53.3,154,2,5.1,6.47,90.1,2,20,30,202,0,6.7,62,356,5.74,2,2,1,1,5,273,8,11,3,22,3,12,1,2,11,81,1,0,1,30:39,New York Giants
12,12,13,2013-12-01,Sun,@,WAS,W,24,17,,22,28,78.6,206,1,7.4,6.46,94.3,3,29,23,80,2,3.5,54,286,5.30,1,1,3,3,6,287,10,5,1,16,4,12,0,0,1,1,0,1,1,28:25,New York Giants
13,13,14,2013-12-08,Sun,@,SDG,L,14,37,,20,32,62.5,241,1,7.5,5.34,69.9,2,18,20,92,1,4.6,54,333,6.17,0,0,2,2,3,141,10,6,2,18,3,8,1,2,7,72,1,2,3,23:04,New York Giants
14,14,15,2013-12-15,Sun,,SEA,L,0,23,,22,35,62.9,156,0,4.5,-1.97,33.5,4,30,14,25,0,1.8,53,181,3.42,0,0,0,0,8,380,10,1,1,12,1,10,0,0,5,38,0,5,5,26:02,New York Giants
15,15,16,2013-12-22,Sun,@,DET,W,23,20,OT,23,42,54.8,238,1,5.7,5.07,69.3,2,18,21,41,0,2.0,65,279,4.29,3,3,2,2,6,279,13,2,0,15,6,17,1,1,5,30,1,1,2,29:43,New York Giants
16,16,17,2013-12-29,Sun,,WAS,W,20,6,,12,32,37.5,156,1,4.9,2.69,38.0,1,7,35,122,1,3.5,68,278,4.09,3,2,2,2,8,352,7,6,1,14,3,14,0,0,3,20,1,2,3,31:39,New York Giants
1,1,1,2013-09-08,Sun,,TAM,W,18,17,,24,39,61.5,214,1,5.5,4.85,74.1,5,42,29,90,0,3.1,73,304,4.16,3,3,1,1,7,339,12,5,5,22,7,18,0,0,6,45,1,1,2,32:22,New York Jets
2,2,2,2013-09-12,Thu,@,NWE,L,10,13,,15,35,42.9,189,0,5.4,1.54,24.6,4,25,32,129,1,4.0,71,318,4.48,1,1,1,1,9,401,8,6,1,15,6,18,0,0,8,66,1,3,4,34:00,New York Jets
3,3,3,2013-09-22,Sun,,BUF,W,27,20,,16,29,55.2,331,2,11.4,9.69,89.9,0,0,41,182,1,4.4,70,513,7.33,2,2,3,3,7,294,11,6,3,20,5,14,0,1,20,168,0,2,2,34:13,New York Jets
4,4,4,2013-09-29,Sun,@,TEN,L,13,38,,23,34,67.6,239,1,7.0,4.97,73.0,5,50,23,91,0,4.0,62,330,5.32,2,2,1,1,5,245,11,5,0,16,4,13,0,1,10,66,2,2,4,29:22,New York Jets
5,5,5,2013-10-07,Mon,@,ATL,W,30,28,,16,20,80.0,170,3,8.5,11.50,141.7,4,29,22,118,0,5.4,46,288,6.26,3,3,3,3,3,140,10,5,0,15,6,11,0,0,6,24,0,0,0,24:33,New York Jets
6,6,6,2013-10-13,Sun,,PIT,L,6,19,,19,34,55.9,184,0,5.4,2.76,46.7,3,17,20,83,0,4.2,57,267,4.68,2,2,0,0,7,312,14,4,0,18,3,11,0,0,5,60,0,2,2,24:11,New York Jets
7,7,7,2013-10-20,Sun,,NWE,W,30,27,OT,17,33,51.5,206,1,6.2,5.48,68.5,4,27,52,177,1,3.4,89,383,4.30,3,3,3,3,6,241,13,11,3,27,11,21,0,0,9,45,0,1,1,46:13,New York Jets
8,8,8,2013-10-27,Sun,@,CIN,L,9,49,,23,37,62.2,147,0,4.0,1.54,47.9,4,29,24,93,0,3.9,65,240,3.69,3,3,0,0,5,248,7,6,2,15,6,15,0,1,4,69,0,2,2,33:17,New York Jets
9,9,9,2013-11-03,Sun,,NOR,W,26,20,,9,20,45.0,140,0,7.0,7.00,68.7,2,0,36,198,2,5.5,58,338,5.83,4,4,2,2,5,222,6,8,0,14,4,14,0,0,8,62,0,0,0,30:28,New York Jets
10,10,11,2013-11-17,Sun,@,BUF,L,14,37,,12,29,41.4,133,1,4.6,0.62,27.6,4,30,23,134,1,5.8,56,267,4.77,1,0,2,2,6,284,6,5,1,12,2,11,1,2,4,24,1,3,4,26:18,New York Jets
11,11,12,2013-11-24,Sun,@,BAL,L,3,19,,10,24,41.7,118,0,4.9,1.17,22.6,3,22,28,102,0,3.6,55,220,4.00,1,1,0,0,8,411,8,4,0,12,1,12,0,0,6,56,1,2,3,25:55,New York Jets
12,12,13,2013-12-01,Sun,,MIA,L,3,23,,13,28,46.4,78,0,2.8,-0.43,23.5,4,30,22,99,0,4.5,54,177,3.28,1,1,0,0,7,316,6,4,0,10,2,12,0,2,4,25,1,2,3,21:08,New York Jets
13,13,14,2013-12-08,Sun,,OAK,W,37,27,,16,25,64.0,209,1,8.4,7.36,86.9,1,10,32,143,2,4.5,58,352,6.07,3,3,4,4,2,85,9,8,1,18,7,13,0,0,4,36,0,1,1,29:26,New York Jets
14,14,15,2013-12-15,Sun,@,CAR,L,20,30,,15,28,53.6,140,1,5.0,4.11,64.6,4,27,28,157,1,5.6,60,297,4.95,2,2,2,2,4,132,10,7,2,19,8,15,0,0,3,20,0,1,1,26:59,New York Jets
15,15,16,2013-12-22,Sun,,CLE,W,24,13,,20,37,54.1,214,2,5.8,6.86,89.2,0,0,39,208,1,5.3,76,422,5.55,2,1,3,3,3,138,13,11,1,25,12,18,0,1,6,35,0,0,0,32:43,New York Jets
16,16,17,2013-12-29,Sun,@,MIA,W,20,7,,18,28,64.3,220,0,7.9,7.86,88.4,0,0,42,154,2,3.7,70,374,5.34,3,2,2,2,5,210,10,10,2,22,6,15,0,0,5,36,0,0,0,32:24,New York Jets
1,1,1,2013-09-09,Mon,@,WAS,W,33,27,,15,25,60.0,180,2,7.2,8.80,108.7,3,23,49,263,2,5.4,77,443,5.75,1,1,4,4,6,254,11,14,1,26,7,15,1,1,8,65,2,0,2,32:39,Philadelphia Eagles
2,2,2,2013-09-15,Sun,,SDG,L,30,33,,23,37,62.2,411,2,11.1,12.19,118.2,2,17,19,100,1,5.3,58,511,8.81,4,3,3,3,3,134,15,7,0,22,5,11,0,0,9,77,0,0,0,19:43,Philadelphia Eagles
3,3,3,2013-09-19,Thu,,KAN,L,16,26,,13,30,43.3,167,1,5.6,3.23,44.7,6,34,27,264,1,9.8,63,431,6.84,2,1,1,1,4,148,11,8,2,21,3,10,0,1,6,45,3,2,5,20:53,Philadelphia Eagles
4,4,4,2013-09-29,Sun,@,DEN,L,20,52,,17,31,54.8,284,1,9.2,9.81,96.7,3,13,35,166,1,4.7,69,450,6.52,3,2,2,2,5,191,12,9,0,21,8,16,0,0,8,62,0,0,0,26:38,Philadelphia Eagles
5,5,5,2013-10-06,Sun,@,NYG,W,36,21,,22,39,56.4,299,2,7.7,8.69,98.1,1,3,37,140,1,3.8,77,439,5.70,5,5,3,3,6,287,12,10,6,28,9,19,0,0,8,88,0,0,0,32:07,Philadelphia Eagles
6,6,6,2013-10-13,Sun,@,TAM,W,31,20,,22,31,71.0,287,3,9.3,11.19,132.1,1,9,33,138,1,4.2,65,425,6.54,1,1,4,4,5,249,12,8,1,21,7,14,0,0,3,31,1,0,1,26:14,Philadelphia Eagles
7,7,7,2013-10-20,Sun,,DAL,L,3,17,,22,49,44.9,194,0,4.0,1.20,30.5,3,15,23,84,0,3.7,75,278,3.71,2,1,0,0,9,419,13,3,3,19,4,18,1,1,5,33,0,3,3,23:47,Philadelphia Eagles
8,8,8,2013-10-27,Sun,,NYG,L,7,15,,23,35,65.7,152,0,4.3,1.77,51.1,4,36,19,48,0,2.5,58,200,3.45,0,0,1,1,6,266,10,3,2,15,3,12,0,2,4,48,1,2,3,21:55,Philadelphia Eagles
9,9,9,2013-11-03,Sun,@,OAK,W,49,20,,24,31,77.4,418,7,13.5,18.00,158.3,1,1,25,124,0,5.0,57,542,9.51,0,0,7,7,6,259,15,6,0,21,4,10,0,0,7,52,0,0,0,22:06,Philadelphia Eagles
10,10,10,2013-11-10,Sun,@,GNB,W,27,13,,12,18,66.7,211,3,11.7,15.06,146.1,3,17,37,204,0,5.5,58,415,7.16,3,2,3,3,2,77,7,11,1,19,4,11,0,0,5,65,1,0,1,25:36,Philadelphia Eagles
11,11,11,2013-11-17,Sun,,WAS,W,24,16,,17,26,65.4,276,0,10.6,10.62,100.8,3,22,33,126,3,3.8,62,402,6.48,1,1,3,3,6,304,11,8,3,22,4,13,1,2,9,68,0,0,0,26:18,Philadelphia Eagles
12,12,13,2013-12-01,Sun,,ARI,W,24,21,,21,34,61.8,202,3,5.9,7.71,107.7,5,35,34,105,0,3.1,73,307,4.21,1,1,3,3,8,354,14,5,4,23,5,16,1,1,5,48,0,0,0,29:21,Philadelphia Eagles
13,13,14,2013-12-08,Sun,,DET,W,34,20,,11,22,50.0,179,1,8.1,7.00,73.9,0,0,46,299,4,6.5,68,478,7.03,0,0,0,0,6,249,8,13,2,23,3,12,2,3,1,5,0,1,1,31:27,Philadelphia Eagles
14,14,15,2013-12-15,Sun,@,MIN,L,30,48,,30,48,62.5,396,3,8.3,8.56,100.7,4,32,13,79,0,6.1,65,475,7.31,3,3,1,1,4,165,22,3,0,25,7,14,0,1,9,94,0,1,1,23:34,Philadelphia Eagles
15,15,16,2013-12-22,Sun,,CHI,W,54,11,,21,25,84.0,225,2,9.0,10.60,130.8,2,5,36,289,4,8.0,63,514,8.16,1,1,7,7,2,88,12,16,0,28,5,9,1,1,2,15,1,0,1,30:20,Philadelphia Eagles
16,16,17,2013-12-29,Sun,@,DAL,W,24,22,,17,27,63.0,229,2,8.5,9.96,114.6,5,34,34,137,1,4.0,66,366,5.55,1,1,3,3,5,237,12,9,0,21,5,13,0,1,6,50,1,0,1,29:43,Philadelphia Eagles
1,1,1,2013-09-08,Sun,,TEN,L,9,16,,21,33,63.6,163,1,4.9,4.18,73.2,5,28,15,31,0,2.1,53,194,3.66,0,0,1,1,7,309,13,0,1,14,4,13,1,1,4,47,1,1,2,25:59,Pittsburgh Steelers
2,2,2,2013-09-16,Mon,@,CIN,L,10,20,,20,37,54.1,234,1,6.3,5.65,71.2,2,17,16,44,0,2.8,55,278,5.05,1,1,1,1,7,326,11,2,1,14,3,12,0,0,3,29,1,1,2,24:26,Pittsburgh Steelers
3,3,3,2013-09-22,Sun,,CHI,L,23,40,,26,41,63.4,379,2,9.2,8.02,89.4,3,27,21,80,0,3.8,65,459,7.06,3,3,2,2,2,59,15,5,1,21,3,11,0,1,6,59,3,2,5,28:24,Pittsburgh Steelers
4,4,4,2013-09-29,Sun,@,MIN,L,27,34,,36,51,70.6,357,1,7.0,6.51,88.4,5,26,21,77,2,3.7,77,434,5.64,2,2,3,3,4,143,21,5,3,29,8,15,0,0,4,50,1,1,2,36:27,Pittsburgh Steelers
5,5,6,2013-10-13,Sun,@,NYJ,W,19,6,,24,31,77.4,255,1,8.2,8.87,111.6,4,24,26,73,0,2.8,61,328,5.38,4,4,1,1,6,273,11,3,2,16,6,16,0,0,7,49,0,0,0,35:49,Pittsburgh Steelers
6,6,7,2013-10-20,Sun,,BAL,W,19,16,,17,23,73.9,145,1,6.3,7.17,104.4,3,15,29,141,0,4.9,55,286,5.20,4,4,1,1,1,36,7,7,3,17,7,12,0,0,7,50,1,0,1,31:01,Pittsburgh Steelers
7,7,8,2013-10-27,Sun,@,OAK,L,18,21,,29,45,64.4,241,1,5.4,3.80,67.0,5,34,19,35,1,1.8,69,276,4.00,3,1,1,1,7,299,13,5,2,20,4,15,0,0,3,12,0,2,2,29:59,Pittsburgh Steelers
8,8,9,2013-11-03,Sun,@,NWE,L,31,55,,28,48,58.3,371,4,7.7,7.52,93.3,5,29,20,108,0,5.4,73,479,6.56,1,1,4,4,3,140,18,6,0,24,5,13,1,3,8,96,1,2,3,31:12,Pittsburgh Steelers
9,9,10,2013-11-10,Sun,,BUF,W,23,10,,18,30,60.0,164,1,5.5,4.63,72.1,4,40,33,136,1,4.1,67,300,4.48,3,3,2,2,5,195,9,8,2,19,8,17,0,0,6,42,0,1,1,35:16,Pittsburgh Steelers
10,10,11,2013-11-17,Sun,,DET,W,37,27,,29,45,64.4,358,4,8.0,9.73,118.6,1,9,27,40,0,1.5,73,398,5.45,3,3,4,4,5,219,18,4,2,24,6,16,1,1,4,23,0,0,0,32:16,Pittsburgh Steelers
11,11,12,2013-11-24,Sun,@,CLE,W,27,11,,22,34,64.7,217,2,6.4,7.56,102.2,0,0,34,85,0,2.5,68,302,4.44,2,2,3,3,7,258,12,7,0,19,4,14,0,1,2,8,0,0,0,33:39,Pittsburgh Steelers
12,12,13,2013-11-28,Thu,@,BAL,L,20,22,,28,44,63.6,257,2,5.8,6.75,94.6,0,0,18,72,1,4.0,62,329,5.31,0,0,2,2,4,174,15,5,2,22,7,13,1,2,4,51,0,0,0,30:04,Pittsburgh Steelers
13,13,14,2013-12-08,Sun,,MIA,L,28,34,,23,39,59.0,328,3,8.4,9.95,111.9,3,21,21,84,0,4.0,63,412,6.54,0,0,4,4,6,234,12,4,0,16,8,17,1,2,9,63,1,0,1,31:05,Pittsburgh Steelers
14,14,15,2013-12-15,Sun,,CIN,W,30,20,,20,25,80.0,184,1,7.4,6.36,94.0,1,7,36,106,1,2.9,62,290,4.68,3,3,3,3,3,115,11,6,2,19,2,10,2,2,4,25,0,1,1,31:36,Pittsburgh Steelers
15,15,16,2013-12-22,Sun,@,GNB,W,38,31,,17,29,58.6,192,2,6.6,6.45,87.1,1,5,29,151,2,5.2,59,343,5.81,1,1,5,5,5,178,10,8,3,21,2,10,2,2,7,58,1,1,2,26:40,Pittsburgh Steelers
16,16,17,2013-12-29,Sun,,CLE,W,20,7,,19,31,61.3,172,1,5.5,3.29,60.1,1,7,29,120,1,4.1,61,292,4.79,2,2,2,2,4,167,11,6,0,17,5,12,0,0,2,15,0,2,2,30:17,Pittsburgh Steelers
1,1,1,2013-09-08,Sun,@,CAR,W,12,7,,25,33,75.8,300,1,9.1,9.70,113.2,2,20,26,70,0,2.7,61,370,6.07,2,2,0,0,4,198,13,4,1,18,6,13,0,0,9,99,1,0,1,30:14,Seattle Seahawks
2,2,2,2013-09-15,Sun,,SFO,W,29,3,,8,19,42.1,118,1,6.2,4.89,58.7,4,24,47,172,2,3.7,70,290,4.14,2,2,3,3,5,170,5,10,4,19,5,16,1,2,10,84,0,1,1,36:43,Seattle Seahawks
3,3,3,2013-09-22,Sun,,JAX,W,45,17,,21,29,72.4,323,5,11.1,13.03,134.1,2,8,36,156,1,4.3,67,479,7.15,1,1,6,6,4,140,16,10,2,28,4,10,0,0,4,24,1,1,2,32:35,Seattle Seahawks
4,4,4,2013-09-29,Sun,@,HOU,W,23,20,OT,12,23,52.2,91,0,4.0,2.00,43.9,5,32,30,179,1,6.0,58,270,4.66,3,3,2,2,6,278,6,6,3,15,3,14,1,1,9,62,1,1,2,31:48,Seattle Seahawks
5,5,5,2013-10-06,Sun,@,IND,L,28,34,,15,31,48.4,205,2,6.6,6.45,78.0,2,5,34,218,0,6.4,67,423,6.31,5,4,2,2,2,77,10,11,0,21,2,12,1,3,7,85,1,1,2,31:22,Seattle Seahawks
6,6,6,2013-10-13,Sun,,TEN,W,20,13,,23,31,74.2,253,0,8.2,8.16,97.9,2,4,33,151,2,4.6,66,404,6.12,2,2,2,2,3,146,10,11,3,24,5,13,1,1,6,65,2,0,2,33:22,Seattle Seahawks
7,7,7,2013-10-17,Thu,@,ARI,W,34,22,,18,29,62.1,209,3,7.2,9.28,118.3,3,26,32,135,1,4.2,64,344,5.38,2,2,4,4,3,124,14,6,1,21,7,12,0,1,10,70,2,0,2,27:40,Seattle Seahawks
8,8,8,2013-10-28,Mon,@,STL,W,14,9,,10,18,55.6,91,2,5.1,7.28,106.5,7,48,15,44,0,2.9,40,135,3.38,0,0,2,2,9,403,4,1,2,7,2,11,0,0,10,83,0,0,0,21:51,Seattle Seahawks
9,9,9,2013-11-03,Sun,,TAM,W,27,24,OT,19,26,73.1,217,2,8.3,6.42,91.3,0,0,35,198,1,5.7,61,415,6.80,2,2,3,3,2,85,11,12,3,26,8,12,0,0,6,67,1,2,3,30:12,Seattle Seahawks
10,10,10,2013-11-10,Sun,@,ATL,W,33,10,,19,26,73.1,279,2,10.7,12.27,133.3,1,8,42,211,1,5.0,69,490,7.10,4,4,3,3,2,82,12,12,1,25,9,15,0,0,9,80,0,0,0,35:30,Seattle Seahawks
11,11,11,2013-11-17,Sun,,MIN,W,41,20,,14,21,66.7,230,2,11.0,12.86,135.0,1,6,28,93,2,3.3,50,323,6.46,2,2,5,5,5,208,9,7,0,16,4,11,0,0,7,96,0,0,0,25:51,Seattle Seahawks
12,12,13,2013-12-02,Mon,,NOR,W,34,7,,22,30,73.3,302,3,10.1,12.07,138.5,1,8,38,127,0,3.3,69,429,6.22,2,2,4,4,3,120,14,6,3,23,7,14,1,2,8,66,0,0,0,33:38,Seattle Seahawks
13,13,14,2013-12-08,Sun,@,SFO,L,17,19,,15,25,60.0,178,1,7.1,6.12,78.4,2,21,23,86,1,3.7,50,264,5.28,1,1,2,2,6,186,11,1,1,13,5,12,0,0,9,85,0,1,1,27:32,Seattle Seahawks
14,14,15,2013-12-15,Sun,@,NYG,W,23,0,,20,29,69.0,193,1,6.7,5.79,84.4,4,29,34,134,1,3.9,67,327,4.88,3,3,2,2,7,289,11,9,1,21,3,13,0,0,8,50,0,1,1,33:58,Seattle Seahawks
15,15,16,2013-12-22,Sun,,ARI,L,10,17,,11,27,40.7,89,1,3.3,2.37,46.7,4,19,20,103,0,5.2,51,192,3.76,2,1,1,1,9,335,6,3,1,10,2,13,0,0,9,102,1,1,2,22:36,Seattle Seahawks
16,16,17,2013-12-29,Sun,,STL,W,27,9,,15,23,65.2,158,1,6.9,7.74,99.5,4,14,36,111,1,3.1,63,269,4.27,2,2,3,3,6,318,8,7,5,20,4,13,1,1,7,65,0,0,0,33:40,Seattle Seahawks
1,1,1,2013-09-08,Sun,,GNB,W,34,28,,27,39,69.2,404,3,10.4,11.90,128.6,2,8,34,90,1,2.6,75,494,6.59,3,2,4,4,5,236,17,6,0,23,9,18,1,1,11,85,0,0,0,38:35,San Francisco 49ers
2,2,2,2013-09-15,Sun,@,SEA,L,3,29,,13,28,46.4,107,0,3.8,-1.00,17.1,3,20,20,100,0,5.0,51,207,4.06,1,1,0,0,4,196,6,5,1,12,3,12,0,1,12,121,2,3,5,23:17,San Francisco 49ers
3,3,3,2013-09-22,Sun,,IND,L,7,27,,13,27,48.1,139,0,5.1,3.48,48.2,3,11,23,115,1,5.0,53,254,4.79,0,0,1,1,7,305,8,6,0,14,3,12,1,1,6,48,1,1,2,23:35,San Francisco 49ers
4,4,4,2013-09-26,Thu,@,STL,W,35,11,,15,23,65.2,151,2,6.6,8.30,112.8,2,16,40,219,3,5.5,65,370,5.69,2,0,5,5,7,383,8,8,3,19,6,15,1,1,10,85,2,0,2,31:45,San Francisco 49ers
5,5,5,2013-10-06,Sun,,HOU,W,34,3,,6,15,40.0,107,1,7.1,8.47,87.4,1,6,36,177,2,4.9,52,284,5.46,2,2,4,4,4,195,5,11,1,17,4,11,0,1,3,17,0,0,0,26:08,San Francisco 49ers
6,6,6,2013-10-13,Sun,,ARI,W,32,20,,16,29,55.2,238,2,8.2,8.03,90.9,2,14,38,149,1,3.9,69,387,5.61,3,3,3,3,6,288,9,9,2,20,4,14,1,1,4,35,1,1,2,34:19,San Francisco 49ers
7,7,7,2013-10-20,Sun,@,TEN,W,31,17,,13,21,61.9,196,0,9.3,9.33,92.6,2,3,41,153,3,3.7,64,349,5.45,1,1,4,4,6,280,8,9,2,19,8,16,0,0,5,42,0,0,0,35:46,San Francisco 49ers
8,8,8,2013-10-27,Sun,@,JAX,W,42,10,,11,17,64.7,177,1,10.4,11.59,119.0,0,0,38,221,4,5.8,55,398,7.24,0,0,6,6,1,61,9,14,2,25,6,9,2,2,4,35,1,0,1,28:29,San Francisco 49ers
9,9,10,2013-11-10,Sun,,CAR,L,9,10,,11,22,50.0,46,0,2.1,0.05,37.3,6,45,24,105,0,4.4,52,151,2.90,3,3,0,0,7,341,3,6,1,10,2,13,0,0,4,25,1,1,2,27:57,San Francisco 49ers
10,10,11,2013-11-17,Sun,@,NOR,L,20,23,,17,31,54.8,115,2,3.7,3.55,71.3,3,12,22,81,0,3.7,56,196,3.50,2,2,2,2,7,346,8,3,1,12,6,15,0,0,5,45,0,1,1,25:21,San Francisco 49ers
11,11,12,2013-11-25,Mon,@,WAS,W,27,6,,15,24,62.5,228,3,9.5,12.00,133.3,2,7,33,76,0,2.3,59,304,5.15,2,2,3,3,4,196,12,3,0,15,4,14,1,2,4,25,1,0,1,31:26,San Francisco 49ers
12,12,13,2013-12-01,Sun,,STL,W,23,13,,19,28,67.9,255,1,9.1,9.82,108.5,4,20,30,83,1,2.8,62,338,5.45,3,3,2,2,4,191,12,2,6,20,4,12,0,0,9,85,1,0,1,33:04,San Francisco 49ers
13,13,14,2013-12-08,Sun,,SEA,W,19,17,,15,29,51.7,155,1,5.3,4.48,64.6,2,20,33,163,0,4.9,64,318,4.97,4,4,1,1,4,199,9,8,2,19,5,13,0,0,7,70,0,1,1,32:28,San Francisco 49ers
14,14,15,2013-12-15,Sun,@,TAM,W,33,14,,19,29,65.5,189,2,6.5,7.90,106.8,2,14,40,187,0,4.7,71,376,5.30,4,4,3,3,4,173,11,11,0,22,6,15,0,0,8,62,0,0,0,39:50,San Francisco 49ers
15,15,16,2013-12-23,Mon,,ATL,W,34,24,,13,21,61.9,180,1,8.6,9.52,105.3,3,17,30,199,2,6.6,54,379,7.02,2,2,4,4,3,156,8,11,1,20,4,9,0,0,7,45,0,0,0,29:32,San Francisco 49ers
16,16,17,2013-12-29,Sun,@,ARI,W,23,20,,21,34,61.8,292,2,8.6,9.76,108.9,2,18,23,83,0,3.6,59,375,6.36,4,3,2,2,6,258,15,3,1,19,3,13,0,1,4,20,0,0,0,27:40,San Francisco 49ers
1,1,1,2013-09-08,Sun,@,NYJ,L,17,18,,15,31,48.4,185,1,6.0,5.16,64.6,3,25,25,65,1,2.6,59,250,4.24,1,1,2,2,7,326,10,2,0,12,6,16,0,0,13,102,1,1,2,27:38,Tampa Bay Buccaneers
2,2,2,2013-09-15,Sun,,NOR,L,14,16,,9,22,40.9,113,1,5.1,4.00,53.8,1,12,33,160,0,4.8,56,273,4.88,1,0,2,2,6,243,6,7,1,14,5,13,0,0,10,118,1,1,2,27:24,Tampa Bay Buccaneers
3,3,3,2013-09-22,Sun,@,NWE,L,3,23,,19,41,46.3,226,0,5.5,4.41,53.5,3,10,22,97,0,4.4,66,323,4.89,2,1,0,0,3,149,14,3,1,18,5,14,0,4,4,48,0,1,1,26:59,Tampa Bay Buccaneers
4,4,4,2013-09-29,Sun,,ARI,L,10,13,,24,43,55.8,173,1,4.0,2.40,53.7,2,20,31,80,0,2.6,76,253,3.33,1,1,1,1,8,322,13,4,3,20,7,18,1,1,8,73,1,2,3,34:05,Tampa Bay Buccaneers
5,5,6,2013-10-13,Sun,,PHI,L,20,31,,26,43,60.5,257,2,6.0,5.86,83.2,2,16,21,94,0,4.5,66,351,5.32,2,2,2,2,5,230,15,3,1,19,6,15,1,2,8,72,0,1,1,33:46,Tampa Bay Buccaneers
6,6,7,2013-10-20,Sun,@,ATL,L,23,31,,26,44,59.1,226,2,5.1,6.05,87.9,3,30,28,111,0,4.0,75,337,4.49,3,3,2,2,5,188,13,5,5,23,5,17,3,3,11,103,1,0,1,37:49,Tampa Bay Buccaneers
7,7,8,2013-10-24,Thu,,CAR,L,13,31,,30,51,58.8,249,1,4.9,5.27,78.0,3,26,14,48,0,3.4,68,297,4.37,2,2,1,1,5,215,13,3,3,19,4,14,0,2,3,21,1,0,1,25:27,Tampa Bay Buccaneers
8,8,9,2013-11-03,Sun,@,SEA,L,24,27,OT,18,24,75.0,145,3,6.0,8.54,129.3,3,25,38,205,0,5.4,65,350,5.38,1,1,3,3,6,268,10,11,3,24,8,15,0,0,8,99,0,0,0,36:37,Tampa Bay Buccaneers
9,9,10,2013-11-11,Mon,,MIA,W,22,19,,11,21,52.4,124,1,5.9,4.71,66.4,2,15,37,140,1,3.8,60,264,4.40,2,2,2,2,5,212,9,7,2,18,3,12,0,0,9,70,0,1,1,34:48,Tampa Bay Buccaneers
10,10,11,2013-11-17,Sun,,ATL,W,41,28,,20,25,80.0,224,2,9.0,10.56,130.7,2,7,38,186,2,4.9,65,410,6.31,3,2,5,5,4,168,11,10,3,24,3,11,1,2,11,121,0,0,0,33:14,Tampa Bay Buccaneers
11,11,12,2013-11-24,Sun,@,DET,W,24,21,,14,21,66.7,207,2,9.9,11.76,130.5,4,40,24,22,0,0.9,49,229,4.67,3,1,3,3,5,218,7,1,2,10,4,14,0,0,9,67,0,0,0,26:38,Tampa Bay Buccaneers
12,12,13,2013-12-01,Sun,@,CAR,L,6,27,,14,21,66.7,140,0,6.7,4.52,65.6,5,40,20,66,0,3.3,46,206,4.48,3,2,0,0,4,190,5,4,1,10,1,10,0,1,4,30,1,1,2,25:35,Tampa Bay Buccaneers
13,13,14,2013-12-08,Sun,,BUF,W,27,6,,9,25,36.0,81,2,3.2,1.24,38.9,1,9,36,165,1,4.6,62,246,3.97,2,2,3,3,8,357,5,4,4,13,4,15,0,0,8,76,0,2,2,31:50,Tampa Bay Buccaneers
14,14,15,2013-12-15,Sun,,SFO,L,14,33,,18,34,52.9,144,2,4.2,4.09,71.2,4,35,12,39,0,3.3,50,183,3.66,0,0,2,2,7,334,8,3,2,13,1,10,0,2,4,32,1,1,2,20:10,Tampa Bay Buccaneers
15,15,16,2013-12-22,Sun,@,STL,L,13,23,,16,26,61.5,111,0,4.3,4.27,71.2,7,47,23,59,1,2.6,56,170,3.04,2,2,1,1,4,186,7,4,3,14,4,14,1,2,3,26,2,0,2,25:54,Tampa Bay Buccaneers
16,16,17,2013-12-29,Sun,@,NOR,L,17,42,,22,42,52.4,215,2,5.1,5.00,73.0,2,4,18,75,0,4.2,62,290,4.68,1,1,2,2,5,240,11,4,3,18,3,13,1,3,8,78,0,1,1,25:48,Tampa Bay Buccaneers
1,1,1,2013-09-08,Sun,@,PIT,W,16,9,,11,20,55.0,117,0,5.9,5.85,72.3,1,8,42,112,1,2.7,63,229,3.63,3,3,1,1,5,208,6,10,1,17,6,15,1,1,6,60,0,0,0,34:01,Tennessee Titans
2,2,2,2013-09-15,Sun,@,HOU,L,24,30,OT,17,30,56.7,129,2,4.3,5.63,89.4,4,19,33,119,0,3.6,67,248,3.70,2,1,3,3,8,382,6,6,2,14,4,16,0,1,9,70,0,0,0,31:14,Tennessee Titans
3,3,3,2013-09-22,Sun,,SDG,W,20,17,,23,37,62.2,282,1,7.6,8.16,94.7,2,17,29,170,1,5.9,68,452,6.65,3,2,2,2,3,140,14,9,0,23,6,14,1,2,11,116,0,0,0,31:38,Tennessee Titans
4,4,4,2013-09-29,Sun,,NYJ,W,38,13,,21,32,65.6,244,4,7.6,10.13,128.1,2,13,31,78,0,2.5,65,322,4.95,1,1,5,5,7,293,11,4,2,17,10,18,0,0,4,30,0,0,0,30:38,Tennessee Titans
5,5,5,2013-10-06,Sun,,KAN,L,17,26,,21,41,51.2,234,1,5.7,4.00,56.4,3,13,22,105,1,4.8,66,339,5.14,2,1,2,2,6,272,12,4,3,19,4,14,2,3,6,35,1,2,3,28:43,Tennessee Titans
6,6,6,2013-10-13,Sun,@,SEA,L,13,20,,17,29,58.6,157,0,5.4,2.31,44.8,3,14,20,66,0,3.3,52,223,4.29,2,2,1,1,4,140,8,3,2,13,4,12,1,2,7,44,0,2,2,26:38,Tennessee Titans
7,7,7,2013-10-20,Sun,,SFO,L,17,31,,25,41,61.0,298,2,7.3,7.15,89.3,3,28,13,70,0,5.4,57,368,6.46,1,1,2,2,6,263,12,2,1,15,5,14,0,0,10,100,1,1,2,24:14,Tennessee Titans
8,8,9,2013-11-03,Sun,@,STL,W,28,21,,13,22,59.1,165,0,7.5,3.41,44.7,4,20,35,198,4,5.7,61,363,5.95,0,0,4,4,5,228,8,11,3,22,7,12,0,0,3,30,0,2,2,27:09,Tennessee Titans
9,9,10,2013-11-10,Sun,,JAX,L,27,29,,26,42,61.9,279,2,6.6,6.52,87.3,1,9,27,83,1,3.1,70,362,5.17,2,2,3,3,5,219,13,4,2,19,10,18,0,0,6,45,3,1,4,30:36,Tennessee Titans
10,10,11,2013-11-14,Thu,,IND,L,27,30,,22,28,78.6,218,1,7.8,8.50,111.0,2,4,24,122,2,5.1,54,340,6.30,2,2,3,3,3,117,10,7,3,20,6,11,0,0,4,34,1,0,1,27:37,Tennessee Titans
11,11,12,2013-11-24,Sun,@,OAK,W,23,19,,30,42,71.4,312,2,7.4,8.38,108.4,2,8,29,114,0,3.9,73,426,5.84,3,3,2,2,5,163,16,4,2,22,10,18,0,0,10,100,0,0,0,35:48,Tennessee Titans
12,12,13,2013-12-01,Sun,@,IND,L,14,22,,21,37,56.8,185,1,5.0,1.89,45.4,1,16,36,162,1,4.5,74,347,4.69,0,0,2,2,6,222,11,10,3,24,6,15,1,1,6,74,1,3,4,33:55,Tennessee Titans
13,13,14,2013-12-08,Sun,@,DEN,L,28,51,,13,24,54.2,158,1,6.6,5.54,71.2,2,14,22,96,3,4.4,48,254,5.29,0,0,4,4,4,201,6,8,1,15,2,9,2,3,8,66,1,1,2,20:40,Tennessee Titans
14,14,15,2013-12-15,Sun,,ARI,L,34,37,OT,36,58,62.1,394,4,6.8,6.62,90.7,3,8,19,66,0,3.5,80,460,5.75,3,2,4,4,3,145,23,3,6,32,7,14,0,0,3,16,1,2,3,33:44,Tennessee Titans
15,15,16,2013-12-22,Sun,@,JAX,W,20,16,,17,26,65.4,164,1,6.3,5.35,79.6,3,17,44,182,1,4.1,73,346,4.74,2,2,2,2,3,140,10,10,2,22,3,13,3,4,1,4,0,1,1,35:39,Tennessee Titans
16,16,17,2013-12-29,Sun,,HOU,W,16,10,,15,24,62.5,160,0,6.7,4.79,64.6,1,6,36,151,1,4.2,61,311,5.10,3,3,1,1,6,253,6,8,3,17,4,14,0,0,7,76,0,1,1,32:15,Tennessee Titans
1,1,1,2013-09-09,Mon,,PHI,L,27,33,,30,49,61.2,308,2,6.3,5.27,75.9,3,21,18,74,1,4.1,70,382,5.46,1,0,3,3,3,126,19,6,0,25,2,10,1,2,10,75,1,2,3,27:21,Washington Commanders
2,2,2,2013-09-15,Sun,@,GNB,L,20,38,,26,40,65.0,314,3,7.9,8.23,103.5,1,6,17,108,0,6.4,58,422,7.28,1,0,2,2,5,184,15,3,0,18,3,11,1,2,7,78,0,1,1,27:31,Washington Commanders
3,3,3,2013-09-22,Sun,,DET,L,20,27,,32,50,64.0,300,0,6.0,5.10,72.1,2,26,22,120,1,5.5,74,420,5.68,2,2,2,2,5,231,21,2,4,27,6,13,0,0,6,45,1,1,2,31:12,Washington Commanders
4,4,4,2013-09-29,Sun,@,OAK,W,24,14,,18,31,58.1,217,1,7.0,7.65,90.4,1,10,32,122,1,3.8,64,339,5.30,1,1,3,3,8,280,10,5,0,15,5,16,0,1,3,29,1,0,1,27:38,Washington Commanders
5,5,6,2013-10-13,Sun,@,DAL,L,16,31,,19,39,48.7,217,0,5.6,4.41,55.2,3,29,33,216,1,6.5,75,433,5.77,4,3,1,1,3,141,10,11,4,25,8,16,0,1,12,104,1,1,2,34:32,Washington Commanders
6,6,7,2013-10-20,Sun,,CHI,W,45,41,,18,29,62.1,290,2,10.0,9.83,104.1,1,8,43,209,3,4.9,73,499,6.84,1,1,6,6,5,218,13,13,2,28,7,13,0,0,5,47,0,1,1,33:56,Washington Commanders
7,7,8,2013-10-27,Sun,@,DEN,L,21,45,,20,39,51.3,154,1,3.9,-0.15,30.2,3,26,28,112,1,4.0,70,266,3.80,0,0,3,3,7,274,11,8,3,22,6,14,0,0,1,5,1,4,5,28:00,Washington Commanders
8,8,9,2013-11-03,Sun,,SDG,W,30,24,OT,23,32,71.9,291,0,9.1,7.69,86.8,0,0,40,209,4,5.2,72,500,6.94,3,1,3,3,3,123,12,13,2,27,12,17,0,0,7,65,0,1,1,40:03,Washington Commanders
9,9,10,2013-11-07,Thu,@,MIN,L,27,34,,24,37,64.9,242,3,6.5,8.16,110.4,4,39,36,191,0,5.3,77,433,5.62,2,2,3,3,3,135,17,9,1,27,9,16,1,2,8,63,0,0,0,36:01,Washington Commanders
10,10,11,2013-11-17,Sun,@,PHI,L,16,24,,17,35,48.6,236,2,6.7,6.60,77.8,4,28,38,191,0,5.0,77,427,5.55,0,0,0,0,6,223,10,11,2,23,8,17,0,1,4,39,1,1,2,33:42,Washington Commanders
11,11,12,2013-11-25,Mon,,SFO,L,6,27,,16,26,61.5,76,0,2.9,1.19,49.8,6,42,26,114,0,4.4,58,190,3.28,2,2,0,0,7,315,4,6,0,10,4,15,0,2,4,30,0,1,1,28:34,Washington Commanders
12,12,13,2013-12-01,Sun,,NYG,L,17,24,,24,32,75.0,184,1,5.8,6.38,99.0,5,23,31,139,1,4.5,68,323,4.75,1,1,2,2,7,285,10,8,0,18,5,16,2,3,8,55,1,0,1,31:35,Washington Commanders
13,13,14,2013-12-08,Sun,,KAN,L,10,45,,19,42,45.2,192,1,4.6,3.98,56.8,6,31,17,65,0,3.8,65,257,3.95,1,1,1,1,8,338,11,2,0,13,3,15,0,2,4,27,1,1,2,25:50,Washington Commanders
14,14,15,2013-12-15,Sun,@,ATL,L,26,27,,29,45,64.4,373,3,8.3,7.62,94.0,1,8,21,103,0,4.9,67,476,7.10,2,2,2,2,3,158,18,4,0,22,5,10,0,0,9,66,5,2,7,26:08,Washington Commanders
15,15,16,2013-12-22,Sun,,DAL,L,23,24,,21,36,58.3,197,1,5.5,4.78,71.2,0,0,28,100,1,3.6,64,297,4.64,3,3,2,2,3,131,10,6,1,17,7,16,0,1,8,44,0,1,1,33:47,Washington Commanders
16,16,17,2013-12-29,Sun,@,NYG,L,6,20,,19,49,38.8,160,0,3.3,1.43,31.0,3,9,23,91,0,4.0,75,251,3.35,2,2,0,0,9,364,7,5,0,12,5,20,1,3,3,30,2,2,4,28:21,Washington Commanders
