rk,gtm,week,date,day,game_location,opp,result,pts,pts_opp,ot,pass_cmp,pass_att,pass_cmp_pct,pass_yds,pass_td,pass_ya,pass_aya,pass_rate,pass_sk,pass_sk_yds,rush_att,rush_yds,rush_td,rush_ya,plays,total_yds,ypp,fga,fgm,xpa,xpm,punt,punt_yds,first_downs_pass,first_downs_rush,first_downs_pen,first_downs_total,third_down_conv,third_down_att,fourth_down_conv,fourth_down_att,pen,pen_yds,fumbles_lost,turnovers_int,turnovers_total,time_of_poss,team_name
1,1,1,2015-09-13,Sun,,NOR,W,31,19,,19,32,59.4,307,3,9.6,11.47,122.8,0,0,25,120,1,4.8,57,427,7.49,1,1,4,4,4,158,13,7,5,25,5,10,0,0,5,30,1,0,1,26:36,Arizona Cardinals
2,2,2,2015-09-20,Sun,@,CHI,W,48,23,,17,24,70.8,185,4,7.7,9.17,115.5,0,0,28,115,1,4.1,52,300,5.77,0,0,7,6,3,121,12,6,3,21,5,9,1,1,8,58,1,1,2,30:04,Arizona Cardinals
3,3,3,2015-09-27,Sun,,SFO,W,47,7,,20,32,62.5,307,2,9.6,9.44,102.0,1,4,37,139,2,3.8,70,446,6.37,1,1,6,6,4,144,15,9,4,28,6,13,1,1,4,24,0,1,1,36:32,Arizona Cardinals
4,4,4,2015-10-04,Sun,,STL,L,22,24,,29,46,63.0,334,1,7.3,6.72,83.1,4,18,21,113,0,5.4,71,447,6.30,5,5,1,1,1,44,17,7,2,26,2,11,1,2,3,20,2,1,3,33:13,Arizona Cardinals
5,5,5,2015-10-11,Sun,@,DET,W,42,17,,12,18,66.7,158,3,8.8,12.11,133.8,2,13,25,187,3,7.5,45,345,7.67,0,0,6,6,6,227,7,7,1,15,1,8,0,0,9,70,0,0,0,23:28,Arizona Cardinals
6,6,6,2015-10-18,Sun,@,PIT,L,13,25,,29,45,64.4,414,1,9.2,7.64,83.0,1,7,20,55,0,2.8,66,469,7.11,3,2,1,1,3,129,18,2,1,21,5,12,0,1,9,111,1,2,3,31:09,Arizona Cardinals
7,7,7,2015-10-26,Mon,,BAL,W,26,18,,20,29,69.0,264,2,9.1,10.48,120.5,2,11,28,150,1,5.4,59,414,7.02,3,2,3,2,4,144,14,5,2,21,5,12,0,0,4,40,0,0,0,29:36,Arizona Cardinals
8,8,8,2015-11-01,Sun,@,CLE,W,34,20,,23,38,60.5,372,4,9.8,10.71,117.4,1,2,38,119,0,3.1,77,491,6.38,2,2,4,4,2,100,17,6,2,25,13,16,0,0,5,25,3,1,4,34:23,Arizona Cardinals
9,9,10,2015-11-15,Sun,@,SEA,W,39,32,,29,47,61.7,334,3,7.1,7.43,95.5,3,29,33,117,1,3.5,83,451,5.43,3,3,4,4,3,134,20,5,5,30,8,17,0,0,9,66,2,1,3,38:52,Arizona Cardinals
10,10,11,2015-11-22,Sun,,CIN,W,34,31,,20,31,64.5,301,4,9.7,9.39,109.0,2,16,25,82,0,3.3,58,383,6.60,2,2,4,4,4,185,15,2,4,21,5,11,0,0,7,40,0,2,2,28:45,Arizona Cardinals
11,11,12,2015-11-29,Sun,@,SFO,W,19,13,,24,40,60.0,267,0,6.7,6.68,79.9,1,4,29,70,2,2.4,70,337,4.81,2,2,2,1,4,183,14,5,7,26,7,14,0,1,7,47,0,0,0,37:27,Arizona Cardinals
12,12,13,2015-12-06,Sun,@,STL,W,27,3,,27,41,65.9,349,2,8.5,9.49,108.7,2,13,36,175,1,4.9,79,524,6.63,2,2,3,3,6,261,18,8,3,29,7,16,0,1,3,25,0,0,0,39:47,Arizona Cardinals
13,13,14,2015-12-10,Thu,,MIN,W,23,20,,25,35,71.4,296,2,8.5,9.60,115.9,2,14,29,97,0,3.3,66,393,5.95,3,3,2,2,3,133,16,6,0,22,6,13,1,1,4,30,0,0,0,31:59,Arizona Cardinals
14,14,15,2015-12-20,Sun,@,PHI,W,40,17,,20,33,60.6,263,1,8.0,8.58,95.9,2,11,39,230,3,5.9,74,493,6.66,2,2,5,4,4,156,15,12,1,28,8,14,0,0,1,10,0,0,0,37:28,Arizona Cardinals
15,15,16,2015-12-27,Sun,,GNB,W,38,8,,19,28,67.9,260,2,9.3,9.11,106.2,2,9,26,121,1,4.7,56,381,6.80,1,1,5,5,4,172,13,5,1,19,5,10,0,0,10,119,1,1,2,30:16,Arizona Cardinals
16,16,17,2016-01-03,Sun,,SEA,L,6,36,,20,43,46.5,205,1,4.8,2.09,39.4,2,8,13,27,0,2.1,58,232,4.00,1,0,1,0,6,284,13,0,3,16,5,12,0,1,6,43,0,3,3,23:23,Arizona Cardinals
1,1,1,2015-09-14,Mon,,PHI,W,26,24,,23,34,67.6,290,2,8.5,7.06,89.1,1,8,35,105,0,3.0,70,395,5.64,4,4,2,2,4,231,16,3,2,21,4,14,0,0,7,57,0,2,2,35:27,Atlanta Falcons
2,2,2,2015-09-20,Sun,@,NYG,W,24,20,,30,46,65.2,346,1,7.5,7.96,95.0,2,17,22,56,2,2.5,70,402,5.74,1,1,3,3,5,273,19,5,1,25,11,17,0,0,6,65,0,0,0,31:35,Atlanta Falcons
3,3,3,2015-09-27,Sun,@,DAL,W,39,28,,24,36,66.7,280,2,7.8,8.89,108.6,1,5,32,158,3,4.9,69,438,6.35,1,1,4,4,4,205,14,10,2,26,9,14,0,0,6,70,0,0,0,34:13,Atlanta Falcons
4,4,4,2015-10-04,Sun,,HOU,W,48,21,,19,27,70.4,243,1,9.0,9.74,110.6,2,13,35,135,4,3.9,64,378,5.91,0,0,6,6,6,286,10,8,4,22,9,16,1,1,10,80,0,0,0,35:52,Atlanta Falcons
5,5,5,2015-10-11,Sun,,WAS,W,25,19,OT,24,42,57.1,242,0,5.8,3.62,53.9,3,12,32,176,1,5.5,77,418,5.43,4,2,1,1,1,51,14,12,3,29,6,15,3,3,4,62,1,2,3,34:56,Atlanta Falcons
6,6,6,2015-10-15,Thu,@,NOR,L,21,31,,30,44,68.2,263,2,6.0,6.89,99.0,5,32,21,150,1,7.1,70,413,5.90,0,0,3,3,4,124,15,8,0,23,3,12,3,4,7,41,3,0,3,27:30,Atlanta Falcons
7,7,7,2015-10-25,Sun,@,TEN,W,10,7,,22,38,57.9,251,1,6.6,4.76,64.7,0,0,31,127,0,4.1,69,378,5.48,2,1,1,1,4,174,10,9,2,21,5,14,0,2,6,53,0,2,2,34:45,Atlanta Falcons
8,8,8,2015-11-01,Sun,,TAM,L,20,23,OT,37,45,82.2,395,2,8.8,8.67,108.8,1,2,27,101,0,3.7,73,496,6.79,2,2,2,2,0,0,19,7,2,28,6,12,2,3,11,124,3,1,4,39:05,Atlanta Falcons
9,9,9,2015-11-08,Sun,@,SFO,L,16,17,,30,45,66.7,285,1,6.3,6.78,91.4,2,18,14,17,0,1.2,61,302,4.95,3,3,1,1,7,304,15,2,0,17,5,15,0,0,6,63,0,0,0,32:08,Atlanta Falcons
10,10,11,2015-11-22,Sun,,IND,L,21,24,,25,46,54.3,275,3,6.0,4.35,66.8,1,5,24,100,0,4.2,71,375,5.28,1,0,3,3,5,253,15,3,3,21,8,16,0,1,6,69,1,3,4,27:21,Atlanta Falcons
11,11,12,2015-11-29,Sun,,MIN,L,10,20,,22,31,71.0,210,1,6.8,4.52,73.3,2,20,24,116,0,4.8,57,326,5.72,1,1,1,1,2,98,14,2,6,22,5,11,0,1,6,78,1,2,3,26:32,Atlanta Falcons
12,12,13,2015-12-06,Sun,@,TAM,L,19,23,,30,45,66.7,255,1,5.7,5.11,79.4,3,14,18,64,0,3.6,66,319,4.83,4,4,1,1,4,193,14,6,1,21,8,16,0,0,7,58,0,1,1,28:45,Atlanta Falcons
13,13,14,2015-12-13,Sun,@,CAR,L,0,38,,25,41,61.0,176,0,4.3,2.10,50.5,5,59,16,54,0,3.4,62,230,3.71,0,0,0,0,5,228,11,3,1,15,4,14,1,4,6,54,2,2,4,28:21,Atlanta Falcons
14,14,15,2015-12-20,Sun,@,JAX,W,23,17,,22,35,62.9,245,1,7.0,6.29,81.2,1,1,33,83,1,2.5,69,328,4.75,3,3,2,2,5,216,13,6,3,22,7,14,0,0,5,43,0,1,1,34:33,Atlanta Falcons
15,15,16,2015-12-27,Sun,,CAR,W,20,13,,23,30,76.7,296,1,9.9,10.53,118.2,2,10,30,77,1,2.6,62,373,6.02,3,2,2,2,1,25,13,6,2,21,9,15,0,0,3,20,1,0,1,35:38,Atlanta Falcons
16,16,17,2016-01-03,Sun,,NOR,L,17,20,,24,36,66.7,327,2,9.1,8.94,102.4,1,7,26,87,0,3.3,63,414,6.57,2,1,2,2,2,74,18,5,2,25,8,12,0,0,4,32,1,1,2,30:26,Atlanta Falcons
1,1,1,2015-09-13,Sun,@,DEN,L,13,19,,18,32,56.3,100,0,3.1,0.31,35.9,2,17,23,73,0,3.2,57,173,3.04,2,2,1,1,6,310,4,6,1,11,2,13,1,1,3,15,0,2,2,22:43,Baltimore Ravens
2,2,2,2015-09-20,Sun,@,OAK,L,33,37,,32,45,71.1,384,2,8.5,8.42,102.5,0,0,25,109,1,4.4,70,493,7.04,4,4,3,3,2,92,17,7,5,29,4,11,2,2,10,109,1,1,2,30:27,Baltimore Ravens
3,3,3,2015-09-27,Sun,,CIN,L,24,28,,32,49,65.3,362,2,7.4,7.29,92.4,0,0,18,36,0,2.0,67,398,5.94,2,1,3,3,4,174,13,4,2,19,7,16,2,3,13,116,0,1,1,29:52,Baltimore Ravens
4,4,4,2015-10-01,Thu,@,PIT,W,23,20,OT,21,34,61.8,165,1,4.9,4.12,71.3,5,21,39,191,1,4.9,78,356,4.56,3,3,2,2,4,204,10,10,1,21,6,17,1,4,4,30,1,1,2,37:43,Baltimore Ravens
5,5,5,2015-10-11,Sun,,CLE,L,30,33,OT,19,35,54.3,196,1,5.6,6.17,80.2,1,14,31,181,3,5.8,67,377,5.63,2,1,3,3,6,297,9,10,3,22,5,14,0,0,12,98,0,0,0,29:01,Baltimore Ravens
6,6,6,2015-10-18,Sun,@,SFO,L,20,25,,33,53,62.3,343,2,6.5,5.53,77.8,0,0,22,77,0,3.5,75,420,5.60,3,2,2,2,3,159,16,9,0,25,4,13,1,1,3,15,0,2,2,33:07,Baltimore Ravens
7,7,7,2015-10-26,Mon,@,ARI,L,18,26,,26,40,65.0,221,1,5.5,4.90,77.2,3,31,16,55,1,3.4,59,276,4.68,1,1,1,1,6,272,14,3,1,18,5,13,1,1,9,64,1,1,2,30:24,Baltimore Ravens
8,8,8,2015-11-01,Sun,,SDG,W,29,26,,25,37,67.6,293,1,7.9,8.46,100.4,3,26,25,72,1,2.9,65,365,5.62,5,5,2,2,2,122,14,6,3,23,5,12,1,1,5,46,0,0,0,29:54,Baltimore Ravens
9,9,10,2015-11-15,Sun,,JAX,L,20,22,,34,45,75.6,308,3,6.8,6.18,97.3,1,8,21,89,0,4.2,67,397,5.93,1,0,2,2,5,202,15,7,0,22,8,14,0,1,9,121,2,2,4,29:28,Baltimore Ravens
10,10,11,2015-11-22,Sun,,STL,W,16,13,,27,44,61.4,292,1,6.6,5.05,69.5,1,7,28,96,0,3.4,73,388,5.32,5,3,1,1,7,336,11,5,0,16,4,16,0,1,10,137,0,2,2,32:52,Baltimore Ravens
11,11,12,2015-11-30,Mon,@,CLE,W,33,27,,20,34,58.8,232,2,6.8,5.35,74.6,0,0,23,104,0,4.5,57,336,5.89,2,2,3,3,4,171,10,6,0,16,2,11,2,2,7,50,0,2,2,29:30,Baltimore Ravens
12,12,13,2015-12-06,Sun,@,MIA,L,13,15,,32,46,69.6,281,1,6.1,4.59,74.6,3,27,26,94,0,3.6,75,375,5.00,3,2,1,1,5,267,18,4,0,22,5,14,0,1,5,36,0,2,2,38:09,Baltimore Ravens
13,13,14,2015-12-13,Sun,,SEA,L,6,35,,23,40,57.5,274,0,6.9,5.73,68.1,1,0,14,28,0,2.0,55,302,5.49,2,2,0,0,5,226,13,0,3,16,3,11,0,1,9,94,1,1,2,24:17,Baltimore Ravens
14,14,15,2015-12-20,Sun,,KAN,L,14,34,,26,45,57.8,273,2,6.1,4.96,71.8,2,8,20,93,0,4.7,67,366,5.46,0,0,2,2,5,218,13,4,2,19,4,13,1,3,7,63,1,2,3,27:41,Baltimore Ravens
15,15,16,2015-12-27,Sun,,PIT,W,20,17,,28,41,68.3,265,1,6.5,6.95,94.1,1,9,31,121,1,3.9,73,386,5.29,2,2,2,2,6,234,16,6,0,22,9,18,0,0,12,121,0,0,0,34:20,Baltimore Ravens
16,16,17,2016-01-03,Sun,@,CIN,L,16,24,,30,56,53.6,282,1,5.0,3.79,58.8,1,10,21,59,0,2.8,78,341,4.37,3,3,1,1,4,170,18,2,2,22,12,20,0,2,4,38,0,2,2,29:16,Baltimore Ravens
1,1,1,2015-09-13,Sun,,IND,W,27,14,,14,19,73.7,195,1,10.3,11.32,123.8,0,0,36,147,2,4.1,55,342,6.22,2,2,3,3,5,252,7,7,1,15,5,13,0,0,11,113,0,0,0,30:56,Buffalo Bills
2,2,2,2015-09-20,Sun,,NWE,L,32,40,,23,30,76.7,189,3,6.3,3.80,86.0,8,53,27,160,2,5.9,65,349,5.37,0,0,3,2,6,249,11,11,1,23,4,13,1,1,14,140,0,3,3,30:03,Buffalo Bills
3,3,3,2015-09-27,Sun,@,MIA,W,41,14,,21,29,72.4,277,3,9.6,11.62,136.7,0,0,34,151,1,4.4,63,428,6.79,3,2,5,5,3,137,14,4,3,21,7,13,0,0,5,40,0,0,0,31:53,Buffalo Bills
4,4,4,2015-10-04,Sun,,NYG,L,10,24,,28,42,66.7,258,1,6.1,5.55,81.2,2,16,24,55,0,2.3,68,313,4.60,2,1,1,1,7,363,11,2,1,14,3,16,1,3,17,135,1,1,2,29:27,Buffalo Bills
5,5,5,2015-10-11,Sun,@,TEN,W,14,13,,11,18,61.1,82,1,4.6,5.67,90.5,4,31,28,127,1,4.5,50,209,4.18,0,0,2,2,7,357,6,5,2,13,4,12,0,0,7,62,1,0,1,24:29,Buffalo Bills
6,6,6,2015-10-18,Sun,,CIN,L,21,34,,28,42,66.7,256,1,6.1,5.50,81.1,2,7,23,112,2,4.9,67,368,5.49,0,0,3,3,5,243,13,9,0,22,5,13,1,2,8,93,0,1,1,30:00,Buffalo Bills
7,7,7,2015-10-25,Sun,@,JAX,L,31,34,,24,42,57.1,260,2,6.2,5.00,71.5,4,38,28,115,0,4.1,74,375,5.07,3,3,2,2,3,148,13,10,3,26,3,12,0,1,10,87,2,2,4,31:22,Buffalo Bills
8,8,9,2015-11-08,Sun,,MIA,W,33,17,,11,12,91.7,154,1,12.8,14.50,146.5,3,27,36,266,3,7.4,51,420,8.24,1,1,4,4,3,150,7,10,1,18,8,13,0,0,13,94,0,0,0,31:13,Buffalo Bills
9,9,10,2015-11-12,Thu,@,NYJ,W,22,17,,17,27,63.0,132,1,4.9,5.63,87.3,4,26,33,148,0,4.5,64,280,4.38,3,3,2,1,8,347,6,7,0,13,5,16,0,1,5,44,0,0,0,33:16,Buffalo Bills
10,10,11,2015-11-23,Mon,@,NWE,L,13,20,,20,36,55.6,225,0,6.3,6.25,74.4,2,8,30,94,1,3.1,68,319,4.69,3,2,1,1,7,319,9,6,1,16,3,15,1,1,5,44,1,0,1,32:55,Buffalo Bills
11,11,12,2015-11-29,Sun,@,KAN,L,22,30,,21,38,55.3,286,3,7.5,9.11,105.8,1,5,28,129,0,4.6,67,415,6.19,1,1,2,1,3,119,13,9,3,25,5,12,0,1,9,91,2,0,2,30:32,Buffalo Bills
12,12,13,2015-12-06,Sun,,HOU,W,30,21,,11,21,52.4,203,3,9.7,12.52,125.6,1,8,36,187,1,5.2,58,390,6.72,2,1,4,3,6,272,7,8,0,15,8,16,0,0,5,42,0,0,0,28:07,Buffalo Bills
13,13,14,2015-12-13,Sun,@,PHI,L,20,23,,19,36,52.8,260,1,7.2,6.53,73.8,1,8,32,152,1,4.8,69,412,5.97,2,2,2,2,7,315,11,7,0,18,6,16,0,0,15,101,1,1,2,35:02,Buffalo Bills
14,14,15,2015-12-20,Sun,@,WAS,L,25,35,,16,27,59.3,212,2,7.9,9.33,108.9,5,23,31,240,1,7.7,63,452,7.17,1,1,2,2,4,145,10,11,0,21,5,13,1,3,8,56,0,0,0,30:56,Buffalo Bills
15,15,16,2015-12-27,Sun,,DAL,W,16,6,,13,18,72.2,172,0,9.6,7.06,78.9,3,7,40,236,2,5.9,61,408,6.69,1,1,2,1,3,143,7,11,1,19,6,14,0,1,7,62,1,1,2,31:30,Buffalo Bills
16,16,17,2016-01-03,Sun,,NYJ,W,22,17,,18,28,64.3,182,0,6.5,6.50,82.7,2,0,43,113,2,2.6,73,295,4.04,3,3,2,1,5,243,10,5,3,18,9,20,2,2,4,45,1,0,1,39:13,Buffalo Bills
1,1,1,2015-09-13,Sun,@,JAX,W,20,9,,18,31,58.1,158,1,5.1,4.29,69.0,2,17,35,105,0,3.0,68,263,3.87,4,2,2,2,4,179,10,6,1,17,8,17,1,1,3,22,0,1,1,34:06,Carolina Panthers
2,2,2,2015-09-20,Sun,,HOU,W,24,17,,18,37,48.6,178,2,4.8,4.68,69.4,2,17,33,172,1,5.2,72,350,4.86,2,1,3,3,7,377,13,9,3,25,4,13,0,0,10,92,0,1,1,32:29,Carolina Panthers
3,3,3,2015-09-27,Sun,,NOR,W,27,22,,20,31,64.5,312,2,10.1,11.35,119.3,1,3,30,119,1,4.0,62,431,6.95,2,2,3,3,4,173,15,7,2,24,5,11,1,1,10,88,0,0,0,27:16,Carolina Panthers
4,4,4,2015-10-04,Sun,@,TAM,W,37,23,,11,22,50.0,111,2,5.0,6.86,95.1,2,13,33,133,0,4.0,57,244,4.28,3,3,4,4,4,154,7,8,2,17,3,11,0,0,5,45,1,0,1,27:50,Carolina Panthers
5,5,6,2015-10-18,Sun,@,SEA,W,27,23,,20,36,55.6,248,1,6.9,4.94,63.2,3,21,33,135,3,4.1,72,383,5.32,0,0,4,3,5,243,14,10,1,25,4,11,0,1,5,25,0,2,2,32:12,Carolina Panthers
6,6,7,2015-10-25,Sun,,PHI,W,27,16,,14,24,58.3,190,1,7.9,3.13,58.0,1,7,33,204,2,6.2,58,394,6.79,2,2,3,3,4,157,11,9,1,21,2,9,0,0,5,43,0,3,3,28:54,Carolina Panthers
7,7,8,2015-11-02,Mon,,IND,W,29,26,OT,16,35,45.7,239,2,6.8,6.69,75.8,2,9,36,140,1,3.9,73,379,5.19,3,3,3,2,7,293,10,7,0,17,4,16,2,2,6,55,2,1,3,33:40,Carolina Panthers
8,8,9,2015-11-08,Sun,,GNB,W,37,29,,15,30,50.0,297,3,9.9,10.40,104.4,0,0,36,130,1,3.6,66,427,6.47,4,3,4,4,6,289,10,9,1,20,5,15,0,0,6,45,0,1,1,32:12,Carolina Panthers
9,9,10,2015-11-15,Sun,@,TEN,W,27,10,,21,25,84.0,184,1,7.4,8.16,110.7,5,33,34,119,2,3.5,64,303,4.73,2,2,3,3,4,189,13,10,1,24,7,13,0,0,5,45,0,0,0,35:55,Carolina Panthers
10,10,11,2015-11-22,Sun,,WAS,W,44,16,,21,34,61.8,226,5,6.6,9.59,120.8,2,20,39,142,0,3.6,75,368,4.91,3,3,5,5,4,207,17,8,2,27,7,14,0,1,8,66,0,0,0,38:07,Carolina Panthers
11,11,12,2015-11-26,Thu,@,DAL,W,33,14,,16,27,59.3,165,0,6.1,6.11,76.9,1,18,37,129,1,3.5,65,294,4.52,5,4,3,3,2,80,8,9,1,18,8,16,0,0,8,53,0,0,0,35:14,Carolina Panthers
12,12,13,2015-12-06,Sun,@,NOR,W,41,38,,28,41,68.3,322,5,7.9,9.20,121.1,1,9,34,175,1,5.1,76,497,6.54,0,0,6,5,3,114,18,9,6,33,3,8,2,2,8,87,2,1,3,36:34,Carolina Panthers
13,13,14,2015-12-13,Sun,,ATL,W,38,0,,19,27,70.4,282,3,10.4,12.67,141.3,2,19,32,142,2,4.4,61,424,6.95,1,1,5,5,4,196,12,7,1,20,6,12,0,1,6,60,0,0,0,31:21,Carolina Panthers
14,14,15,2015-12-20,Sun,@,NYG,W,38,35,,25,45,55.6,309,5,6.9,9.09,114.0,3,31,29,171,0,5.9,77,480,6.23,2,1,5,5,7,318,20,7,1,28,9,17,0,0,7,88,1,0,1,30:52,Carolina Panthers
15,15,16,2015-12-27,Sun,@,ATL,L,13,20,,17,30,56.7,113,0,3.8,3.77,65.0,2,29,20,155,1,7.8,52,268,5.15,2,2,1,1,3,130,7,11,0,18,4,10,0,1,4,40,1,0,1,24:22,Carolina Panthers
16,16,17,2016-01-03,Sun,,TAM,W,38,10,,21,26,80.8,255,2,9.8,11.35,133.2,4,38,32,111,3,3.5,62,366,5.90,1,1,5,5,2,76,12,10,1,23,7,10,0,0,7,33,2,0,2,31:50,Carolina Panthers
1,1,1,2015-09-13,Sun,,GNB,L,23,31,,18,36,50.0,213,1,5.9,5.22,66.1,2,12,33,189,1,5.7,71,402,5.66,3,3,2,2,1,56,12,10,3,25,11,17,2,3,6,64,0,1,1,31:52,Chicago Bears
2,2,2,2015-09-20,Sun,,ARI,L,23,48,,22,32,68.8,226,1,7.1,4.88,73.2,2,15,28,109,1,3.9,62,335,5.40,3,3,2,2,5,229,7,8,3,18,2,12,0,1,14,170,0,2,2,29:56,Chicago Bears
3,3,3,2015-09-27,Sun,@,SEA,L,0,26,,9,17,52.9,48,0,2.8,2.82,58.7,2,15,27,98,0,3.6,46,146,3.17,0,0,0,0,10,477,2,5,0,7,3,13,0,0,6,40,0,0,0,27:24,Chicago Bears
4,4,4,2015-10-04,Sun,,OAK,W,22,20,,28,43,65.1,273,2,6.3,6.23,88.6,3,8,29,98,0,3.4,75,371,4.95,3,3,2,1,3,136,17,4,2,23,10,17,1,1,7,48,2,1,3,33:22,Chicago Bears
5,5,5,2015-10-11,Sun,@,KAN,W,18,17,,26,45,57.8,241,2,5.4,6.24,87.4,2,11,26,87,0,3.3,73,328,4.49,2,2,0,0,5,235,14,5,2,21,6,14,0,1,6,49,1,0,1,33:37,Chicago Bears
6,6,6,2015-10-18,Sun,@,DET,L,34,37,OT,26,41,63.4,353,1,8.6,8.00,88.8,1,0,31,91,2,2.9,73,444,6.08,4,4,2,2,5,222,13,7,4,24,6,14,0,0,9,76,0,1,1,33:34,Chicago Bears
7,7,8,2015-11-01,Sun,,MIN,L,20,23,,22,33,66.7,208,1,6.3,6.91,94.0,1,3,25,97,1,3.9,59,305,5.17,3,2,2,2,5,221,11,6,1,18,3,12,1,1,4,38,0,0,0,32:42,Chicago Bears
8,8,9,2015-11-09,Mon,@,SDG,W,22,19,,27,40,67.5,337,2,8.4,8.30,99.7,1,8,29,109,1,3.8,70,446,6.37,2,0,2,2,2,85,20,5,0,25,9,15,0,0,6,55,1,1,2,33:35,Chicago Bears
9,9,10,2015-11-15,Sun,@,STL,W,37,13,,19,24,79.2,244,3,10.2,12.67,148.6,2,14,37,153,1,4.1,63,397,6.30,3,3,4,4,4,187,8,8,1,17,3,12,1,1,4,44,2,0,2,34:22,Chicago Bears
10,10,11,2015-11-22,Sun,,DEN,L,15,17,,18,32,56.3,261,0,8.2,6.75,69.9,2,4,25,86,1,3.4,59,347,5.88,3,3,0,0,4,137,9,5,5,19,4,12,0,1,0,0,1,1,2,26:47,Chicago Bears
11,11,12,2015-11-26,Thu,@,GNB,W,17,13,,19,31,61.3,189,1,6.1,6.74,89.3,1,11,31,101,1,3.3,63,290,4.60,1,1,2,2,8,323,12,4,1,17,5,14,0,0,12,95,0,0,0,31:12,Chicago Bears
12,12,13,2015-12-06,Sun,,SFO,L,20,26,OT,18,31,58.1,194,0,6.3,4.81,63.1,1,8,42,170,2,4.0,74,364,4.92,4,2,2,2,6,257,8,12,0,20,8,17,0,0,8,72,0,1,1,37:24,Chicago Bears
13,13,14,2015-12-13,Sun,,WAS,L,21,24,,19,31,61.3,290,2,9.4,10.65,113.6,3,25,22,87,1,4.0,56,377,6.73,1,0,3,3,5,228,14,4,2,20,5,11,0,0,7,79,1,0,1,25:38,Chicago Bears
14,14,15,2015-12-20,Sun,@,MIN,L,17,38,,26,37,70.3,199,2,5.4,5.24,89.8,5,32,20,94,0,4.7,62,293,4.73,1,1,2,2,4,161,13,7,1,21,5,12,1,1,6,39,1,1,2,27:50,Chicago Bears
15,15,16,2015-12-27,Sun,@,TAM,W,26,21,,20,27,74.1,153,1,5.7,6.41,99.8,1,3,39,174,1,4.5,67,327,4.88,4,4,2,2,5,177,7,12,2,21,6,15,0,0,3,25,0,0,0,37:03,Chicago Bears
16,16,17,2016-01-03,Sun,,DET,L,20,24,,17,23,73.9,231,2,10.0,5.91,94.9,5,14,24,111,0,4.6,52,342,6.58,2,2,2,2,2,102,10,6,0,16,7,12,0,0,1,15,0,3,3,27:30,Chicago Bears
1,1,1,2015-09-13,Sun,@,OAK,W,33,13,,25,34,73.5,269,2,7.9,9.09,115.9,0,0,31,127,2,4.1,65,396,6.09,2,2,4,3,5,219,13,7,2,22,4,13,1,1,6,50,0,0,0,32:32,Cincinnati Bengals
2,2,2,2015-09-20,Sun,,SDG,W,24,19,,16,26,61.5,214,3,8.2,10.54,126.1,0,0,36,175,0,4.9,62,389,6.27,2,1,3,3,3,161,8,9,3,20,4,10,0,0,9,75,2,0,2,29:51,Cincinnati Bengals
3,3,3,2015-09-27,Sun,@,BAL,W,28,24,,20,32,62.5,372,3,11.6,12.09,120.8,2,11,31,86,1,2.8,65,458,7.05,0,0,4,4,3,164,13,6,4,23,8,15,1,2,9,67,1,1,2,30:08,Cincinnati Bengals
4,4,4,2015-10-04,Sun,,KAN,W,36,21,,17,24,70.8,321,1,13.4,14.21,127.1,0,0,26,124,4,4.8,50,445,8.90,1,0,4,4,3,143,10,8,0,18,6,10,0,0,11,84,0,0,0,23:07,Cincinnati Bengals
5,5,5,2015-10-11,Sun,,SEA,W,27,24,OT,30,44,68.2,310,2,7.0,6.93,93.9,4,21,31,109,1,3.5,79,419,5.30,2,2,3,3,6,293,18,6,3,27,6,15,0,0,7,50,1,1,2,40:49,Cincinnati Bengals
6,6,6,2015-10-18,Sun,@,BUF,W,34,21,,22,33,66.7,243,3,7.4,9.18,118.6,0,0,28,112,1,4.0,61,355,5.82,2,2,4,4,3,121,15,5,1,21,7,12,0,0,3,20,0,0,0,30:00,Cincinnati Bengals
7,7,8,2015-11-01,Sun,@,PIT,W,16,10,,23,38,60.5,218,1,5.7,3.89,63.3,3,13,23,78,0,3.4,64,296,4.63,4,3,1,1,4,136,11,3,2,16,4,15,0,0,10,94,0,2,2,29:51,Cincinnati Bengals
8,8,9,2015-11-05,Thu,,CLE,W,31,10,,21,27,77.8,219,3,8.1,10.33,137.5,2,15,37,152,1,4.1,66,371,5.62,1,1,4,4,3,79,13,8,2,23,8,14,1,1,2,20,0,0,0,36:03,Cincinnati Bengals
9,9,10,2015-11-16,Mon,,HOU,L,6,10,,22,38,57.9,182,0,4.8,3.61,59.3,4,15,20,74,0,3.7,62,256,4.13,2,2,0,0,7,288,9,5,2,16,4,14,0,1,9,70,1,1,2,31:26,Cincinnati Bengals
10,10,11,2015-11-22,Sun,@,ARI,L,31,34,,22,39,56.4,278,2,7.1,8.15,95.9,4,37,28,99,2,3.5,71,377,5.31,1,1,4,4,5,243,14,6,4,24,5,13,1,1,10,108,1,0,1,31:15,Cincinnati Bengals
11,11,12,2015-11-29,Sun,,STL,W,31,7,,21,28,75.0,236,3,8.4,8.96,120.5,0,0,31,140,0,4.5,59,376,6.37,1,1,4,4,4,193,12,6,1,19,3,10,0,1,3,35,0,1,1,30:07,Cincinnati Bengals
12,12,13,2015-12-06,Sun,@,CLE,W,37,3,,16,22,72.7,233,2,10.6,12.41,137.1,1,6,33,144,2,4.4,56,377,6.73,3,3,4,4,1,27,9,9,2,20,5,12,2,3,5,55,0,0,0,30:58,Cincinnati Bengals
13,13,14,2015-12-13,Sun,,PIT,L,20,33,,25,37,67.6,321,2,8.7,6.11,78.8,3,18,16,64,0,4.0,56,385,6.88,3,2,2,2,2,96,14,5,3,22,3,8,0,0,4,27,0,3,3,24:13,Cincinnati Bengals
14,14,15,2015-12-20,Sun,@,SFO,W,24,14,,15,21,71.4,174,1,8.3,9.24,112.0,4,18,36,68,2,1.9,61,242,3.97,1,1,3,3,8,413,7,5,2,14,4,14,0,1,6,45,1,0,1,30:59,Cincinnati Bengals
15,15,16,2015-12-28,Mon,@,DEN,L,17,20,OT,22,35,62.9,186,1,5.3,5.89,86.1,2,14,33,108,1,3.3,70,294,4.20,2,1,2,2,5,237,14,6,2,22,10,17,0,0,6,45,1,0,1,37:28,Cincinnati Bengals
16,16,17,2016-01-03,Sun,,BAL,W,24,16,,17,27,63.0,147,2,5.4,6.93,101.9,3,13,27,145,1,5.4,57,292,5.12,1,1,3,3,7,303,11,5,1,17,0,9,1,1,11,72,0,0,0,30:44,Cincinnati Bengals
1,1,1,2015-09-13,Sun,@,NYJ,L,10,31,,18,32,56.3,217,1,6.8,6.00,74.6,3,14,28,104,0,3.7,63,321,5.10,1,1,1,1,2,121,10,5,0,15,8,16,1,2,12,109,4,1,5,31:40,Cleveland Browns
2,2,2,2015-09-20,Sun,,TEN,W,28,14,,8,15,53.3,158,2,10.5,13.20,130.0,2,14,30,116,1,3.9,47,274,5.83,0,0,4,4,6,319,5,7,1,13,4,11,0,1,4,40,0,0,0,24:49,Cleveland Browns
3,3,3,2015-09-27,Sun,,OAK,L,20,27,,28,49,57.1,316,2,6.4,6.35,81.7,5,25,14,39,0,2.8,68,355,5.22,2,2,2,2,4,211,16,2,3,21,8,16,1,1,6,50,1,1,2,27:31,Cleveland Browns
4,4,4,2015-10-04,Sun,@,SDG,L,27,30,,32,41,78.0,332,2,8.1,9.07,116.7,4,24,21,100,0,4.8,66,432,6.55,4,4,1,1,4,192,16,2,2,20,4,13,0,0,12,91,1,0,1,34:19,Cleveland Browns
5,5,5,2015-10-11,Sun,@,BAL,W,33,30,OT,36,51,70.6,422,2,8.3,9.06,108.5,4,35,25,83,1,3.3,80,505,6.31,4,4,1,1,5,217,18,4,3,25,12,19,0,0,9,74,0,0,0,39:16,Cleveland Browns
6,6,6,2015-10-18,Sun,,DEN,L,23,26,OT,20,39,51.3,189,2,4.8,3.56,60.7,4,24,33,109,0,3.3,76,298,3.92,1,1,2,2,7,322,10,8,2,20,6,15,0,1,6,30,1,2,3,33:20,Cleveland Browns
7,7,7,2015-10-25,Sun,@,STL,L,6,24,,30,37,81.1,282,0,7.6,7.62,98.4,4,15,24,82,0,3.4,65,364,5.60,2,2,0,0,5,227,12,3,4,19,3,12,0,1,11,98,4,0,4,35:33,Cleveland Browns
8,8,8,2015-11-01,Sun,,ARI,L,20,34,,21,40,52.5,215,3,5.4,5.75,82.8,1,8,20,39,0,2.0,61,254,4.16,0,0,3,2,6,299,12,1,3,16,9,16,0,1,7,35,1,1,2,25:37,Cleveland Browns
9,9,9,2015-11-05,Thu,@,CIN,L,10,31,,15,33,45.5,144,1,4.4,4.97,68.2,3,24,17,69,0,4.1,53,213,4.02,1,1,1,1,6,274,9,4,0,13,4,13,1,2,4,28,0,0,0,23:57,Cleveland Browns
10,10,10,2015-11-15,Sun,@,PIT,L,9,30,,33,45,73.3,327,1,7.3,6.71,91.6,6,45,14,15,0,1.1,65,342,5.26,1,1,1,0,4,160,16,2,2,20,5,13,1,3,12,188,2,1,3,32:43,Cleveland Browns
11,11,12,2015-11-30,Mon,,BAL,L,27,33,,28,48,58.3,275,2,5.7,6.56,88.5,2,14,18,63,0,3.5,68,338,4.97,3,2,3,3,6,283,15,4,2,21,4,15,2,2,2,15,0,0,0,30:30,Cleveland Browns
12,12,13,2015-12-06,Sun,,CIN,L,3,37,,25,38,65.8,205,0,5.4,4.21,68.4,3,25,19,68,0,3.6,60,273,4.55,2,1,0,0,3,119,10,5,3,18,6,13,0,2,7,84,1,1,2,29:02,Cleveland Browns
13,13,14,2015-12-13,Sun,,SFO,W,24,10,,21,31,67.7,251,1,8.1,7.29,89.6,2,19,41,230,2,5.6,74,481,6.50,2,1,3,3,3,119,14,11,3,28,6,12,0,0,8,71,1,1,2,37:39,Cleveland Browns
14,14,15,2015-12-20,Sun,@,SEA,L,13,30,,19,32,59.4,136,1,4.3,3.47,66.7,3,25,17,94,0,5.5,52,230,4.42,2,2,1,1,3,129,9,5,1,15,6,12,0,0,4,40,0,1,1,25:27,Cleveland Browns
15,15,16,2015-12-27,Sun,@,KAN,L,13,17,,13,32,40.6,136,0,4.3,2.84,40.6,0,0,36,232,1,6.4,68,368,5.41,3,2,1,1,3,135,8,13,0,21,6,15,3,4,8,83,0,1,1,31:04,Cleveland Browns
16,16,17,2016-01-03,Sun,,PIT,L,12,28,,24,46,52.2,177,0,3.8,1.89,43.5,7,63,23,86,0,3.7,76,263,3.46,4,4,0,0,3,143,12,5,5,22,4,16,1,4,8,47,2,2,4,33:57,Cleveland Browns
1,1,1,2015-09-13,Sun,,NYG,W,27,26,,36,45,80.0,356,3,7.9,7.24,103.3,0,0,23,80,0,3.5,68,436,6.41,2,2,3,3,2,107,21,4,2,27,6,11,0,0,3,35,1,2,3,37:10,Dallas Cowboys
2,2,2,2015-09-20,Sun,@,PHI,W,20,10,,25,34,73.5,250,1,7.4,7.94,103.8,3,18,33,109,0,3.3,70,359,5.13,2,2,2,2,6,315,12,4,5,21,4,12,0,0,18,142,2,0,2,40:30,Dallas Cowboys
3,3,3,2015-09-27,Sun,,ATL,L,28,39,,22,26,84.6,220,0,8.5,6.73,85.9,2,12,21,127,4,6.0,49,347,7.08,0,0,4,4,4,159,11,9,3,23,1,6,0,1,5,31,0,1,1,25:47,Dallas Cowboys
4,4,4,2015-10-04,Sun,@,NOR,L,20,26,OT,16,26,61.5,220,1,8.5,9.23,101.4,3,26,28,115,1,4.1,57,335,5.88,2,2,2,2,5,209,11,4,6,21,3,12,1,1,6,30,0,0,0,29:20,Dallas Cowboys
5,5,5,2015-10-11,Sun,,NWE,L,6,30,,26,39,66.7,163,0,4.2,3.03,64.4,3,24,24,102,0,4.3,66,265,4.02,2,2,0,0,6,298,10,5,3,18,4,14,1,2,7,50,1,1,2,33:12,Dallas Cowboys
6,6,7,2015-10-25,Sun,@,NYG,L,20,27,,17,27,63.0,227,1,8.4,4.15,62.3,1,0,41,233,1,5.7,69,460,6.67,2,2,2,2,2,66,10,14,3,27,6,11,0,1,7,46,1,3,4,38:04,Dallas Cowboys
7,7,8,2015-11-01,Sun,,SEA,L,12,13,,13,26,50.0,91,0,3.5,3.50,58.3,1,6,30,129,0,4.3,57,220,3.86,4,4,0,0,4,188,4,8,2,14,4,14,1,2,5,40,0,0,0,30:22,Dallas Cowboys
8,8,9,2015-11-08,Sun,,PHI,L,27,33,OT,25,38,65.8,277,3,7.3,7.68,102.6,4,22,29,134,0,4.6,71,411,5.79,2,2,3,3,4,175,11,8,6,25,8,16,2,2,8,58,0,1,1,38:19,Dallas Cowboys
9,9,10,2015-11-15,Sun,@,TAM,L,6,10,,19,29,65.5,174,0,6.0,4.45,67.3,3,12,21,42,0,2.0,53,216,4.08,3,2,0,0,6,252,9,2,1,12,4,13,0,0,6,68,0,1,1,30:04,Dallas Cowboys
10,10,11,2015-11-22,Sun,@,MIA,W,24,14,,18,28,64.3,220,2,7.9,6.07,82.4,2,7,38,166,0,4.4,68,386,5.68,1,1,3,3,3,146,11,10,1,22,7,14,1,2,10,79,0,2,2,38:50,Dallas Cowboys
11,11,12,2015-11-26,Thu,,CAR,L,14,33,,24,40,60.0,179,1,4.5,1.60,47.8,2,20,14,31,0,2.2,56,210,3.75,2,2,0,0,3,141,10,3,1,14,6,13,0,1,5,40,0,3,3,24:46,Dallas Cowboys
12,12,13,2015-12-07,Mon,@,WAS,W,19,16,,16,29,55.2,221,0,7.6,7.62,79.8,1,2,24,97,1,4.0,54,318,5.89,4,4,1,1,4,166,9,5,2,16,1,9,0,0,8,70,3,0,3,27:13,Dallas Cowboys
13,13,14,2015-12-13,Sun,@,GNB,L,7,28,,13,29,44.8,99,0,3.4,1.86,39.3,2,15,20,171,1,8.6,51,270,5.29,0,0,1,1,7,325,5,5,1,11,1,11,0,2,6,30,0,1,1,22:12,Dallas Cowboys
14,14,15,2015-12-19,Sat,,NYJ,L,16,19,,18,33,54.5,176,1,5.3,0.48,40.3,2,19,21,133,0,6.3,56,309,5.52,3,3,1,1,4,198,9,5,1,15,2,11,1,1,6,54,0,4,4,27:43,Dallas Cowboys
15,15,16,2015-12-27,Sun,@,BUF,L,6,16,,13,31,41.9,186,0,6.0,4.55,48.6,0,0,25,121,0,4.8,56,307,5.48,3,2,0,0,4,138,10,3,1,14,7,14,0,0,8,65,1,1,2,28:30,Dallas Cowboys
16,16,17,2016-01-03,Sun,,WAS,L,23,34,,33,48,68.8,412,3,8.6,7.96,98.6,4,23,16,100,0,6.3,68,512,7.53,0,0,3,3,5,231,22,5,0,27,2,10,1,1,4,44,2,2,4,26:03,Dallas Cowboys
1,1,1,2015-09-13,Sun,,BAL,W,19,13,,24,40,60.0,150,0,3.8,2.63,57.3,4,25,25,69,0,2.8,69,219,3.17,4,4,1,1,5,259,11,4,1,16,8,18,0,0,8,45,0,1,1,37:17,Denver Broncos
2,2,2,2015-09-17,Thu,@,KAN,W,31,24,,26,45,57.8,238,3,5.3,5.62,85.2,3,18,22,61,0,2.8,70,299,4.27,1,1,4,4,7,314,15,3,3,21,6,16,0,1,8,85,0,1,1,31:01,Denver Broncos
3,3,3,2015-09-27,Sun,@,DET,W,24,12,,31,42,73.8,313,2,7.5,7.33,100.6,1,11,19,41,1,2.2,62,354,5.71,1,1,3,3,5,213,14,3,2,19,4,12,1,1,9,94,1,1,2,28:52,Denver Broncos
4,4,4,2015-10-04,Sun,,MIN,W,23,20,,17,27,63.0,200,1,7.4,4.81,66.9,2,13,24,144,1,6.0,53,344,6.49,3,3,2,2,3,141,11,4,3,18,2,9,1,1,8,40,0,2,2,26:06,Denver Broncos
5,5,5,2015-10-11,Sun,@,OAK,W,16,10,,22,35,62.9,254,0,7.3,4.69,60.9,2,12,18,43,0,2.4,55,297,5.40,3,3,1,1,6,252,11,2,2,15,2,13,0,0,6,103,0,2,2,25:51,Denver Broncos
6,6,6,2015-10-18,Sun,@,CLE,W,26,23,OT,26,48,54.2,290,1,6.0,3.65,53.3,0,0,33,152,0,4.6,81,442,5.46,5,4,2,2,7,319,15,6,0,21,4,18,1,1,8,81,0,3,3,36:44,Denver Broncos
7,7,8,2015-11-01,Sun,,GNB,W,29,10,,21,29,72.4,340,0,11.7,10.17,96.9,0,0,34,160,3,4.7,63,500,7.94,2,2,3,3,3,120,15,9,0,24,6,12,0,0,11,93,0,1,1,33:27,Denver Broncos
8,8,9,2015-11-08,Sun,@,IND,L,24,27,,21,36,58.3,274,2,7.6,6.22,77.8,1,7,14,35,0,2.5,51,309,6.06,1,1,3,3,5,215,13,2,1,16,6,12,0,0,8,56,0,2,2,21:21,Denver Broncos
9,9,10,2015-11-15,Sun,,KAN,L,13,29,,19,44,43.2,152,1,3.5,-1.20,20.5,5,29,16,69,1,4.3,65,221,3.40,0,0,1,1,6,277,11,4,3,18,3,14,2,3,5,55,0,5,5,26:33,Denver Broncos
10,10,11,2015-11-22,Sun,@,CHI,W,17,15,,20,27,74.1,219,2,8.1,9.59,122.3,5,31,36,170,0,4.7,68,389,5.72,1,1,2,2,7,277,14,7,0,21,6,14,0,1,8,118,0,0,0,33:13,Denver Broncos
11,11,12,2015-11-29,Sun,,NWE,W,30,24,OT,23,42,54.8,254,1,6.0,5.45,70.9,3,16,32,179,3,5.6,77,433,5.62,2,1,3,3,8,347,12,9,2,23,4,16,1,1,6,46,0,1,1,36:31,Denver Broncos
12,12,13,2015-12-06,Sun,@,SDG,W,17,3,,16,26,61.5,159,1,6.1,5.15,75.6,1,7,39,134,0,3.4,66,293,4.44,2,1,2,2,5,183,8,9,2,19,6,13,0,0,3,18,0,1,1,32:57,Denver Broncos
13,13,14,2015-12-13,Sun,,OAK,L,12,15,,35,51,68.6,276,0,5.4,5.41,81.8,5,32,21,34,0,1.6,77,310,4.03,5,4,0,0,4,178,14,3,3,20,4,18,1,3,4,27,2,0,2,35:58,Denver Broncos
14,14,15,2015-12-20,Sun,@,PIT,L,27,34,,21,44,47.7,281,3,6.4,6.73,81.7,2,15,25,104,1,4.2,71,385,5.42,0,0,4,3,6,258,14,4,2,20,9,17,0,2,12,127,1,1,2,28:44,Denver Broncos
15,15,16,2015-12-28,Mon,,CIN,W,20,17,OT,27,39,69.2,277,1,7.1,7.62,97.9,3,22,21,113,1,5.4,63,390,6.19,3,2,2,2,5,217,13,5,4,22,4,11,0,0,5,40,1,0,1,27:50,Denver Broncos
16,16,17,2016-01-03,Sun,,SDG,W,27,20,,19,31,61.3,293,1,9.5,7.19,76.4,2,8,32,210,2,6.6,65,503,7.74,2,2,3,3,3,134,10,11,0,21,5,11,0,0,6,35,3,2,5,25:28,Denver Broncos
1,1,1,2015-09-13,Sun,@,SDG,L,28,33,,19,30,63.3,233,2,7.8,6.10,81.7,1,13,16,69,1,4.3,47,302,6.43,0,0,4,4,5,176,12,2,2,16,3,10,0,0,4,29,0,2,2,21:48,Detroit Lions
2,2,2,2015-09-20,Sun,@,MIN,L,16,26,,32,53,60.4,285,2,5.4,5.28,79.5,1,1,16,38,0,2.4,70,323,4.61,1,1,1,1,4,177,17,2,6,25,6,13,2,2,6,39,2,1,3,28:54,Detroit Lions
3,3,3,2015-09-27,Sun,,DEN,L,12,24,,31,45,68.9,262,1,5.8,4.27,72.6,4,20,19,28,1,1.5,68,290,4.26,0,0,1,0,5,266,14,3,5,22,4,12,0,1,9,75,1,2,3,31:08,Detroit Lions
4,4,4,2015-10-05,Mon,@,SEA,L,10,13,,24,35,68.6,203,0,5.8,5.80,83.4,0,0,18,53,0,2.9,53,256,4.83,1,1,1,1,8,367,10,1,1,12,3,13,0,0,4,37,1,0,1,27:56,Detroit Lions
5,5,5,2015-10-11,Sun,,ARI,L,17,42,,41,70,58.6,379,2,5.4,3.41,59.2,1,0,18,56,0,3.1,89,435,4.89,1,1,2,2,4,172,22,3,4,29,8,17,0,1,9,85,2,4,6,36:32,Detroit Lions
6,6,6,2015-10-18,Sun,,CHI,W,37,34,OT,27,42,64.3,391,4,9.3,10.14,116.3,2,14,32,155,0,4.8,76,546,7.18,3,3,4,4,4,221,17,6,3,26,9,17,1,1,10,98,2,1,3,38:57,Detroit Lions
7,7,7,2015-10-25,Sun,,MIN,L,19,28,,18,26,69.2,197,2,7.6,9.12,117.0,7,59,17,77,0,4.5,50,274,5.48,1,1,2,2,6,296,9,3,2,14,1,10,0,2,5,30,0,0,0,23:33,Detroit Lions
8,8,8,2015-11-01,Sun,@,KAN,L,10,45,,23,38,60.5,195,1,5.1,3.29,60.7,6,32,14,81,0,5.8,58,276,4.76,1,1,1,1,6,282,13,2,1,16,2,12,1,2,8,81,0,2,2,25:46,Detroit Lions
9,9,10,2015-11-15,Sun,@,GNB,W,18,16,,24,38,63.2,242,2,6.4,6.24,87.8,0,0,26,45,0,1.7,64,287,4.48,2,2,2,0,7,297,13,2,1,16,5,16,1,1,3,35,0,1,1,30:40,Detroit Lions
10,10,11,2015-11-22,Sun,,OAK,W,18,13,,22,35,62.9,266,0,7.6,7.60,86.1,4,16,31,109,1,3.5,70,375,5.36,3,3,1,1,5,238,15,6,1,22,6,14,0,0,7,55,0,0,0,36:02,Detroit Lions
11,11,12,2015-11-26,Thu,,PHI,W,45,14,,27,38,71.1,322,5,8.5,11.11,136.2,2,15,30,108,1,3.6,70,430,6.14,1,1,6,6,4,184,22,6,0,28,5,10,0,0,4,29,0,0,0,37:11,Detroit Lions
12,12,13,2015-12-03,Thu,,GNB,L,23,27,,23,35,65.7,205,2,5.9,7.00,100.3,3,15,25,101,0,4.0,63,306,4.86,3,3,2,2,6,274,11,6,0,17,6,16,1,1,9,108,1,0,1,33:04,Detroit Lions
13,13,14,2015-12-13,Sun,@,STL,L,14,21,,30,46,65.2,220,2,4.8,4.67,81.8,4,25,20,111,0,5.6,70,331,4.73,0,0,2,2,7,322,13,9,0,22,5,13,0,1,5,45,0,1,1,33:50,Detroit Lions
14,14,15,2015-12-21,Mon,@,NOR,W,35,27,,22,25,88.0,246,3,9.8,12.24,147.2,3,8,23,150,2,6.5,51,396,7.76,1,0,5,5,3,133,15,8,1,24,4,8,0,0,10,92,1,0,1,29:36,Detroit Lions
15,15,16,2015-12-27,Sun,,SFO,W,32,17,,29,37,78.4,284,2,7.7,8.76,116.7,2,17,28,87,1,3.1,67,371,5.54,4,4,2,2,3,131,15,8,3,26,4,12,1,1,7,71,0,0,0,36:30,Detroit Lions
16,16,17,2016-01-03,Sun,@,CHI,W,24,20,,28,39,71.8,282,3,7.2,8.77,117.7,4,16,21,67,0,3.2,64,349,5.45,2,1,3,3,3,143,18,4,0,22,4,10,0,1,4,21,0,0,0,32:30,Detroit Lions
1,1,1,2015-09-13,Sun,@,CHI,W,31,23,,18,23,78.3,189,3,8.2,10.83,140.5,0,0,30,133,1,4.4,53,322,6.08,1,1,4,4,2,97,10,10,1,21,6,10,1,1,10,74,0,0,0,28:08,Green Bay Packers
2,2,2,2015-09-20,Sun,,SEA,W,27,17,,25,33,75.8,234,2,7.1,8.30,115.0,2,15,29,127,0,4.4,64,361,5.64,4,4,1,1,3,139,11,7,3,21,4,11,0,0,6,35,1,0,1,33:18,Green Bay Packers
3,3,3,2015-09-28,Mon,,KAN,W,38,28,,24,35,68.6,325,5,9.3,12.14,137.5,1,8,32,123,0,3.8,68,448,6.59,1,1,5,5,5,215,15,6,5,26,4,11,0,1,12,89,0,0,0,33:30,Green Bay Packers
4,4,4,2015-10-04,Sun,@,SFO,W,17,3,,22,32,68.8,200,1,6.3,6.88,95.8,3,24,33,162,1,4.9,68,362,5.32,2,1,2,2,6,235,8,9,1,18,5,15,2,2,8,65,0,0,0,36:34,Green Bay Packers
5,5,5,2015-10-11,Sun,,STL,W,24,10,,19,30,63.3,236,2,7.9,6.20,82.1,2,5,27,86,0,3.2,59,322,5.46,1,1,3,3,4,191,9,4,1,14,4,13,0,1,7,67,1,2,3,26:17,Green Bay Packers
6,6,6,2015-10-18,Sun,,SDG,W,27,20,,16,29,55.2,237,2,8.2,9.55,105.1,3,18,17,133,1,7.8,49,370,7.55,2,2,3,3,4,162,11,3,3,17,3,9,0,0,6,50,0,0,0,22:00,Green Bay Packers
7,7,8,2015-11-01,Sun,@,DEN,L,10,29,,14,22,63.6,50,0,2.3,2.27,67.6,3,27,21,90,1,4.3,46,140,3.04,1,1,1,1,5,231,3,7,4,14,2,8,0,0,2,15,0,0,0,26:33,Green Bay Packers
8,8,9,2015-11-08,Sun,@,CAR,L,29,37,,25,48,52.1,331,4,6.9,7.63,93.3,5,38,19,71,0,3.7,72,402,5.58,0,0,3,3,8,357,16,3,2,21,3,14,2,3,7,87,1,1,2,27:48,Green Bay Packers
9,9,10,2015-11-15,Sun,,DET,L,16,18,,35,61,57.4,325,2,5.3,5.98,83.0,3,8,18,47,0,2.6,82,372,4.54,2,1,1,1,9,372,17,3,2,22,9,19,0,0,5,55,0,0,0,29:20,Green Bay Packers
10,10,11,2015-11-22,Sun,@,MIN,W,30,13,,16,34,47.1,196,2,5.8,6.94,84.9,2,16,34,124,0,3.6,70,320,4.57,5,5,1,1,4,152,10,6,3,19,6,16,0,0,4,19,0,0,0,30:22,Green Bay Packers
11,11,12,2015-11-26,Thu,,CHI,L,13,17,,22,43,51.2,188,1,4.4,3.79,61.0,2,14,28,177,0,6.3,73,365,5.00,2,2,1,1,5,178,9,9,5,23,3,11,0,2,3,38,1,1,2,28:48,Green Bay Packers
12,12,13,2015-12-03,Thu,@,DET,W,27,23,,24,36,66.7,246,2,6.8,6.69,93.1,3,27,24,67,1,2.8,63,313,4.97,1,0,3,3,6,286,11,5,3,19,3,12,1,1,7,55,0,1,1,26:56,Green Bay Packers
13,13,14,2015-12-13,Sun,,DAL,W,28,7,,22,35,62.9,205,2,5.9,7.00,97.9,2,13,44,230,2,5.2,81,435,5.37,0,0,4,4,6,282,12,15,2,29,7,14,0,1,8,69,0,0,0,37:48,Green Bay Packers
14,14,15,2015-12-20,Sun,@,OAK,W,30,20,,22,39,56.4,190,1,4.9,4.23,67.3,2,14,28,103,1,3.7,69,293,4.25,4,3,3,3,4,211,11,3,4,18,4,13,0,0,6,75,1,1,2,29:29,Green Bay Packers
15,15,16,2015-12-27,Sun,@,ARI,L,8,38,,16,29,55.2,77,1,2.7,1.79,57.7,9,78,26,101,0,3.9,64,178,2.78,0,0,0,0,6,268,7,5,4,16,5,17,2,3,7,59,3,1,4,29:44,Green Bay Packers
16,16,17,2016-01-03,Sun,,MIN,L,13,20,,28,44,63.6,274,1,6.2,5.66,79.2,5,17,26,76,0,2.9,75,350,4.67,2,2,1,1,4,178,13,5,1,19,2,15,3,6,7,54,1,1,2,35:42,Green Bay Packers
1,1,1,2015-09-13,Sun,,KAN,L,20,27,,26,47,55.3,298,2,6.3,6.23,79.9,5,36,21,98,0,4.7,73,396,5.42,2,2,1,0,7,329,17,6,1,24,3,14,0,1,6,39,1,1,2,24:41,Houston Texans
2,2,2,2015-09-20,Sun,@,CAR,L,17,24,,27,58,46.6,239,1,4.1,3.69,56.6,1,5,23,61,1,2.7,82,300,3.66,1,1,2,2,8,388,11,5,5,21,5,19,2,4,10,70,0,1,1,27:31,Houston Texans
3,3,3,2015-09-27,Sun,,TAM,W,19,9,,24,39,61.5,227,1,5.8,5.18,75.5,1,1,46,186,1,4.0,86,413,4.80,3,2,2,1,6,266,16,10,4,30,8,18,0,0,6,58,0,1,1,36:16,Houston Texans
4,4,4,2015-10-04,Sun,@,ATL,L,21,48,,29,57,50.9,374,2,6.6,6.47,76.2,1,8,17,54,1,3.2,75,428,5.71,1,0,3,3,4,194,19,3,2,24,7,15,0,2,5,35,3,1,4,24:08,Houston Texans
5,5,5,2015-10-08,Thu,,IND,L,20,27,,31,41,75.6,362,2,8.8,7.61,97.8,1,0,28,82,0,2.9,70,444,6.34,2,2,2,2,3,123,17,5,2,24,8,16,1,1,13,125,0,2,2,32:27,Houston Texans
6,6,6,2015-10-18,Sun,@,JAX,W,31,20,,24,36,66.7,287,3,8.0,9.64,118.6,1,6,31,95,0,3.1,68,382,5.62,1,1,4,4,4,155,15,6,3,24,7,14,1,2,10,69,0,0,0,30:02,Houston Texans
7,7,7,2015-10-25,Sun,@,MIA,L,26,44,,23,49,46.9,251,3,5.1,5.43,74.4,4,22,25,71,1,2.8,78,322,4.13,0,0,3,2,8,384,18,6,0,24,6,15,0,1,3,25,0,1,1,27:55,Houston Texans
8,8,8,2015-11-01,Sun,,TEN,W,20,6,,23,35,65.7,214,2,6.1,7.26,101.4,3,21,23,56,0,2.4,61,270,4.43,2,2,2,2,8,407,11,1,2,14,4,15,0,1,7,85,0,0,0,28:52,Houston Texans
9,9,10,2015-11-16,Mon,@,CIN,W,10,6,,17,33,51.5,174,1,5.3,4.52,64.5,3,18,25,82,0,3.3,61,256,4.20,1,1,1,1,8,374,10,4,2,16,5,15,0,1,5,54,0,1,1,28:34,Houston Texans
10,10,11,2015-11-22,Sun,,NYJ,W,24,17,,17,35,48.6,241,3,6.9,8.60,99.8,1,9,37,123,0,3.3,73,364,4.99,1,1,3,3,8,417,12,6,1,19,7,18,0,0,3,54,1,0,1,33:25,Houston Texans
11,11,12,2015-11-29,Sun,,NOR,W,24,6,,21,27,77.8,195,2,7.2,7.04,106.0,1,10,38,167,1,4.4,66,362,5.48,1,1,3,3,4,189,11,9,3,23,6,13,0,0,6,40,0,1,1,36:23,Houston Texans
12,12,13,2015-12-06,Sun,@,BUF,L,21,30,,26,43,60.5,275,3,6.4,6.74,92.7,2,18,26,126,0,4.8,71,401,5.65,0,0,2,1,7,285,14,6,1,21,7,15,0,1,10,89,0,1,1,31:53,Houston Texans
13,13,14,2015-12-13,Sun,,NWE,L,6,27,,12,24,50.0,102,0,4.3,4.25,61.5,6,57,22,87,0,4.0,52,189,3.63,2,2,0,0,7,317,4,2,1,7,3,14,0,2,4,36,1,0,1,24:46,Houston Texans
14,14,15,2015-12-20,Sun,@,IND,W,16,10,,17,28,60.7,150,1,5.4,4.46,72.0,3,23,37,155,0,4.2,68,305,4.49,4,3,1,1,4,201,9,7,4,20,5,15,2,2,6,48,1,1,2,33:56,Houston Texans
15,15,16,2015-12-27,Sun,@,TEN,W,34,6,,16,26,61.5,202,2,7.8,9.31,111.4,1,5,42,128,1,3.0,69,330,4.78,2,2,4,4,6,314,13,5,1,19,7,16,0,0,4,28,1,0,1,36:13,Houston Texans
16,16,17,2016-01-03,Sun,,JAX,W,30,6,,25,41,61.0,242,1,5.9,5.29,75.5,2,7,31,160,1,5.2,74,402,5.43,4,3,3,3,4,190,13,9,3,25,8,17,0,1,9,55,0,1,1,35:37,Houston Texans
1,1,1,2015-09-13,Sun,@,BUF,L,14,27,,26,49,53.1,240,2,4.9,3.88,63.3,2,3,17,64,0,3.8,68,304,4.47,1,0,0,0,4,177,16,5,2,23,8,15,1,2,5,49,1,2,3,29:04,Indianapolis Colts
2,2,2,2015-09-21,Mon,,NYJ,L,7,20,,21,37,56.8,250,1,6.8,3.65,52.8,0,0,24,93,0,3.9,61,343,5.62,1,0,1,1,3,149,11,4,2,17,6,14,0,0,11,84,2,3,5,28:12,Indianapolis Colts
3,3,3,2015-09-27,Sun,@,TEN,W,35,33,,18,30,60.0,245,2,8.2,6.50,80.6,3,15,23,133,2,5.8,56,378,6.75,0,0,5,5,5,249,10,9,1,20,4,11,1,1,11,71,0,2,2,25:01,Indianapolis Colts
4,4,4,2015-10-04,Sun,,JAX,W,16,13,OT,30,47,63.8,266,1,5.7,6.09,85.9,3,16,24,60,0,2.5,74,326,4.41,3,3,1,1,6,287,14,3,5,22,7,15,0,0,4,45,2,0,2,34:14,Indianapolis Colts
5,5,5,2015-10-08,Thu,@,HOU,W,27,20,,18,29,62.1,213,2,7.3,8.72,107.4,0,0,30,110,1,3.7,59,323,5.47,2,2,3,3,3,147,10,6,6,22,3,11,1,1,7,65,0,0,0,27:33,Indianapolis Colts
6,6,6,2015-10-18,Sun,,NWE,L,27,34,,30,50,60.0,289,3,5.8,6.98,96.2,3,23,22,120,0,5.5,75,409,5.45,0,0,4,3,6,287,16,6,2,24,7,16,1,3,11,103,0,0,0,32:32,Indianapolis Colts
7,7,7,2015-10-25,Sun,,NOR,L,21,27,,23,44,52.3,301,3,6.8,6.16,77.9,4,32,13,75,0,5.8,61,376,6.16,0,0,3,3,10,517,10,3,2,15,3,13,0,0,7,42,1,2,3,21:37,Indianapolis Colts
8,8,8,2015-11-02,Mon,@,CAR,L,26,29,OT,23,47,48.9,223,2,4.7,2.72,50.2,2,8,35,136,0,3.9,84,359,4.27,4,4,2,2,6,292,14,5,0,19,6,18,1,1,2,15,1,3,4,35:58,Indianapolis Colts
9,9,9,2015-11-08,Sun,,DEN,W,27,24,,21,36,58.3,245,2,6.8,7.92,97.6,1,7,40,120,1,3.0,77,365,4.74,2,2,3,3,5,226,13,7,7,27,12,20,0,0,4,30,0,0,0,38:39,Indianapolis Colts
10,10,11,2015-11-22,Sun,@,ATL,W,24,21,,23,32,71.9,202,2,6.3,4.75,83.1,2,11,27,74,0,2.7,61,276,4.52,1,1,3,3,5,260,11,3,3,17,7,14,0,0,7,42,1,2,3,32:39,Indianapolis Colts
11,11,12,2015-11-29,Sun,,TAM,W,25,12,,26,42,61.9,309,2,7.4,8.31,100.2,3,6,26,27,0,1.0,71,336,4.73,4,4,2,1,3,156,18,2,3,23,7,16,0,0,6,45,0,0,0,32:25,Indianapolis Colts
12,12,13,2015-12-06,Sun,@,PIT,L,10,45,,20,34,58.8,186,1,5.5,3.41,59.2,5,34,18,54,0,3.0,57,240,4.21,1,1,1,1,5,211,11,0,0,11,3,14,1,3,5,30,1,2,3,27:10,Indianapolis Colts
13,13,14,2015-12-13,Sun,@,JAX,L,16,51,,20,43,46.5,227,0,5.3,4.23,53.1,3,33,23,95,0,4.1,69,322,4.67,3,3,1,1,7,335,9,7,1,17,4,16,1,2,8,85,1,1,2,30:48,Indianapolis Colts
14,14,15,2015-12-20,Sun,,HOU,L,10,16,,18,32,56.3,140,1,4.4,3.59,64.6,3,20,19,50,0,2.6,54,190,3.52,1,1,1,1,7,288,10,3,1,14,4,13,0,0,8,94,1,1,2,26:04,Indianapolis Colts
15,15,16,2015-12-27,Sun,@,MIA,W,18,12,,17,29,58.6,168,0,5.8,5.79,75.1,2,9,23,100,2,4.3,54,268,4.96,1,1,2,1,5,255,11,6,3,20,6,12,0,0,6,60,0,0,0,27:11,Indianapolis Colts
16,16,17,2016-01-03,Sun,,TEN,W,30,24,,21,38,55.3,200,2,5.3,5.13,76.6,1,7,32,127,0,4.0,71,327,4.61,3,3,3,3,5,216,11,8,1,20,7,17,0,0,6,71,0,1,1,33:17,Indianapolis Colts
1,1,1,2015-09-13,Sun,,CAR,L,9,20,,22,40,55.0,169,1,4.2,2.48,53.0,5,14,21,96,0,4.6,66,265,4.02,2,1,1,0,5,231,12,6,0,18,3,12,1,2,3,25,1,2,3,25:54,Jacksonville Jaguars
2,2,2,2015-09-20,Sun,,MIA,W,23,20,,18,33,54.5,273,2,8.3,9.48,102.2,0,0,33,123,0,3.7,66,396,6.00,3,3,2,2,7,317,11,4,4,19,5,14,0,0,9,93,0,0,0,30:08,Jacksonville Jaguars
3,3,3,2015-09-27,Sun,@,NWE,L,17,51,,17,33,51.5,236,2,7.2,7.00,82.4,2,6,20,57,0,2.9,55,293,5.33,1,1,2,2,4,195,12,2,1,15,6,12,0,1,7,114,0,1,1,25:20,Jacksonville Jaguars
4,4,4,2015-10-04,Sun,@,IND,L,13,16,OT,28,50,56.0,289,1,5.8,6.18,79.5,1,9,28,142,0,5.1,79,431,5.46,4,2,1,1,8,307,15,5,1,21,7,18,0,0,13,92,0,0,0,36:10,Jacksonville Jaguars
5,5,5,2015-10-11,Sun,@,TAM,L,31,38,,23,33,69.7,270,4,8.2,9.24,121.2,6,33,17,55,0,3.2,56,325,5.80,1,1,4,4,4,221,15,3,3,21,2,8,1,1,3,12,1,1,2,25:19,Jacksonville Jaguars
6,6,6,2015-10-18,Sun,,HOU,L,20,31,,30,53,56.6,311,3,5.9,4.45,69.0,3,20,21,83,0,4.0,77,394,5.12,0,0,3,2,5,234,18,4,4,26,5,15,2,2,7,64,0,3,3,29:58,Jacksonville Jaguars
7,7,7,2015-10-25,Sun,,BUF,W,34,31,,13,29,44.8,175,2,6.0,5.86,73.2,2,7,32,120,1,3.8,63,295,4.68,0,0,5,4,6,269,9,6,2,17,5,14,0,1,10,66,0,1,1,28:38,Jacksonville Jaguars
8,8,9,2015-11-08,Sun,@,NYJ,L,23,28,,24,40,60.0,338,2,8.5,7.20,83.1,6,43,19,98,0,5.2,65,436,6.71,3,3,2,2,5,203,16,3,0,19,7,16,0,0,4,30,2,2,4,29:16,Jacksonville Jaguars
9,9,10,2015-11-15,Sun,@,BAL,W,22,20,,22,45,48.9,168,2,3.7,3.62,63.9,3,20,22,90,0,4.1,70,258,3.69,4,3,1,1,7,364,10,6,6,22,4,16,0,0,4,30,0,1,1,30:32,Jacksonville Jaguars
10,10,11,2015-11-19,Thu,,TEN,W,19,13,,21,31,67.7,218,1,7.0,6.23,85.1,4,24,23,90,0,3.9,58,308,5.31,4,4,1,1,4,192,13,3,2,18,4,13,0,0,8,88,1,1,2,28:25,Jacksonville Jaguars
11,11,12,2015-11-29,Sun,,SDG,L,25,31,,30,49,61.2,318,2,6.5,6.39,85.2,2,11,19,102,0,5.4,70,420,6.00,4,4,2,1,3,124,15,4,1,20,5,15,2,3,6,35,0,1,1,28:36,Jacksonville Jaguars
12,12,13,2015-12-06,Sun,@,TEN,L,39,42,,24,36,66.7,302,5,8.4,11.17,132.2,2,20,21,81,1,3.9,59,383,6.49,0,0,5,3,3,160,17,3,0,20,10,14,0,1,6,21,1,0,1,26:26,Jacksonville Jaguars
13,13,14,2015-12-13,Sun,,IND,W,51,16,,16,30,53.3,226,3,7.5,9.53,111.2,3,24,29,154,2,5.3,62,380,6.13,1,1,7,6,5,228,12,9,3,24,2,9,1,1,5,40,2,0,2,29:12,Jacksonville Jaguars
14,14,15,2015-12-20,Sun,,ATL,L,17,23,,23,38,60.5,285,1,7.5,6.84,81.6,2,12,20,85,1,4.3,60,370,6.17,1,1,2,2,6,254,14,6,1,21,0,8,0,1,5,62,0,1,1,25:27,Jacksonville Jaguars
15,15,16,2015-12-27,Sun,@,NOR,L,27,38,,27,35,77.1,347,4,9.9,9.63,122.0,2,21,15,65,0,4.3,52,412,7.92,0,0,1,1,3,150,17,4,0,21,6,9,0,0,8,55,0,2,2,22:07,Jacksonville Jaguars
16,16,17,2016-01-03,Sun,@,HOU,L,6,30,,17,32,53.1,183,0,5.7,2.91,44.1,8,56,14,32,0,2.3,54,215,3.98,2,2,0,0,5,251,9,1,1,11,1,12,1,2,7,53,2,2,4,24:23,Jacksonville Jaguars
1,1,1,2015-09-13,Sun,@,HOU,W,27,20,,22,33,66.7,233,3,7.1,8.88,117.4,2,10,32,97,0,3.0,67,330,4.93,3,2,3,3,7,307,12,7,0,19,3,13,0,0,2,25,0,0,0,35:19,Kansas City Chiefs
2,2,2,2015-09-17,Thu,,DEN,L,24,31,,16,25,64.0,167,0,6.7,3.08,49.9,5,24,28,147,2,5.3,58,314,5.41,1,1,3,3,4,210,9,7,4,20,0,7,0,0,9,60,3,2,5,28:59,Kansas City Chiefs
3,3,3,2015-09-28,Mon,@,GNB,L,28,38,,24,40,60.0,251,1,6.3,5.65,76.1,7,39,18,75,3,4.2,65,326,5.02,0,0,2,2,6,301,13,6,4,23,2,10,2,2,7,38,0,1,1,26:30,Kansas City Chiefs
4,4,4,2015-10-04,Sun,@,CIN,L,21,36,,31,45,68.9,348,0,7.7,7.73,91.7,5,38,23,113,0,4.9,73,461,6.32,7,7,0,0,1,62,13,8,3,24,7,16,0,0,7,46,1,0,1,36:53,Kansas City Chiefs
5,5,5,2015-10-11,Sun,,CHI,L,17,18,,16,30,53.3,170,1,5.7,6.33,81.2,3,11,25,117,0,4.7,58,287,4.95,3,1,2,2,7,331,9,6,1,16,5,14,0,0,3,49,0,0,0,26:23,Kansas City Chiefs
6,6,6,2015-10-18,Sun,@,MIN,L,10,16,,22,37,59.5,271,1,7.3,7.86,91.2,2,11,18,57,0,3.2,57,328,5.75,1,1,1,1,6,250,13,2,1,16,3,12,0,2,8,95,1,0,1,26:53,Kansas City Chiefs
7,7,7,2015-10-25,Sun,,PIT,W,23,13,,21,32,65.6,239,1,7.5,8.09,98.3,2,12,29,138,1,4.8,63,377,5.98,4,3,2,2,3,164,11,7,0,18,9,16,0,0,6,66,0,0,0,32:26,Kansas City Chiefs
8,8,8,2015-11-01,Sun,,DET,W,45,10,,20,28,71.4,134,2,4.8,6.21,105.4,3,15,32,206,4,6.4,63,340,5.40,1,1,6,6,4,164,10,10,4,24,8,13,0,0,3,20,0,0,0,34:14,Kansas City Chiefs
9,9,10,2015-11-15,Sun,@,DEN,W,29,13,,17,31,54.8,197,1,6.4,7.00,85.0,2,7,32,106,1,3.3,65,303,4.66,6,5,2,2,5,226,4,8,1,13,4,16,1,1,11,102,0,0,0,33:27,Kansas City Chiefs
10,10,11,2015-11-22,Sun,@,SDG,W,33,3,,20,25,80.0,232,0,9.3,9.28,105.3,3,21,31,153,3,4.9,59,385,6.53,2,2,4,3,5,203,10,9,3,22,5,12,1,1,5,35,0,0,0,33:28,Kansas City Chiefs
11,11,12,2015-11-29,Sun,,BUF,W,30,22,,19,30,63.3,255,2,8.5,9.83,112.5,1,0,27,158,1,5.9,58,413,7.12,4,3,3,3,3,117,11,8,2,21,6,13,0,0,8,58,0,0,0,29:28,Kansas City Chiefs
12,12,13,2015-12-06,Sun,@,OAK,W,34,20,,16,22,72.7,143,2,6.5,8.32,120.1,4,19,22,89,2,4.0,48,232,4.83,0,0,3,2,5,250,7,6,2,15,3,8,0,0,11,88,2,0,2,25:32,Kansas City Chiefs
13,13,14,2015-12-13,Sun,,SDG,W,10,3,,15,23,65.2,179,1,7.8,6.70,85.2,2,12,25,150,0,6.0,50,329,6.58,2,1,1,1,4,154,7,9,2,18,6,11,0,0,8,53,1,1,2,28:52,Kansas City Chiefs
14,14,15,2015-12-20,Sun,@,BAL,W,34,14,,21,25,84.0,164,1,6.6,7.36,107.3,3,7,28,113,1,4.0,56,277,4.95,2,2,4,4,5,232,9,5,1,15,5,13,0,0,6,55,0,0,0,32:19,Kansas City Chiefs
15,15,16,2015-12-27,Sun,,CLE,W,17,13,,15,22,68.2,122,2,5.5,5.32,93.4,1,3,27,136,0,5.0,50,258,5.16,1,1,2,2,5,184,8,6,2,16,4,12,1,1,5,33,0,1,1,28:56,Kansas City Chiefs
16,16,17,2016-01-03,Sun,,OAK,W,23,17,,15,25,60.0,150,2,6.0,4.00,70.4,1,9,39,189,1,4.8,65,339,5.22,0,0,3,3,5,178,9,12,2,23,6,13,1,2,5,55,0,2,2,34:55,Kansas City Chiefs
1,1,1,2015-09-13,Sun,,DET,W,33,28,,34,41,82.9,387,2,9.4,8.22,101.9,2,16,31,96,2,3.1,74,483,6.53,2,2,4,3,2,104,20,5,3,28,6,11,0,0,5,40,1,2,3,38:12,Los Angeles Chargers
2,2,2,2015-09-20,Sun,@,CIN,L,19,24,,21,27,77.8,223,2,8.3,8.07,110.3,4,18,25,131,0,5.2,56,354,6.32,3,2,1,1,3,144,12,6,1,19,4,11,0,0,8,64,2,1,3,30:09,Los Angeles Chargers
3,3,3,2015-09-27,Sun,@,MIN,L,14,31,,26,40,65.0,279,2,7.0,6.85,91.6,4,30,28,90,0,3.2,72,369,5.13,0,0,2,2,6,263,12,8,1,21,8,17,0,1,7,74,1,1,2,33:29,Los Angeles Chargers
4,4,4,2015-10-04,Sun,,CLE,W,30,27,,23,38,60.5,347,3,9.1,10.71,116.9,2,11,21,91,0,4.3,61,438,7.18,3,3,3,3,5,186,15,3,5,23,3,11,0,0,6,31,0,0,0,25:41,Los Angeles Chargers
5,5,5,2015-10-12,Mon,,PIT,L,20,24,,35,48,72.9,354,2,7.4,7.27,98.8,2,11,19,52,0,2.7,69,406,5.88,3,2,2,2,5,267,20,2,2,24,4,14,0,0,7,54,1,1,2,33:43,Los Angeles Chargers
6,6,6,2015-10-18,Sun,@,GNB,L,20,27,,43,65,66.2,488,2,7.5,8.12,98.7,3,15,21,60,0,2.9,89,548,6.16,2,2,2,2,3,117,26,4,2,32,9,18,1,3,9,76,1,0,1,38:00,Los Angeles Chargers
7,7,7,2015-10-25,Sun,,OAK,L,29,37,,38,58,65.5,327,3,5.6,5.12,83.0,1,9,21,90,0,4.3,80,417,5.21,2,2,1,1,5,211,15,9,4,28,8,16,0,0,9,86,0,2,2,29:11,Los Angeles Chargers
8,8,8,2015-11-01,Sun,@,BAL,L,26,29,,28,37,75.7,290,3,7.8,9.46,124.8,1,11,26,81,0,3.1,64,371,5.80,2,2,3,2,4,177,15,4,3,22,7,13,0,0,6,66,0,0,0,30:06,Los Angeles Chargers
9,9,9,2015-11-09,Mon,,CHI,L,19,22,,26,42,61.9,262,1,6.2,6.71,87.6,2,18,19,77,0,4.1,63,339,5.38,2,2,2,1,4,159,12,5,2,19,7,13,0,1,8,54,1,0,1,26:25,Los Angeles Chargers
10,10,11,2015-11-22,Sun,,KAN,L,3,33,,19,30,63.3,149,0,5.0,3.47,61.7,3,29,25,52,0,2.1,58,201,3.47,1,1,0,0,6,281,7,5,2,14,4,13,0,1,6,39,1,1,2,26:32,Los Angeles Chargers
11,11,12,2015-11-29,Sun,@,JAX,W,31,25,,29,43,67.4,290,4,6.7,8.60,117.4,2,10,26,79,0,3.0,71,369,5.20,1,1,4,4,6,247,19,4,1,24,6,14,1,1,8,70,0,0,0,31:24,Los Angeles Chargers
12,12,13,2015-12-06,Sun,,DEN,L,3,17,,18,35,51.4,179,0,5.1,3.83,54.3,4,23,23,93,0,4.0,62,272,4.39,2,1,0,0,4,192,8,6,1,15,5,14,0,2,8,72,2,1,3,27:03,Los Angeles Chargers
13,13,14,2015-12-13,Sun,@,KAN,L,3,10,,24,43,55.8,236,0,5.5,4.44,61.8,5,27,18,44,0,2.4,66,280,4.24,2,1,0,0,5,234,12,2,1,15,6,18,3,3,7,48,0,1,1,31:08,Los Angeles Chargers
14,14,15,2015-12-20,Sun,,MIA,W,30,14,,26,36,72.2,302,3,8.4,7.56,101.9,1,9,36,140,1,3.9,73,442,6.05,2,1,4,3,3,110,16,7,3,26,9,14,0,0,7,48,0,2,2,38:53,Los Angeles Chargers
15,15,16,2015-12-24,Thu,@,OAK,L,20,23,OT,31,49,63.3,271,1,5.5,5.94,84.7,1,6,25,72,1,2.9,75,343,4.57,3,2,2,2,5,214,13,4,2,19,5,16,0,1,9,75,1,0,1,35:04,Los Angeles Chargers
16,16,17,2016-01-03,Sun,@,DEN,L,20,27,,21,35,60.0,207,2,5.9,5.77,83.9,3,21,29,110,0,3.8,67,317,4.73,2,2,2,2,7,355,8,5,2,15,6,18,0,2,7,45,0,1,1,34:32,Los Angeles Chargers
1,1,1,2015-09-13,Sun,,SEA,W,34,31,OT,18,27,66.7,276,1,10.2,10.96,112.6,2,21,26,76,2,2.9,55,352,6.40,2,2,4,4,3,142,13,5,1,19,6,11,0,0,4,30,3,0,3,28:32,Los Angeles Rams
2,2,2,2015-09-20,Sun,@,WAS,L,10,24,,17,32,53.1,146,1,4.6,5.19,75.8,1,4,13,67,0,5.2,46,213,4.63,1,1,1,1,8,381,6,4,1,11,2,12,0,1,9,80,0,0,0,22:16,Los Angeles Rams
3,3,3,2015-09-27,Sun,,PIT,L,6,12,,19,29,65.5,187,0,6.4,4.90,69.2,2,10,18,71,0,3.9,49,258,5.27,2,2,0,0,4,170,9,2,1,12,2,10,0,2,7,97,0,1,1,27:41,Los Angeles Rams
4,4,4,2015-10-04,Sun,@,ARI,W,24,22,,16,24,66.7,164,3,6.8,9.33,125.7,1,7,26,164,0,6.3,51,328,6.43,1,1,3,3,7,348,7,6,0,13,5,13,0,0,7,66,0,0,0,26:47,Los Angeles Rams
5,5,5,2015-10-11,Sun,@,GNB,L,10,24,,12,31,38.7,143,1,4.6,-0.55,24.7,3,18,36,191,0,5.3,70,334,4.77,4,1,1,1,4,181,8,8,1,17,5,18,1,1,8,40,0,4,4,33:43,Los Angeles Rams
6,6,7,2015-10-25,Sun,,CLE,W,24,6,,15,23,65.2,150,0,6.5,6.52,83.6,2,13,26,158,2,6.1,51,308,6.04,3,1,3,3,5,244,5,9,2,16,1,9,0,0,9,75,1,0,1,24:27,Los Angeles Rams
7,7,8,2015-11-01,Sun,,SFO,W,27,6,,14,23,60.9,191,1,8.3,9.17,101.9,0,0,41,197,2,4.8,64,388,6.06,2,1,2,2,8,436,5,7,4,16,1,12,0,0,12,93,1,0,1,31:58,Los Angeles Rams
8,8,9,2015-11-08,Sun,@,MIN,L,18,21,OT,18,33,54.5,160,0,4.8,4.85,67.7,1,8,36,160,1,4.4,70,320,4.57,5,4,0,0,8,372,5,10,3,18,2,16,1,1,12,87,0,0,0,32:27,Los Angeles Rams
9,9,10,2015-11-15,Sun,,CHI,L,13,37,,17,37,45.9,191,0,5.2,3.95,50.6,1,9,21,94,1,4.5,59,285,4.83,2,2,1,1,6,296,7,4,1,12,4,14,0,2,8,57,1,1,2,25:38,Los Angeles Rams
10,10,11,2015-11-22,Sun,@,BAL,L,13,16,,12,26,46.2,131,1,5.0,5.81,74.4,1,5,29,82,1,2.8,56,213,3.80,1,0,2,1,8,367,6,4,3,13,3,13,0,0,6,35,4,0,4,27:08,Los Angeles Rams
11,11,12,2015-11-29,Sun,@,CIN,L,7,31,,36,53,67.9,251,0,4.7,2.19,54.8,1,8,17,94,1,5.5,71,345,4.86,0,0,1,1,5,225,14,3,2,19,6,15,1,3,7,45,0,3,3,29:53,Los Angeles Rams
12,12,13,2015-12-06,Sun,,ARI,L,3,27,,15,35,42.9,146,0,4.2,2.89,43.3,0,0,15,66,0,4.4,50,212,4.24,1,1,0,0,8,436,6,3,0,9,1,12,1,2,7,104,0,1,1,20:13,Los Angeles Rams
13,13,14,2015-12-13,Sun,,DET,W,21,14,,14,22,63.6,114,0,5.2,3.14,57.8,1,10,29,203,2,7.0,52,317,6.10,0,0,3,3,6,284,6,8,1,15,4,11,0,0,5,48,1,1,2,26:10,Los Angeles Rams
14,14,15,2015-12-17,Thu,,TAM,W,31,23,,14,17,82.4,221,2,13.0,15.35,158.0,2,13,33,98,2,3.0,52,319,6.13,1,1,4,4,5,220,11,4,1,16,2,10,0,0,5,35,0,0,0,28:40,Los Angeles Rams
15,15,16,2015-12-27,Sun,@,SEA,W,23,17,,14,23,60.9,103,1,4.5,5.35,86.0,0,0,30,102,1,3.4,53,205,3.87,1,1,3,2,6,240,7,6,1,14,5,12,0,0,5,60,0,0,0,27:54,Los Angeles Rams
16,16,17,2016-01-03,Sun,@,SFO,L,16,19,OT,22,38,57.9,231,0,6.1,6.08,75.7,0,0,33,133,1,4.0,71,364,5.13,5,3,1,1,5,259,11,9,1,21,3,13,0,1,11,105,0,0,0,38:30,Los Angeles Rams
1,1,1,2015-09-13,Sun,,CIN,L,13,33,,30,43,69.8,183,2,4.3,4.14,83.8,2,20,16,63,0,3.9,61,246,4.03,0,0,1,1,6,260,13,1,2,16,3,12,2,3,5,32,1,1,2,27:28,Las Vegas Raiders
2,2,2,2015-09-20,Sun,,BAL,W,37,33,,30,46,65.2,351,3,7.6,7.96,100.9,1,0,19,97,1,5.1,66,448,6.79,3,3,4,4,2,118,17,4,6,27,9,14,0,0,16,106,0,1,1,29:33,Las Vegas Raiders
3,3,3,2015-09-27,Sun,@,CLE,W,27,20,,20,32,62.5,314,2,9.8,11.06,115.9,0,0,30,155,1,5.2,62,469,7.56,2,2,3,3,4,157,11,6,2,19,6,14,0,0,12,85,1,0,1,32:29,Las Vegas Raiders
4,4,4,2015-10-04,Sun,@,CHI,L,20,22,,20,33,60.6,173,2,5.2,5.09,82.0,2,23,22,70,0,3.2,57,243,4.26,2,2,2,2,5,242,12,3,1,16,6,13,0,0,5,47,1,1,2,26:38,Las Vegas Raiders
5,5,5,2015-10-11,Sun,,DEN,L,10,16,,26,39,66.7,223,1,5.7,5.08,79.3,4,26,25,65,0,2.6,68,288,4.24,3,1,1,1,4,207,13,3,4,20,7,16,1,2,6,41,2,1,3,34:09,Las Vegas Raiders
6,6,7,2015-10-25,Sun,@,SDG,W,37,29,,24,31,77.4,282,3,9.1,11.03,136.8,1,7,26,130,1,5.0,58,412,7.10,3,3,4,4,4,152,10,8,1,19,5,12,0,0,14,136,0,0,0,30:49,Las Vegas Raiders
7,7,8,2015-11-01,Sun,,NYJ,W,34,20,,23,36,63.9,333,4,9.3,11.47,130.9,0,0,25,118,0,4.7,61,451,7.39,3,2,4,4,3,135,13,7,1,21,4,10,0,0,6,61,0,0,0,30:38,Las Vegas Raiders
8,8,9,2015-11-08,Sun,@,PIT,L,35,38,,24,44,54.5,301,4,6.8,7.64,96.9,0,0,25,139,1,5.6,69,440,6.38,0,0,5,5,7,277,17,6,1,24,6,14,0,0,3,21,3,1,4,27:56,Las Vegas Raiders
9,9,10,2015-11-15,Sun,,MIN,L,14,30,,29,43,67.4,287,2,6.7,5.51,82.2,2,15,19,84,0,4.4,64,371,5.80,0,0,2,2,6,257,15,5,0,20,7,14,0,0,8,82,0,2,2,26:59,Las Vegas Raiders
10,10,11,2015-11-22,Sun,@,DET,L,13,18,,13,25,52.0,164,0,6.6,6.56,72.7,1,5,21,52,1,2.5,47,216,4.60,2,2,1,1,5,217,7,4,2,13,4,11,0,0,6,31,0,0,0,23:58,Las Vegas Raiders
11,11,12,2015-11-29,Sun,@,TEN,W,24,21,,24,38,63.2,323,3,8.5,10.08,116.4,1,7,30,84,0,2.8,69,407,5.90,1,1,3,3,4,169,15,6,1,22,8,15,0,1,11,94,2,0,2,34:55,Las Vegas Raiders
12,12,13,2015-12-06,Sun,,KAN,L,20,34,,31,48,64.6,262,2,5.5,3.48,66.5,4,21,24,99,1,4.1,76,361,4.75,1,0,3,2,4,158,17,6,4,27,6,14,0,2,4,21,0,3,3,34:28,Las Vegas Raiders
13,13,14,2015-12-13,Sun,@,DEN,W,15,12,,12,29,41.4,99,2,3.4,4.79,73.8,3,36,23,27,0,1.2,55,126,2.29,1,0,1,1,10,460,6,1,1,8,3,15,0,0,10,70,0,0,0,24:02,Las Vegas Raiders
14,14,15,2015-12-20,Sun,,GNB,L,20,30,,23,47,48.9,252,2,5.4,4.30,61.7,3,24,25,120,0,4.8,75,372,4.96,2,2,2,2,5,217,10,8,2,20,5,17,1,4,10,95,0,2,2,30:31,Las Vegas Raiders
15,15,16,2015-12-24,Thu,,SDG,W,23,20,OT,23,38,60.5,175,1,4.6,3.95,69.5,3,29,24,106,1,4.4,65,281,4.32,2,2,1,1,8,400,8,4,2,14,4,15,0,0,16,121,0,1,1,33:21,Las Vegas Raiders
16,16,17,2016-01-03,Sun,@,KAN,L,17,23,,21,33,63.6,157,1,4.8,4.00,72.4,6,37,16,48,0,3.0,55,205,3.73,1,1,2,2,7,271,9,2,3,14,3,14,1,1,7,59,0,1,1,25:05,Las Vegas Raiders
1,1,1,2015-09-13,Sun,@,WAS,W,17,10,,22,34,64.7,182,1,5.4,5.94,88.1,3,44,18,74,0,4.1,55,256,4.65,1,1,2,2,4,217,12,5,2,19,5,12,0,1,6,39,1,0,1,22:06,Miami Dolphins
2,2,2,2015-09-20,Sun,@,JAX,L,20,23,,30,44,68.2,344,2,7.8,8.73,106.6,2,15,16,42,0,2.6,62,386,6.23,3,2,2,2,6,289,15,0,2,17,5,15,0,1,13,112,0,0,0,29:52,Miami Dolphins
3,3,3,2015-09-27,Sun,,BUF,L,14,41,,26,49,53.1,289,2,5.9,3.96,59.0,2,8,20,102,0,5.1,71,391,5.51,0,0,1,0,4,196,13,7,1,21,4,13,1,4,6,36,0,3,3,28:07,Miami Dolphins
4,4,4,2015-10-04,Sun,,NYJ,L,14,27,,19,44,43.2,167,2,3.8,2.66,50.1,3,31,11,59,0,5.4,58,226,3.90,0,0,2,2,7,322,8,4,5,17,0,12,0,4,9,80,0,2,2,22:37,Miami Dolphins
5,5,6,2015-10-18,Sun,@,TEN,W,38,10,,22,29,75.9,254,2,8.8,7.03,96.0,2,12,32,180,2,5.6,63,434,6.89,1,1,5,5,3,131,14,11,1,26,5,9,0,0,9,97,0,2,2,31:53,Miami Dolphins
6,6,7,2015-10-25,Sun,,HOU,W,44,26,,19,20,95.0,255,4,12.8,16.75,158.3,4,41,35,248,1,7.1,59,503,8.53,1,1,6,5,5,246,11,8,2,21,1,9,0,0,8,52,1,0,1,32:05,Miami Dolphins
7,7,8,2015-10-29,Thu,@,NWE,L,7,36,,28,44,63.6,255,0,5.8,3.75,60.3,5,45,13,15,1,1.2,62,270,4.35,1,0,1,1,6,349,16,2,0,18,2,11,1,2,7,40,0,2,2,27:23,Miami Dolphins
8,8,9,2015-11-08,Sun,@,BUF,L,17,33,,27,36,75.0,289,0,8.0,8.03,98.0,2,27,24,108,2,4.5,62,397,6.40,1,1,2,2,3,114,16,6,7,29,4,9,0,0,8,62,1,0,1,28:47,Miami Dolphins
9,9,10,2015-11-15,Sun,@,PHI,W,20,19,,21,36,58.3,190,2,5.3,6.39,91.2,4,27,26,99,0,3.8,66,289,4.38,2,2,2,2,8,393,11,4,0,15,5,15,0,0,8,84,0,0,0,28:53,Miami Dolphins
10,10,11,2015-11-22,Sun,,DAL,L,14,24,,13,24,54.2,140,2,5.8,5.63,81.9,3,48,14,70,0,5.0,41,210,5.12,0,0,2,2,7,305,6,2,1,9,1,10,0,1,9,74,0,1,1,21:10,Miami Dolphins
11,11,12,2015-11-29,Sun,@,NYJ,L,20,38,,33,58,56.9,321,3,5.5,5.79,82.6,3,30,9,12,0,1.3,70,333,4.76,0,0,3,2,8,360,19,0,1,20,4,15,2,2,6,45,1,1,2,28:44,Miami Dolphins
12,12,13,2015-12-06,Sun,,BAL,W,15,13,,9,19,47.4,82,1,4.3,5.37,77.1,1,4,26,137,0,5.3,46,219,4.76,0,0,1,1,9,412,3,5,0,8,4,13,0,0,5,31,1,0,1,21:51,Miami Dolphins
13,13,14,2015-12-14,Mon,,NYG,L,24,31,,25,41,61.0,235,1,5.7,6.22,84.9,1,1,22,128,2,5.8,64,363,5.67,1,1,3,3,6,280,10,6,0,16,7,16,1,2,12,123,1,0,1,29:29,Miami Dolphins
14,14,15,2015-12-20,Sun,@,SDG,L,14,30,,20,34,58.8,187,0,5.5,5.50,74.0,3,29,19,44,2,2.3,56,231,4.13,0,0,2,2,8,366,8,4,1,13,2,14,3,3,9,72,1,0,1,21:07,Miami Dolphins
15,15,16,2015-12-27,Sun,,IND,L,12,18,,26,38,68.4,279,0,7.3,6.16,78.7,6,50,25,82,1,3.3,69,361,5.23,2,2,0,0,3,157,16,4,2,22,6,15,0,1,9,50,0,1,1,32:49,Miami Dolphins
16,16,17,2016-01-03,Sun,,NWE,W,20,10,,25,38,65.8,342,2,9.0,10.05,112.0,1,8,34,96,0,2.8,73,438,6.00,3,2,2,2,5,243,16,4,0,20,8,17,0,1,10,93,0,0,0,31:05,Miami Dolphins
1,1,1,2015-09-14,Mon,@,SFO,L,3,20,,23,32,71.9,177,0,5.5,4.13,72.0,5,54,17,71,0,4.2,54,248,4.59,2,1,0,0,4,150,11,5,1,17,1,9,0,2,5,25,0,1,1,26:58,Minnesota Vikings
2,2,2,2015-09-20,Sun,,DET,W,26,16,,14,18,77.8,151,1,8.4,9.50,120.1,1,2,42,199,2,4.7,61,350,5.74,2,2,3,2,3,134,7,12,1,20,7,14,1,1,10,97,1,0,1,31:06,Minnesota Vikings
3,3,3,2015-09-27,Sun,,SDG,W,31,14,,13,24,54.2,121,0,5.0,3.17,50.9,0,0,31,163,3,5.3,55,284,5.16,1,1,4,4,4,165,8,8,2,18,3,9,0,0,3,39,0,1,1,26:31,Minnesota Vikings
4,4,4,2015-10-04,Sun,@,DEN,L,20,23,,27,41,65.9,212,1,5.2,5.66,86.6,7,57,21,113,1,5.4,69,325,4.71,3,2,2,2,5,217,13,5,1,19,6,16,2,2,9,63,1,0,1,33:54,Minnesota Vikings
5,5,6,2015-10-18,Sun,,KAN,W,16,10,,17,31,54.8,237,1,7.6,5.39,63.5,2,12,35,84,0,2.4,68,321,4.72,3,3,1,1,4,181,10,4,2,16,6,17,1,1,5,50,0,2,2,33:07,Minnesota Vikings
6,6,7,2015-10-25,Sun,@,DET,W,28,19,,25,35,71.4,285,2,8.1,9.29,114.6,4,31,35,140,0,4.0,74,425,5.74,5,5,2,1,2,90,16,7,2,25,5,13,0,1,3,31,1,0,1,36:27,Minnesota Vikings
7,7,8,2015-11-01,Sun,@,CHI,W,23,20,,17,30,56.7,180,1,6.0,5.17,71.5,1,7,25,147,0,5.9,56,327,5.84,3,3,2,2,4,134,7,8,2,17,5,12,0,0,4,35,0,1,1,27:18,Minnesota Vikings
8,8,9,2015-11-08,Sun,,STL,W,21,18,OT,15,27,55.6,148,0,5.5,3.81,55.8,1,11,35,145,2,4.1,63,293,4.65,2,2,1,1,8,334,6,9,6,21,3,13,0,0,6,67,0,1,1,33:13,Minnesota Vikings
9,9,10,2015-11-15,Sun,@,OAK,W,30,14,,14,22,63.6,122,1,5.5,6.45,93.4,4,18,33,263,1,8.0,59,385,6.53,5,3,3,3,3,143,6,13,2,21,4,11,0,0,3,15,0,0,0,33:01,Minnesota Vikings
10,10,11,2015-11-22,Sun,,GNB,L,13,30,,25,38,65.8,248,1,6.5,7.05,92.9,6,48,18,94,1,5.2,62,342,5.52,0,0,2,1,6,245,11,5,0,16,5,13,0,2,8,110,1,0,1,29:38,Minnesota Vikings
11,11,12,2015-11-29,Sun,@,ATL,W,20,10,,20,28,71.4,174,0,6.2,4.61,72.6,0,0,39,191,2,4.9,67,365,5.45,3,2,2,2,2,95,10,11,3,24,7,12,0,0,9,53,0,1,1,33:28,Minnesota Vikings
12,12,13,2015-12-06,Sun,,SEA,L,7,38,,17,28,60.7,94,0,3.4,1.75,51.8,4,24,16,31,0,1.9,48,125,2.60,0,0,1,1,7,281,7,1,1,9,2,10,0,1,9,95,0,1,1,24:50,Minnesota Vikings
13,13,14,2015-12-10,Thu,@,ARI,L,20,23,,25,36,69.4,317,1,8.8,9.36,105.9,3,18,24,72,1,3.0,63,389,6.17,2,2,2,2,2,91,17,4,2,23,6,11,0,0,3,25,3,0,3,28:01,Minnesota Vikings
14,14,15,2015-12-20,Sun,,CHI,W,38,17,,17,20,85.0,221,4,11.1,15.05,152.3,1,10,36,129,1,3.6,57,350,6.14,1,1,5,5,3,129,10,8,2,20,8,12,0,0,4,45,0,0,0,32:10,Minnesota Vikings
15,15,16,2015-12-27,Sun,,NYG,W,49,17,,15,25,60.0,150,1,6.0,6.80,90.4,3,18,40,218,3,5.5,68,368,5.41,5,5,5,4,4,162,9,7,1,17,6,16,0,0,2,10,0,0,0,34:57,Minnesota Vikings
16,16,17,2016-01-03,Sun,@,GNB,W,20,13,,10,19,52.6,91,0,4.8,2.42,44.0,3,8,27,151,1,5.6,49,242,4.94,2,2,2,2,5,195,5,6,3,14,2,11,1,1,5,37,1,1,2,24:18,Minnesota Vikings
1,1,1,2015-09-10,Thu,,PIT,W,28,21,,25,32,78.1,281,4,8.8,11.28,142.8,2,7,24,80,0,3.3,58,361,6.22,0,0,4,4,4,191,19,5,2,26,7,11,0,0,7,64,0,0,0,27:55,New England Patriots
2,2,2,2015-09-20,Sun,@,BUF,W,40,32,,38,59,64.4,451,3,7.6,8.66,104.6,2,15,15,56,1,3.7,76,507,6.67,4,4,4,4,1,54,21,4,3,28,3,10,0,2,11,119,2,0,2,29:57,New England Patriots
3,3,3,2015-09-27,Sun,,JAX,W,51,17,,33,42,78.6,346,2,8.2,9.19,116.9,2,12,32,125,4,3.9,76,471,6.20,3,3,6,6,0,0,19,12,4,35,11,14,0,0,4,30,0,0,0,34:40,New England Patriots
4,4,5,2015-10-11,Sun,@,DAL,W,30,6,,20,27,74.1,247,2,9.1,10.63,126.6,5,28,23,109,1,4.7,55,356,6.47,3,3,3,3,4,175,11,5,4,20,3,10,0,1,9,65,0,0,0,26:48,New England Patriots
5,5,6,2015-10-18,Sun,@,IND,W,34,27,,23,37,62.2,301,3,8.1,8.54,103.5,2,11,25,116,1,4.6,64,417,6.52,2,2,4,4,5,239,15,5,2,22,5,12,1,1,8,72,0,1,1,27:28,New England Patriots
6,6,7,2015-10-25,Sun,,NYJ,W,30,23,,34,54,63.0,337,2,6.2,6.98,92.9,3,18,9,16,1,1.8,66,353,5.35,3,3,3,3,3,134,17,3,0,20,8,16,1,1,4,38,0,0,0,26:57,New England Patriots
7,7,8,2015-10-29,Thu,,MIA,W,36,7,,26,38,68.4,342,4,9.0,11.11,131.7,2,14,26,95,0,3.7,66,437,6.62,2,2,4,4,6,264,16,8,0,24,3,12,1,1,8,69,0,0,0,32:37,New England Patriots
8,8,9,2015-11-08,Sun,,WAS,W,27,10,,26,39,66.7,299,2,7.7,7.54,96.0,0,0,37,161,1,4.4,76,460,6.05,2,2,3,3,2,69,15,10,2,27,9,16,1,1,6,43,1,1,2,37:05,New England Patriots
9,9,10,2015-11-15,Sun,@,NYG,W,27,26,,26,42,61.9,329,2,7.8,7.71,92.3,3,5,23,77,1,3.3,68,406,5.97,2,2,3,3,4,200,15,5,2,22,7,14,1,1,7,93,1,1,2,31:36,New England Patriots
10,10,11,2015-11-23,Mon,,BUF,W,20,13,,20,39,51.3,271,1,6.9,6.31,71.6,1,6,22,85,1,3.9,62,356,5.74,3,2,2,2,7,288,12,4,2,18,4,14,0,0,5,61,0,1,1,27:05,New England Patriots
11,11,12,2015-11-29,Sun,@,DEN,L,24,30,OT,23,42,54.8,262,3,6.2,7.67,97.5,3,18,16,39,0,2.4,61,301,4.93,1,1,3,3,10,450,13,1,2,16,2,13,0,1,5,47,1,0,1,25:57,New England Patriots
12,12,13,2015-12-06,Sun,,PHI,L,28,35,,30,57,52.6,324,3,5.7,5.16,72.6,4,24,25,103,1,4.1,86,427,4.97,0,0,4,4,7,303,18,8,1,27,7,17,1,2,3,30,0,2,2,34:16,New England Patriots
13,13,14,2015-12-13,Sun,@,HOU,W,27,6,,22,30,73.3,197,2,6.6,7.90,112.8,3,29,31,116,1,3.7,64,313,4.89,2,2,3,3,6,264,11,7,0,18,7,16,0,0,6,46,1,0,1,35:14,New England Patriots
14,14,15,2015-12-20,Sun,,TEN,W,33,16,,23,35,65.7,253,2,7.2,8.37,106.0,2,14,26,93,0,3.6,63,346,5.49,5,4,3,3,4,182,12,4,1,17,7,16,0,0,5,35,1,0,1,29:37,New England Patriots
15,15,16,2015-12-27,Sun,@,NYJ,L,20,26,OT,22,31,71.0,221,1,7.1,6.32,88.2,2,10,22,63,0,2.9,55,284,5.16,2,2,2,2,4,184,13,2,1,16,1,10,3,3,1,7,0,1,1,28:33,New England Patriots
16,16,17,2016-01-03,Sun,@,MIA,L,10,20,,13,25,52.0,126,0,5.0,5.04,66.4,2,14,27,70,1,2.6,54,196,3.63,2,1,1,1,7,361,3,4,5,12,4,14,0,1,7,41,0,0,0,28:55,New England Patriots
1,1,1,2015-09-13,Sun,@,ARI,L,19,31,,30,48,62.5,354,1,7.4,6.85,83.2,2,1,20,54,0,2.7,70,408,5.83,4,4,1,1,4,171,12,4,2,18,7,18,0,1,7,73,0,1,1,33:24,New Orleans Saints
2,2,2,2015-09-20,Sun,,TAM,L,19,26,,24,38,63.2,219,1,5.8,5.11,76.5,4,36,27,104,2,3.9,69,323,4.68,1,0,2,1,4,175,11,8,2,21,7,14,1,1,10,115,2,1,3,31:28,New Orleans Saints
3,3,3,2015-09-27,Sun,@,CAR,L,22,27,,31,38,81.6,310,0,8.2,6.97,89.7,1,0,24,70,2,2.9,63,380,6.03,1,1,1,1,2,92,18,5,4,27,7,12,1,1,8,55,1,1,2,32:44,New Orleans Saints
4,4,4,2015-10-04,Sun,,DAL,W,26,20,OT,33,41,80.5,335,2,8.2,9.15,117.0,3,24,25,103,1,4.1,69,438,6.35,3,2,2,2,4,166,17,7,3,27,6,13,1,1,8,64,0,0,0,30:53,New Orleans Saints
5,5,5,2015-10-11,Sun,@,PHI,L,17,39,,26,43,60.5,292,2,6.8,6.67,86.6,5,43,21,96,0,4.6,69,388,5.62,1,1,2,2,6,237,14,5,0,19,8,16,1,1,7,78,3,1,4,25:58,New Orleans Saints
6,6,6,2015-10-15,Thu,,ATL,W,31,21,,30,39,76.9,304,1,7.8,8.31,107.2,1,8,32,81,2,2.5,72,385,5.35,3,1,4,4,4,175,16,7,2,25,8,16,1,1,3,15,0,0,0,32:30,New Orleans Saints
7,7,7,2015-10-25,Sun,@,IND,W,27,21,,29,45,64.4,266,1,5.9,5.36,78.6,2,14,36,183,3,5.1,83,449,5.41,0,0,4,3,10,487,12,9,1,22,7,20,1,1,12,100,0,1,1,38:23,New Orleans Saints
8,8,8,2015-11-01,Sun,,NYG,W,52,49,,39,50,78.0,505,7,10.1,11.10,131.7,0,0,26,103,0,4.0,76,608,8.00,1,1,7,7,2,95,24,10,1,35,7,11,1,1,12,93,0,2,2,34:59,New Orleans Saints
9,9,9,2015-11-08,Sun,,TEN,L,28,34,OT,28,39,71.8,355,3,9.1,9.49,114.8,4,32,27,61,1,2.3,70,416,5.94,1,0,4,4,4,183,18,5,7,30,6,11,0,0,8,75,1,1,2,32:49,New Orleans Saints
10,10,10,2015-11-15,Sun,@,WAS,L,14,47,,19,28,67.9,192,2,6.9,5.07,81.2,2,17,25,158,0,6.3,55,350,6.36,0,0,2,2,4,189,10,6,0,16,4,11,0,2,7,50,0,2,2,26:26,New Orleans Saints
11,11,12,2015-11-29,Sun,@,HOU,L,6,24,,25,44,56.8,218,0,5.0,3.93,60.6,2,10,10,50,0,5.0,56,268,4.79,2,2,0,0,6,281,11,2,1,14,3,12,0,1,10,82,0,1,1,23:37,New Orleans Saints
12,12,13,2015-12-06,Sun,,CAR,L,38,41,,24,42,57.1,264,3,6.3,6.64,89.8,2,18,14,70,1,5.0,58,334,5.76,1,0,4,4,5,204,13,5,3,21,3,10,0,1,11,104,0,1,1,23:26,New Orleans Saints
13,13,14,2015-12-13,Sun,@,TAM,W,24,17,,31,41,75.6,301,2,7.3,8.32,111.9,2,11,35,87,1,2.5,78,388,4.97,1,1,3,3,4,175,16,7,3,26,12,17,0,0,12,95,0,0,0,37:14,New Orleans Saints
14,14,15,2015-12-21,Mon,,DET,L,27,35,,34,52,65.4,330,3,6.3,7.50,102.2,1,11,18,69,0,3.8,71,399,5.62,2,2,3,3,4,172,21,3,3,27,5,14,2,2,6,28,0,0,0,30:24,New Orleans Saints
15,15,16,2015-12-27,Sun,,JAX,W,38,27,,25,36,69.4,402,3,11.2,12.83,134.3,1,10,35,135,2,3.9,72,537,7.46,3,1,5,5,2,99,18,9,2,29,8,13,1,1,5,40,0,0,0,37:53,New Orleans Saints
16,16,17,2016-01-03,Sun,@,ATL,W,20,17,,32,43,74.4,323,1,7.5,7.98,103.1,0,0,22,67,1,3.0,65,390,6.00,2,2,2,2,2,105,16,6,2,24,6,10,0,1,4,45,1,0,1,29:34,New Orleans Saints
1,1,1,2015-09-13,Sun,@,DAL,L,26,27,,20,36,55.6,186,0,5.2,5.17,69.9,1,3,24,99,1,4.1,61,285,4.67,4,4,2,2,4,179,10,6,2,18,6,14,0,0,5,44,0,0,0,22:50,New York Giants
2,2,2,2015-09-20,Sun,,ATL,L,20,24,,27,40,67.5,291,2,7.3,8.28,105.3,2,1,23,97,0,4.2,65,388,5.97,2,2,2,2,4,164,12,6,1,19,10,17,0,1,6,35,1,0,1,28:25,New York Giants
3,3,3,2015-09-24,Thu,,WAS,W,32,21,,23,32,71.9,279,2,8.7,9.97,119.1,0,0,31,84,1,2.7,63,363,5.76,3,3,3,3,4,171,13,5,1,19,4,12,1,1,8,67,0,0,0,31:30,New York Giants
4,4,4,2015-10-04,Sun,@,BUF,W,24,10,,20,35,57.1,211,3,6.0,6.46,91.5,1,1,28,92,0,3.3,64,303,4.73,1,1,2,1,8,355,8,4,7,19,3,15,0,0,11,85,0,1,1,30:33,New York Giants
5,5,5,2015-10-11,Sun,,SFO,W,30,27,,41,54,75.9,441,3,8.2,8.44,110.2,0,0,21,84,0,4.0,75,525,7.00,3,3,3,3,2,90,23,6,1,30,9,14,0,0,6,65,0,1,1,31:58,New York Giants
6,6,6,2015-10-19,Mon,@,PHI,L,7,27,,24,38,63.2,166,1,4.4,2.53,59.8,3,23,23,81,0,3.5,64,247,3.86,0,0,1,1,8,339,11,3,4,18,4,13,0,1,12,92,1,2,3,29:30,New York Giants
7,7,7,2015-10-25,Sun,,DAL,W,27,20,,13,24,54.2,157,0,6.5,6.54,74.5,2,13,25,132,1,5.3,51,289,5.67,2,2,3,3,5,235,7,4,2,13,3,11,0,0,3,13,0,0,0,21:56,New York Giants
8,8,8,2015-11-01,Sun,@,NOR,L,49,52,,30,41,73.2,329,6,8.0,10.95,136.1,3,21,21,87,0,4.1,65,416,6.40,0,0,7,7,4,212,16,5,7,28,1,8,2,2,6,53,1,0,1,25:01,New York Giants
9,9,9,2015-11-08,Sun,@,TAM,W,32,18,,26,40,65.0,213,2,5.3,4.08,74.3,0,0,33,114,0,3.5,73,327,4.48,4,4,2,2,1,64,14,6,4,24,9,16,0,1,6,49,0,2,2,34:55,New York Giants
10,10,10,2015-11-15,Sun,,NWE,L,26,27,,24,44,54.5,342,2,7.8,8.68,95.1,3,19,23,80,0,3.5,70,422,6.03,4,4,2,2,4,164,16,2,3,21,7,15,0,0,8,49,1,0,1,28:24,New York Giants
11,11,12,2015-11-29,Sun,@,WAS,L,14,20,,26,51,51.0,299,2,5.9,4.00,57.6,3,22,13,33,0,2.5,67,332,4.96,0,0,2,2,7,353,14,1,2,17,3,15,2,2,4,35,0,3,3,24:00,New York Giants
12,12,13,2015-12-06,Sun,,NYJ,L,20,23,OT,18,34,52.9,281,1,8.3,7.53,78.2,3,16,24,74,0,3.1,61,355,5.82,3,2,2,2,5,211,9,2,3,14,4,15,1,2,8,60,0,1,1,29:56,New York Giants
13,13,14,2015-12-14,Mon,@,MIA,W,31,24,,27,31,87.1,337,4,10.9,13.45,151.5,0,0,31,92,0,3.0,62,429,6.92,2,1,4,4,4,180,15,6,4,25,5,11,0,0,3,25,1,0,1,30:31,New York Giants
14,14,15,2015-12-20,Sun,,CAR,L,35,38,,29,46,63.0,245,4,5.3,6.09,96.7,0,0,27,161,1,6.0,73,406,5.56,0,0,5,5,7,315,11,7,3,21,6,15,2,2,7,47,1,1,2,29:08,New York Giants
15,15,16,2015-12-27,Sun,@,MIN,L,17,49,,20,34,58.8,272,2,8.0,5.21,67.3,4,30,20,91,0,4.6,58,363,6.26,1,1,2,2,6,241,11,3,1,15,1,11,0,2,7,48,0,3,3,25:03,New York Giants
16,16,17,2016-01-03,Sun,,PHI,L,30,35,,24,43,55.8,294,2,6.8,7.77,92.6,2,8,36,208,1,5.8,81,502,6.20,3,3,3,3,3,107,18,11,1,30,7,15,1,2,2,10,1,0,1,31:54,New York Giants
1,1,1,2015-09-13,Sun,,CLE,W,31,10,,15,24,62.5,179,2,7.5,7.25,95.7,0,0,36,154,2,4.3,60,333,5.55,1,1,4,4,3,131,9,9,0,18,7,13,0,1,4,30,0,1,1,28:20,New York Jets
2,2,2,2015-09-21,Mon,@,IND,W,20,7,,22,34,64.7,243,2,7.1,7.00,93.1,1,1,27,101,0,3.7,62,344,5.55,3,2,2,2,5,170,13,3,4,20,4,12,0,0,8,90,0,1,1,31:48,New York Jets
3,3,3,2015-09-27,Sun,,PHI,L,17,24,,35,58,60.3,276,2,4.8,3.12,62.1,1,7,16,47,0,2.9,75,323,4.31,1,1,2,2,8,371,14,4,1,19,7,17,0,0,6,53,1,3,4,31:49,New York Jets
4,4,4,2015-10-04,Sun,@,MIA,W,27,14,,16,29,55.2,218,1,7.5,6.66,76.5,0,0,43,207,2,4.8,72,425,5.90,3,2,3,3,5,212,8,13,2,23,6,16,0,0,14,163,0,1,1,37:23,New York Jets
5,5,6,2015-10-18,Sun,,WAS,W,34,20,,19,26,73.1,253,2,9.7,9.54,113.1,0,0,41,221,2,5.4,67,474,7.07,3,2,4,4,2,49,11,10,1,22,7,14,0,0,1,5,2,1,3,32:39,New York Jets
6,6,7,2015-10-25,Sun,@,NWE,L,23,30,,22,39,56.4,283,2,7.3,8.28,96.4,2,12,29,89,0,3.1,70,372,5.31,3,3,2,2,4,161,19,3,3,25,8,14,0,0,4,29,1,0,1,33:03,New York Jets
7,7,8,2015-11-01,Sun,@,OAK,L,20,34,,31,47,66.0,292,2,6.2,6.11,88.3,3,19,21,74,0,3.5,71,366,5.15,2,2,2,2,4,182,16,4,2,22,7,16,1,3,6,40,0,1,1,29:22,New York Jets
8,8,9,2015-11-08,Sun,,JAX,W,28,23,,21,34,61.8,261,2,7.7,8.85,105.1,2,11,28,29,2,1.0,64,290,4.53,0,0,4,4,9,351,12,2,0,14,5,15,1,1,6,41,0,0,0,30:44,New York Jets
9,9,10,2015-11-12,Thu,,BUF,L,17,22,,15,34,44.1,190,2,5.6,4.12,57.2,1,3,24,128,0,5.3,59,318,5.39,1,1,2,2,5,258,9,6,0,15,3,13,1,3,3,20,2,2,4,26:44,New York Jets
10,10,11,2015-11-22,Sun,@,HOU,L,17,24,,19,39,48.7,197,1,5.1,3.26,50.9,3,19,21,70,1,3.3,63,267,4.24,1,1,2,2,8,364,10,5,1,16,3,14,1,2,7,54,0,2,2,26:35,New York Jets
11,11,12,2015-11-29,Sun,,MIA,W,38,20,,22,37,59.5,274,4,7.4,9.57,118.5,1,3,34,137,1,4.0,72,411,5.71,1,1,5,5,5,234,13,10,1,24,10,17,0,1,6,40,0,0,0,31:16,New York Jets
12,12,13,2015-12-06,Sun,@,NYG,W,23,20,OT,36,50,72.0,373,2,7.5,8.26,106.5,3,17,24,90,0,3.8,77,463,6.01,3,3,2,2,5,224,21,5,2,28,6,15,1,1,8,61,1,0,1,38:31,New York Jets
13,13,14,2015-12-13,Sun,,TEN,W,30,8,,21,36,58.3,256,3,7.1,8.78,108.1,1,7,34,183,0,5.4,71,439,6.18,4,3,3,3,3,138,13,11,0,24,7,15,1,1,3,20,0,0,0,35:56,New York Jets
14,14,15,2015-12-19,Sat,@,DAL,W,19,16,,26,39,66.7,299,1,7.7,7.03,87.4,2,0,26,73,1,2.8,67,372,5.55,3,2,2,1,5,203,15,4,1,20,5,14,0,1,8,61,0,1,1,32:17,New York Jets
15,15,16,2015-12-27,Sun,,NWE,W,26,20,OT,26,41,63.4,285,3,7.0,8.41,108.3,1,11,27,143,0,5.3,69,428,6.20,2,2,2,2,5,239,17,6,1,24,5,13,0,0,6,39,1,0,1,34:04,New York Jets
16,16,17,2016-01-03,Sun,@,BUF,L,17,22,,16,37,43.2,178,2,4.8,2.24,42.4,1,3,17,122,0,7.2,55,300,5.45,2,1,2,2,4,161,10,4,1,15,3,11,0,0,6,41,0,3,3,20:47,New York Jets
1,1,1,2015-09-14,Mon,@,ATL,L,24,26,,36,52,69.2,336,1,6.5,5.12,77.1,0,0,16,63,2,3.9,68,399,5.87,2,1,3,3,5,226,17,5,1,23,3,12,1,1,10,88,0,2,2,24:33,Philadelphia Eagles
2,2,2,2015-09-20,Sun,,DAL,L,10,20,,23,37,62.2,219,1,5.9,4.03,65.0,1,5,17,7,0,0.4,55,226,4.11,1,1,1,1,7,302,11,2,4,17,2,11,1,1,8,60,1,2,3,19:30,Philadelphia Eagles
3,3,3,2015-09-27,Sun,@,NYJ,W,24,17,,14,28,50.0,108,1,3.9,4.57,71.7,1,10,38,123,1,3.2,67,231,3.45,1,1,3,3,9,440,6,8,4,18,4,14,0,0,5,21,1,0,1,28:11,Philadelphia Eagles
4,4,4,2015-10-04,Sun,@,WAS,L,20,23,,15,28,53.6,233,3,8.3,10.46,117.1,5,37,18,87,0,4.8,51,320,6.27,1,0,3,2,6,251,6,4,4,14,4,12,0,1,8,72,2,0,2,18:52,Philadelphia Eagles
5,5,5,2015-10-11,Sun,,NOR,W,39,17,,32,45,71.1,333,2,7.4,6.29,88.5,0,0,34,186,2,5.5,79,519,6.57,4,4,4,3,1,50,18,11,5,34,4,11,0,2,4,35,0,2,2,34:02,Philadelphia Eagles
6,6,6,2015-10-19,Mon,,NYG,W,27,7,,24,38,63.2,270,1,7.1,4.08,60.2,1,10,37,158,1,4.3,76,428,5.63,2,2,3,3,4,217,11,10,3,24,6,16,0,0,9,72,1,3,4,30:30,Philadelphia Eagles
7,7,7,2015-10-25,Sun,@,CAR,L,16,27,,26,46,56.5,172,0,3.7,2.76,55.7,5,33,30,177,1,5.9,81,349,4.31,4,3,1,1,5,233,12,6,2,20,7,18,1,2,7,46,0,1,1,31:06,Philadelphia Eagles
8,8,9,2015-11-08,Sun,@,DAL,W,33,27,OT,25,36,69.4,287,1,8.0,8.53,102.4,1,8,35,172,2,4.9,72,459,6.38,2,2,3,3,5,241,9,13,3,25,3,13,2,2,10,70,0,0,0,25:42,Philadelphia Eagles
9,9,10,2015-11-15,Sun,,MIA,L,19,20,,33,48,68.8,353,1,7.4,6.83,88.3,4,39,35,83,1,2.4,87,436,5.01,2,1,2,2,7,254,15,10,4,29,7,18,1,2,7,54,0,1,1,31:07,Philadelphia Eagles
10,10,11,2015-11-22,Sun,,TAM,L,17,45,,26,41,63.4,247,2,6.0,3.71,65.8,3,14,28,136,0,4.9,72,383,5.32,1,1,2,2,6,279,12,8,1,21,7,15,0,0,5,25,1,3,4,24:06,Philadelphia Eagles
11,11,12,2015-11-26,Thu,@,DET,L,14,45,,19,27,70.4,159,2,5.9,7.37,110.0,6,40,25,68,0,2.7,58,227,3.91,1,0,2,2,6,288,9,4,1,14,6,14,0,0,2,30,1,0,1,22:49,Philadelphia Eagles
12,12,13,2015-12-06,Sun,@,NWE,W,35,28,,14,24,58.3,120,2,5.0,6.67,99.3,1,0,33,128,0,3.9,58,248,4.28,0,0,5,5,7,328,8,6,1,15,6,14,0,0,8,97,1,0,1,25:44,Philadelphia Eagles
13,13,14,2015-12-13,Sun,,BUF,W,23,20,,23,38,60.5,232,1,6.1,5.45,75.8,1,15,34,116,1,3.4,73,348,4.77,3,3,2,2,7,353,11,8,1,20,9,18,0,0,5,55,0,1,1,24:58,Philadelphia Eagles
14,14,15,2015-12-20,Sun,,ARI,L,17,40,,28,41,68.3,350,2,8.5,7.32,90.5,2,11,20,74,0,3.7,63,424,6.73,1,1,2,2,3,147,15,4,0,19,6,12,0,2,5,38,2,2,4,22:32,Philadelphia Eagles
15,15,16,2015-12-26,Sat,,WAS,L,24,38,,37,56,66.1,353,1,6.3,6.66,89.4,5,27,16,45,2,2.8,77,398,5.17,1,1,3,3,7,305,17,4,2,23,7,19,2,3,8,45,2,0,2,25:56,Philadelphia Eagles
16,16,17,2016-01-03,Sun,@,NYG,W,35,30,,30,38,78.9,315,2,8.3,8.16,107.8,1,5,26,120,2,4.6,65,435,6.69,0,0,5,5,3,124,16,7,0,23,10,13,0,0,3,11,1,1,2,28:06,Philadelphia Eagles
1,1,1,2015-09-10,Thu,@,NWE,L,21,28,,26,38,68.4,330,1,8.7,8.03,93.1,3,21,25,134,1,5.4,66,464,7.03,4,2,1,1,2,87,15,7,1,23,7,15,2,2,8,77,0,1,1,32:05,Pittsburgh Steelers
2,2,2,2015-09-20,Sun,,SFO,W,43,18,,21,27,77.8,369,3,13.7,15.89,155.8,0,0,25,84,3,3.4,52,453,8.71,0,0,4,3,3,142,14,6,1,21,6,10,0,0,7,58,0,0,0,23:01,Pittsburgh Steelers
3,3,3,2015-09-27,Sun,@,STL,W,12,6,,25,30,83.3,197,0,6.6,5.07,80.1,5,33,22,62,1,2.8,57,259,4.54,2,2,0,0,4,196,11,4,2,17,6,12,0,0,4,63,0,1,1,32:19,Pittsburgh Steelers
4,4,4,2015-10-01,Thu,,BAL,L,20,23,OT,19,26,73.1,96,1,3.7,4.46,91.2,4,28,33,167,1,5.1,63,263,4.17,4,2,2,2,6,239,8,8,1,17,2,13,0,2,4,20,0,0,0,32:09,Pittsburgh Steelers
5,5,5,2015-10-12,Mon,@,SDG,W,24,20,,13,26,50.0,194,1,7.5,6.50,71.6,3,9,27,155,1,5.7,56,349,6.23,1,1,3,3,8,322,5,8,1,14,5,14,0,0,8,86,0,1,1,26:17,Pittsburgh Steelers
6,6,6,2015-10-18,Sun,,ARI,W,25,13,,11,20,55.0,169,2,8.5,10.45,116.5,1,5,32,141,0,4.4,53,310,5.85,4,4,1,1,5,238,6,6,2,14,3,12,0,0,6,48,0,0,0,28:51,Pittsburgh Steelers
7,7,7,2015-10-25,Sun,@,KAN,L,13,23,,16,29,55.2,192,1,6.6,4.21,58.4,2,17,24,147,0,6.1,55,339,6.16,2,2,1,1,2,91,9,7,2,18,2,10,1,2,1,5,1,2,3,27:34,Pittsburgh Steelers
8,8,8,2015-11-01,Sun,,CIN,L,10,16,,28,45,62.2,240,1,5.3,2.78,55.8,3,22,19,116,0,6.1,67,356,5.31,1,1,1,1,6,213,15,3,3,21,3,11,0,0,10,91,0,3,3,30:09,Pittsburgh Steelers
9,9,9,2015-11-08,Sun,,OAK,W,38,35,,28,50,56.0,402,2,8.0,7.94,87.2,1,11,30,195,2,6.5,81,597,7.37,4,3,3,3,5,208,16,9,2,27,6,17,1,2,5,42,1,1,2,32:04,Pittsburgh Steelers
10,10,10,2015-11-15,Sun,,CLE,W,30,9,,25,37,67.6,399,3,10.8,11.19,119.1,1,3,21,60,0,2.9,59,459,7.78,3,3,2,1,1,42,13,4,5,22,3,10,0,1,5,50,1,1,2,27:17,Pittsburgh Steelers
11,11,12,2015-11-29,Sun,@,SEA,L,30,39,,37,59,62.7,480,1,8.1,5.42,65.6,2,10,14,58,2,4.1,75,538,7.17,3,3,1,1,2,79,18,6,2,26,5,11,0,1,6,65,0,4,4,32:00,Pittsburgh Steelers
12,12,13,2015-12-06,Sun,,IND,W,45,10,,24,39,61.5,364,4,9.3,11.38,126.4,0,0,32,158,0,4.9,71,522,7.35,4,3,4,4,1,37,16,7,1,24,8,13,0,0,4,48,2,0,2,32:50,Pittsburgh Steelers
13,13,14,2015-12-13,Sun,@,CIN,W,33,20,,30,39,76.9,270,0,6.9,5.77,84.3,2,12,28,84,2,3.0,69,354,5.13,4,4,3,3,2,98,13,7,2,22,8,14,0,0,5,82,0,1,1,35:47,Pittsburgh Steelers
14,14,15,2015-12-20,Sun,,DEN,W,34,27,,40,55,72.7,354,3,6.4,5.89,92.5,3,26,17,23,1,1.4,75,377,5.03,2,2,4,4,6,232,21,3,4,28,7,15,0,0,9,63,0,2,2,31:16,Pittsburgh Steelers
15,15,16,2015-12-27,Sun,@,BAL,L,17,20,,24,34,70.6,198,0,5.8,3.18,60.7,3,22,20,110,2,5.5,57,308,5.40,1,1,2,2,3,131,11,6,4,21,2,8,0,2,3,25,1,2,3,25:40,Pittsburgh Steelers
16,16,17,2016-01-03,Sun,@,CLE,W,28,12,,24,36,66.7,349,3,9.7,8.86,102.7,0,0,19,30,0,1.6,55,379,6.89,3,2,2,2,3,156,16,0,0,16,2,8,0,0,9,45,1,2,3,26:03,Pittsburgh Steelers
1,1,1,2015-09-13,Sun,@,STL,L,31,34,OT,32,41,78.0,219,1,5.3,4.73,86.9,6,32,32,124,0,3.9,79,343,4.34,3,3,2,2,4,207,10,10,1,21,8,19,1,2,7,46,0,1,1,37:28,Seattle Seahawks
2,2,2,2015-09-20,Sun,@,GNB,L,17,27,,19,30,63.3,205,2,6.8,6.67,91.7,2,1,25,119,0,4.8,57,324,5.68,1,1,2,2,5,201,12,8,1,21,3,9,0,0,6,92,1,1,2,26:42,Seattle Seahawks
3,3,3,2015-09-27,Sun,,CHI,W,26,0,,20,30,66.7,212,1,7.1,7.73,98.2,4,23,29,159,0,5.5,63,371,5.89,4,4,2,2,4,166,12,5,0,17,5,16,2,2,5,41,0,0,0,32:36,Seattle Seahawks
4,4,4,2015-10-05,Mon,,DET,W,13,10,,20,26,76.9,235,1,9.0,9.81,116.7,6,52,31,110,0,3.5,63,345,5.48,2,2,1,1,4,192,12,6,0,18,6,13,0,0,5,30,3,0,3,32:04,Seattle Seahawks
5,5,5,2015-10-11,Sun,@,CIN,L,24,27,OT,15,23,65.2,197,1,8.6,7.48,88.5,4,16,30,200,1,6.7,57,397,6.96,1,1,3,3,8,407,9,7,0,16,5,13,0,0,10,112,0,1,1,30:35,Seattle Seahawks
6,6,6,2015-10-18,Sun,,CAR,L,23,27,,18,30,60.0,219,1,7.3,7.97,93.6,4,22,26,115,1,4.4,60,334,5.57,3,3,2,2,7,351,10,4,0,14,4,14,0,0,7,48,0,0,0,27:48,Seattle Seahawks
7,7,7,2015-10-22,Thu,@,SFO,W,20,3,,18,24,75.0,212,1,8.8,5.92,80.6,5,23,41,176,1,4.3,70,388,5.54,2,2,2,2,4,187,9,11,1,21,5,13,1,1,6,50,0,2,2,38:05,Seattle Seahawks
8,8,8,2015-11-01,Sun,@,DAL,W,13,12,,19,30,63.3,210,1,7.0,6.17,81.2,0,0,31,113,0,3.6,61,323,5.30,3,2,1,1,4,193,11,8,0,19,5,12,0,0,5,40,0,1,1,29:38,Seattle Seahawks
9,9,10,2015-11-15,Sun,,ARI,L,32,39,,14,32,43.8,228,1,7.1,6.34,65.6,2,12,18,115,2,6.4,52,343,6.60,2,2,2,2,5,204,7,9,2,18,1,8,1,1,14,131,0,1,1,21:08,Seattle Seahawks
10,10,11,2015-11-22,Sun,,SFO,W,29,13,,24,29,82.8,253,3,8.7,10.79,137.5,2,7,44,255,1,5.8,75,508,6.77,1,1,4,2,4,154,14,14,0,28,8,14,0,0,8,51,0,0,0,37:39,Seattle Seahawks
11,11,12,2015-11-29,Sun,,PIT,W,39,30,,21,30,70.0,336,5,11.2,14.53,146.7,2,9,27,100,1,3.7,59,436,7.39,0,0,4,3,6,255,15,5,1,21,7,13,0,0,8,76,0,0,0,28:00,Seattle Seahawks
12,12,13,2015-12-06,Sun,@,MIN,W,38,7,,21,28,75.0,260,3,9.3,11.43,139.0,2,14,36,173,2,4.8,66,433,6.56,1,1,5,5,2,78,11,11,3,25,9,13,1,1,9,65,1,0,1,35:10,Seattle Seahawks
13,13,14,2015-12-13,Sun,@,BAL,W,35,6,,24,33,72.7,301,5,9.1,12.15,140.3,0,0,36,123,0,3.4,69,424,6.14,0,0,5,5,3,153,17,8,3,28,8,12,0,0,6,42,1,0,1,35:43,Seattle Seahawks
14,14,15,2015-12-20,Sun,,CLE,W,30,13,,21,30,70.0,241,3,8.0,10.03,127.2,2,8,36,182,0,5.1,68,423,6.22,3,3,3,3,1,64,14,12,2,28,9,12,0,0,5,30,0,0,0,34:33,Seattle Seahawks
15,15,16,2015-12-27,Sun,,STL,L,17,23,,25,41,61.0,253,2,6.2,6.05,84.7,4,36,22,59,0,2.7,67,312,4.66,1,1,2,2,5,202,13,3,2,18,8,17,1,1,10,83,2,1,3,32:06,Seattle Seahawks
16,16,17,2016-01-03,Sun,@,ARI,W,36,6,,22,32,68.8,209,3,6.5,8.41,117.8,1,16,36,145,1,4.0,69,354,5.13,4,3,4,3,2,91,14,7,1,22,8,15,1,1,6,70,0,0,0,36:37,Seattle Seahawks
1,1,1,2015-09-14,Mon,,MIN,W,20,3,,17,26,65.4,165,0,6.3,6.35,83.0,1,0,39,230,2,5.9,66,395,5.98,3,2,2,2,3,140,8,14,3,25,5,12,0,0,8,57,1,0,1,33:02,San Francisco 49ers
2,2,2,2015-09-20,Sun,@,PIT,L,18,43,,33,46,71.7,298,2,6.5,7.35,103.4,5,37,31,111,0,3.6,82,409,4.99,1,1,1,1,4,171,18,7,2,27,7,17,3,5,7,46,1,0,1,36:59,San Francisco 49ers
3,3,3,2015-09-27,Sun,@,ARI,L,7,47,,9,19,47.4,53,0,2.8,-6.68,14.5,2,14,29,103,1,3.6,50,156,3.12,0,0,1,1,6,283,3,7,0,10,4,12,0,0,6,45,0,4,4,23:28,San Francisco 49ers
4,4,4,2015-10-04,Sun,,GNB,L,3,17,,13,25,52.0,119,0,4.8,2.96,48.6,6,41,19,77,0,4.1,50,196,3.92,1,1,0,0,6,247,7,1,0,8,4,13,0,1,4,30,0,1,1,23:26,San Francisco 49ers
5,5,5,2015-10-11,Sun,@,NYG,L,27,30,,23,35,65.7,256,2,7.3,8.46,106.4,2,6,27,124,1,4.6,64,380,5.94,2,2,3,3,3,138,11,8,3,22,8,14,0,0,4,28,0,0,0,28:02,San Francisco 49ers
6,6,6,2015-10-18,Sun,,BAL,W,25,20,,16,27,59.3,326,2,12.1,13.56,126.5,3,14,25,65,0,2.6,55,391,7.11,4,4,1,1,4,152,11,2,2,15,5,13,0,0,4,25,0,0,0,26:53,San Francisco 49ers
7,7,7,2015-10-22,Thu,,SEA,L,3,20,,13,24,54.2,81,0,3.4,3.38,61.3,6,43,15,61,0,4.1,45,142,3.16,1,1,0,0,9,390,5,3,0,8,1,11,0,0,4,33,0,0,0,21:55,San Francisco 49ers
8,8,8,2015-11-01,Sun,@,STL,L,6,27,,20,41,48.8,151,0,3.7,3.68,58.1,3,11,21,38,0,1.8,65,189,2.91,2,2,0,0,10,460,8,1,2,11,3,17,0,1,13,93,0,0,0,28:02,San Francisco 49ers
9,9,9,2015-11-08,Sun,,ATL,W,17,16,,15,26,57.7,185,2,7.1,5.19,73.4,0,0,38,133,0,3.5,64,318,4.97,1,1,2,2,5,241,8,8,2,18,6,15,2,2,5,30,0,2,2,27:52,San Francisco 49ers
10,10,11,2015-11-22,Sun,@,SEA,L,13,29,,22,34,64.7,247,1,7.3,7.85,96.1,2,17,16,59,0,3.7,52,306,5.88,2,2,1,1,7,306,11,3,0,14,2,11,0,0,5,42,0,0,0,22:21,San Francisco 49ers
11,11,12,2015-11-29,Sun,,ARI,L,13,19,,25,36,69.4,301,1,8.4,7.67,92.5,2,17,17,67,0,3.9,55,368,6.69,2,2,1,1,4,166,14,3,0,17,0,9,1,2,13,81,1,1,2,22:33,San Francisco 49ers
12,12,13,2015-12-06,Sun,@,CHI,W,26,20,OT,18,32,56.3,170,1,5.3,5.94,81.5,4,26,23,121,2,5.3,59,291,4.93,0,0,3,2,9,433,6,7,0,13,7,16,0,0,6,50,0,0,0,24:46,San Francisco 49ers
13,13,14,2015-12-13,Sun,@,CLE,L,10,24,,18,28,64.3,150,1,5.4,6.07,89.9,9,44,17,71,0,4.2,54,221,4.09,1,1,1,1,7,286,8,4,3,15,2,13,1,3,5,40,0,0,0,22:21,San Francisco 49ers
14,14,15,2015-12-20,Sun,,CIN,L,14,24,,30,50,60.0,263,1,5.3,2.96,55.7,4,32,17,55,1,3.2,71,318,4.48,1,0,2,2,7,284,12,4,1,17,2,14,2,2,11,98,1,3,4,29:01,San Francisco 49ers
15,15,16,2015-12-27,Sun,@,DET,L,17,32,,22,33,66.7,201,2,6.1,7.30,103.2,3,24,23,121,0,5.3,59,322,5.46,2,1,2,2,3,125,11,6,3,20,1,9,0,2,11,65,1,0,1,23:30,San Francisco 49ers
16,16,17,2016-01-03,Sun,,STL,W,19,16,OT,28,44,63.6,350,1,8.0,7.39,86.4,1,4,33,108,0,3.3,78,458,5.87,4,4,1,1,5,195,13,5,3,21,8,18,0,1,7,60,0,1,1,33:03,San Francisco 49ers
1,1,1,2015-09-13,Sun,,TEN,L,14,42,,16,33,48.5,181,2,5.5,3.97,60.3,4,29,26,92,0,3.5,63,273,4.33,0,0,2,2,4,188,11,4,1,16,3,14,2,4,12,97,0,2,2,28:30,Tampa Bay Buccaneers
2,2,2,2015-09-20,Sun,@,NOR,W,26,19,,14,21,66.7,194,1,9.2,10.19,112.0,3,13,35,139,1,4.0,59,333,5.64,5,4,2,2,3,116,7,6,5,18,5,14,0,0,11,90,2,0,2,28:32,Tampa Bay Buccaneers
3,3,3,2015-09-27,Sun,@,HOU,L,9,19,,17,36,47.2,261,1,7.3,6.56,69.3,0,0,20,57,0,2.9,56,318,5.68,4,1,1,0,7,312,11,2,1,14,1,12,0,0,10,84,0,1,1,23:44,Tampa Bay Buccaneers
4,4,4,2015-10-04,Sun,,CAR,L,23,37,,26,43,60.5,270,2,6.3,3.02,55.4,2,17,30,141,1,4.7,75,411,5.48,3,1,3,2,2,82,15,8,2,25,8,16,2,2,5,48,1,4,5,32:10,Tampa Bay Buccaneers
5,5,5,2015-10-11,Sun,,JAX,W,38,31,,13,19,68.4,186,1,9.8,10.84,117.4,2,23,40,183,2,4.6,61,369,6.05,3,3,3,3,3,101,11,8,1,20,5,11,0,0,10,72,0,0,0,34:41,Tampa Bay Buccaneers
6,6,7,2015-10-25,Sun,@,WAS,L,30,31,,21,29,72.4,289,2,10.0,11.34,126.9,1,8,30,190,0,6.3,60,479,7.98,3,3,3,3,2,89,12,9,0,21,7,12,0,0,16,142,1,0,1,31:18,Tampa Bay Buccaneers
7,7,8,2015-11-01,Sun,@,ATL,W,23,20,OT,16,29,55.2,173,1,6.0,6.66,84.4,2,4,32,117,1,3.7,63,290,4.60,3,3,2,2,3,127,11,5,5,21,6,13,0,1,8,43,0,0,0,30:11,Tampa Bay Buccaneers
8,8,9,2015-11-08,Sun,,NYG,L,18,32,,19,36,52.8,247,0,6.9,6.86,74.7,0,0,23,136,1,5.9,59,383,6.49,5,4,0,0,2,85,10,6,3,19,6,13,0,0,9,79,3,0,3,25:05,Tampa Bay Buccaneers
9,9,10,2015-11-15,Sun,,DAL,W,10,6,,22,39,56.4,246,0,6.3,4.00,54.0,2,18,26,84,1,3.2,67,330,4.93,2,1,1,1,4,167,14,5,4,23,4,11,0,0,7,62,0,2,2,29:56,Tampa Bay Buccaneers
10,10,11,2015-11-22,Sun,@,PHI,W,45,17,,19,29,65.5,238,5,8.2,11.66,130.5,1,8,42,283,0,6.7,72,521,7.24,1,1,6,6,4,179,16,8,1,25,10,16,1,1,9,82,1,0,1,35:54,Tampa Bay Buccaneers
11,11,12,2015-11-29,Sun,@,IND,L,12,25,,20,36,55.6,212,1,5.9,5.19,70.6,5,33,21,132,0,6.3,62,344,5.55,3,2,1,0,3,142,14,5,2,21,6,13,0,1,12,95,0,1,1,27:35,Tampa Bay Buccaneers
12,12,13,2015-12-06,Sun,,ATL,W,23,19,,18,27,66.7,222,1,8.2,7.30,88.8,1,5,37,166,2,4.5,65,388,5.97,1,1,2,2,3,112,10,11,4,25,6,11,0,0,8,53,1,1,2,31:15,Tampa Bay Buccaneers
13,13,14,2015-12-13,Sun,,NOR,L,17,24,,18,32,56.3,176,1,5.5,6.13,82.3,1,6,19,115,1,6.1,52,291,5.60,2,1,2,2,5,206,8,5,5,18,4,11,1,1,8,80,0,0,0,22:46,Tampa Bay Buccaneers
14,14,15,2015-12-17,Thu,@,STL,L,23,31,,29,50,58.0,363,2,7.3,7.16,85.7,0,0,27,146,0,5.4,77,509,6.61,3,3,2,2,3,122,21,8,1,30,3,10,0,1,9,56,1,1,2,31:20,Tampa Bay Buccaneers
15,15,16,2015-12-27,Sun,,CHI,L,21,26,,15,29,51.7,285,2,9.8,9.66,94.8,1,10,25,104,1,4.2,55,389,7.07,1,0,3,3,4,173,14,5,0,19,2,8,0,0,4,47,2,1,3,22:57,Tampa Bay Buccaneers
16,16,17,2016-01-03,Sun,@,CAR,L,10,38,,29,47,61.7,309,0,6.6,4.66,63.2,2,16,22,77,1,3.5,71,386,5.44,1,1,1,1,4,147,16,4,1,21,8,16,1,2,5,65,1,2,3,28:10,Tampa Bay Buccaneers
1,1,1,2015-09-13,Sun,@,TAM,W,42,14,,13,15,86.7,185,4,12.3,17.67,157.6,2,24,32,124,1,3.9,49,309,6.31,0,0,6,6,4,189,11,7,2,20,4,9,0,0,8,55,1,0,1,31:30,Tennessee Titans
2,2,2,2015-09-20,Sun,@,CLE,L,14,28,,21,37,56.8,219,2,5.9,7.00,92.1,7,38,30,166,0,5.5,74,385,5.20,0,0,2,2,6,298,14,6,1,21,7,16,2,2,9,85,3,0,3,35:11,Tennessee Titans
3,3,3,2015-09-27,Sun,,IND,L,33,35,,27,44,61.4,345,2,7.8,6.70,82.1,3,22,27,88,2,3.3,74,433,5.85,2,2,3,3,5,212,18,7,3,28,4,13,1,1,6,55,0,2,2,34:59,Tennessee Titans
4,4,5,2015-10-11,Sun,,BUF,L,13,14,,21,32,65.6,179,0,5.6,4.19,67.1,2,8,28,97,1,3.5,62,276,4.45,2,2,1,1,6,251,10,4,3,17,5,13,0,0,9,74,0,1,1,35:31,Tennessee Titans
5,5,6,2015-10-18,Sun,,MIA,L,10,38,,26,41,63.4,236,1,5.8,4.05,66.7,6,46,18,63,0,3.5,65,299,4.60,1,1,1,1,3,125,15,4,3,22,2,10,1,2,7,50,2,2,4,28:07,Tennessee Titans
6,6,7,2015-10-25,Sun,,ATL,L,7,10,,22,35,62.9,179,1,5.1,3.11,61.5,1,8,16,77,0,4.8,52,256,4.92,0,0,1,1,7,305,10,5,0,15,1,9,0,1,5,45,0,2,2,25:15,Tennessee Titans
7,7,8,2015-11-01,Sun,@,HOU,L,6,20,,22,31,71.0,125,0,4.0,2.58,64.6,7,46,20,86,0,4.3,58,211,3.64,2,2,0,0,7,349,9,3,3,15,1,12,0,1,6,45,2,1,3,31:08,Tennessee Titans
8,8,9,2015-11-08,Sun,@,NOR,W,34,28,OT,28,39,71.8,371,4,9.5,11.56,135.7,0,0,28,112,0,4.0,67,483,7.21,3,2,2,2,5,253,19,3,3,25,5,13,0,0,9,66,1,0,1,32:21,Tennessee Titans
9,9,10,2015-11-15,Sun,,CAR,L,10,27,,16,24,66.7,178,0,7.4,5.54,71.2,1,7,21,64,1,3.0,46,242,5.26,1,1,1,1,5,259,8,3,0,11,5,12,0,0,4,30,1,1,2,24:05,Tennessee Titans
10,10,11,2015-11-19,Thu,@,JAX,L,13,19,,22,35,62.9,212,0,6.1,6.06,79.7,4,19,26,104,1,4.0,65,316,4.86,3,2,1,1,5,226,13,4,5,22,5,13,0,0,6,59,1,0,1,31:35,Tennessee Titans
11,11,12,2015-11-29,Sun,,OAK,L,21,24,,17,37,45.9,205,3,5.5,4.73,68.0,2,13,18,44,0,2.4,57,249,4.37,0,0,2,1,6,287,10,3,6,19,3,12,0,1,4,25,0,2,2,25:05,Tennessee Titans
12,12,13,2015-12-06,Sun,,JAX,W,42,39,,20,29,69.0,257,3,8.9,9.38,116.6,4,11,35,210,2,6.0,68,467,6.87,0,0,6,6,3,133,13,9,4,26,8,13,0,0,4,38,1,1,2,33:34,Tennessee Titans
13,13,14,2015-12-13,Sun,@,NYJ,L,8,30,,22,40,55.0,268,1,6.7,6.08,73.7,5,47,13,24,0,1.8,58,292,5.03,0,0,0,0,6,289,14,0,1,15,3,14,1,3,3,20,0,1,1,24:04,Tennessee Titans
14,14,15,2015-12-20,Sun,@,NWE,L,16,33,,23,34,67.6,223,2,6.6,5.09,80.9,5,51,21,59,0,2.8,60,282,4.70,1,1,2,1,5,272,11,3,1,15,3,12,0,1,3,29,1,2,3,30:23,Tennessee Titans
15,15,16,2015-12-27,Sun,,HOU,L,6,34,,27,51,52.9,227,1,4.5,3.96,63.1,1,7,11,30,0,2.7,63,257,4.08,0,0,0,0,9,427,12,1,0,13,4,16,1,1,4,43,3,1,4,23:47,Tennessee Titans
16,16,17,2016-01-03,Sun,@,IND,L,24,30,,15,27,55.6,94,1,3.5,2.56,59.8,4,43,27,137,2,5.1,58,231,3.98,1,1,3,3,6,300,8,4,2,14,4,14,1,2,6,60,0,1,1,26:43,Tennessee Titans
1,1,1,2015-09-13,Sun,,MIA,L,10,17,,21,31,67.7,188,1,6.1,3.81,67.7,1,8,37,161,0,4.4,69,349,5.06,2,1,1,1,3,124,12,6,2,20,6,14,0,1,11,88,0,2,2,37:54,Washington Commanders
2,2,2,2015-09-20,Sun,,STL,W,24,10,,23,27,85.2,191,1,7.1,7.81,108.5,2,12,37,182,2,4.9,66,373,5.65,1,1,3,3,6,244,10,8,1,19,8,16,0,0,7,53,1,0,1,37:44,Washington Commanders
3,3,3,2015-09-24,Thu,@,NYG,L,21,32,,30,49,61.2,305,1,6.2,4.80,68.8,1,11,20,88,0,4.4,70,393,5.61,2,2,1,1,2,36,16,3,3,22,6,15,2,3,7,58,1,2,3,28:30,Washington Commanders
4,4,4,2015-10-04,Sun,,PHI,W,23,20,,31,46,67.4,290,1,6.3,6.74,91.8,1,0,32,127,1,4.0,79,417,5.28,3,3,2,2,5,221,18,4,3,25,9,17,0,0,10,110,1,0,1,41:08,Washington Commanders
5,5,5,2015-10-11,Sun,@,ATL,L,19,25,OT,21,32,65.6,219,1,6.8,4.66,69.7,1,0,24,51,1,2.1,57,270,4.74,3,2,1,1,4,201,13,4,1,18,4,12,1,1,5,51,0,2,2,27:49,Washington Commanders
6,6,6,2015-10-18,Sun,@,NYJ,L,20,34,,25,44,56.8,191,1,4.3,2.75,56.2,1,5,17,34,0,2.0,62,225,3.63,2,2,2,2,6,288,12,1,1,14,5,15,1,2,3,15,0,2,2,27:21,Washington Commanders
7,7,7,2015-10-25,Sun,,TAM,W,31,30,,33,40,82.5,305,3,7.6,9.13,123.4,1,12,19,50,1,2.6,60,355,5.92,1,1,4,4,4,189,16,4,7,27,5,11,0,0,4,20,1,0,1,28:42,Washington Commanders
8,8,9,2015-11-08,Sun,@,NWE,L,10,27,,22,40,55.0,213,1,5.3,4.70,68.0,1,4,15,37,0,2.5,56,250,4.46,1,1,1,1,4,188,12,3,1,16,7,14,0,1,4,27,1,1,2,22:55,Washington Commanders
9,9,10,2015-11-15,Sun,,NOR,W,47,14,,20,25,80.0,301,4,12.0,15.24,156.4,3,23,31,209,0,6.7,59,510,8.64,4,4,5,5,2,87,12,9,2,23,6,11,0,0,5,26,0,0,0,33:34,Washington Commanders
10,10,11,2015-11-22,Sun,@,CAR,L,16,44,,22,30,73.3,172,1,5.7,4.90,84.3,5,35,12,14,0,1.2,47,186,3.96,0,0,2,2,5,266,8,1,0,9,2,9,1,1,9,68,4,1,5,21:53,Washington Commanders
11,11,12,2015-11-29,Sun,,NYG,W,20,14,,20,29,69.0,302,1,10.4,11.10,114.4,0,0,37,105,1,2.8,66,407,6.17,3,2,2,2,6,268,12,5,1,18,4,15,1,2,7,80,0,0,0,36:00,Washington Commanders
12,12,13,2015-12-07,Mon,,DAL,L,16,19,,22,31,71.0,193,1,6.2,6.87,97.9,3,26,26,73,0,2.8,60,266,4.43,4,3,1,1,6,253,9,4,2,15,6,16,0,0,9,73,1,0,1,32:47,Washington Commanders
13,13,14,2015-12-13,Sun,@,CHI,W,24,21,,24,31,77.4,275,1,8.9,8.06,100.9,3,25,33,99,2,3.0,67,374,5.58,1,1,3,3,4,172,13,10,1,24,7,12,0,0,8,63,0,1,1,34:22,Washington Commanders
14,14,15,2015-12-20,Sun,,BUF,W,35,25,,22,28,78.6,308,4,11.0,13.86,152.1,1,11,27,123,1,4.6,56,431,7.70,0,0,5,5,3,140,13,7,3,23,7,11,0,0,5,6,1,0,1,29:04,Washington Commanders
15,15,16,2015-12-26,Sat,@,PHI,W,38,24,,31,46,67.4,351,4,7.6,9.37,119.0,2,14,26,67,0,2.6,74,418,5.65,1,1,4,3,7,347,21,4,0,25,5,14,0,0,8,70,0,0,0,34:04,Washington Commanders
16,16,17,2016-01-03,Sun,@,DAL,W,34,23,,19,26,73.1,291,4,11.2,14.27,149.2,1,13,36,146,0,4.1,63,437,6.94,2,2,4,4,4,200,11,8,0,19,7,14,1,1,3,20,0,0,0,33:57,Washington Commanders
