rk,gtm,week,date,day,game_location,opp,result,pts,pts_opp,ot,pass_cmp,pass_att,pass_cmp_pct,pass_yds,pass_td,pass_ya,pass_aya,pass_rate,pass_sk,pass_sk_yds,rush_att,rush_yds,rush_td,rush_ya,plays,total_yds,ypp,fga,fgm,xpa,xpm,punt,punt_yds,first_downs_pass,first_downs_rush,first_downs_pen,first_downs_total,third_down_conv,third_down_att,fourth_down_conv,fourth_down_att,pen,pen_yds,fumbles_lost,turnovers_int,turnovers_total,time_of_poss,team_name
1,1,1,2016-09-11,Sun,,NWE,L,21,23,,24,33,72.7,257,1,7.8,8.39,105.2,2,7,31,106,1,3.4,66,363,5.50,3,3,2,2,2,89,11,7,1,19,10,16,0,0,8,69,2,0,2,33:59,Arizona Cardinals
2,2,2,2016-09-18,Sun,,TAM,W,40,7,,27,52,51.9,221,1,4.3,1.17,37.4,3,22,21,85,0,4.0,76,306,4.03,1,0,1,1,6,282,14,5,2,21,5,13,0,1,5,39,1,4,5,30:57,Arizona Cardinals
3,3,3,2016-09-25,Sun,@,BUF,L,18,33,,14,25,56.0,89,0,3.6,1.76,46.9,4,30,32,208,3,6.5,61,297,4.87,2,2,4,3,5,178,5,11,0,16,4,13,0,0,9,75,0,1,1,26:00,Arizona Cardinals
4,4,4,2016-10-02,Sun,,LAR,L,13,17,,18,30,60.0,247,2,8.2,9.57,108.6,2,19,23,41,0,1.8,55,288,5.24,1,1,2,2,6,277,10,1,1,12,6,14,0,1,9,84,1,0,1,27:51,Arizona Cardinals
5,5,5,2016-10-06,Thu,@,SFO,W,33,21,,18,31,58.1,135,1,4.4,2.10,52.5,7,27,36,151,2,4.2,74,286,3.86,0,0,3,3,7,349,12,10,3,25,4,14,1,1,4,34,1,2,3,28:16,Arizona Cardinals
6,6,6,2016-10-17,Mon,,NYJ,W,28,3,,20,37,54.1,197,0,5.3,2.89,46.8,1,8,14,33,0,2.4,52,230,4.42,1,1,0,0,7,295,8,2,1,11,2,13,1,2,10,83,0,2,2,23:58,Arizona Cardinals
7,7,7,2016-10-23,Sun,,SEA,T,6,6,OT,24,37,64.9,205,0,5.5,5.54,79.2,1,20,19,52,0,2.7,57,257,4.51,3,2,0,0,9,414,7,4,0,11,3,14,0,0,10,90,0,0,0,28:39,Arizona Cardinals
8,8,8,2016-10-30,Sun,@,CAR,L,20,30,,14,27,51.9,208,0,7.7,7.70,77.4,1,4,36,141,2,3.9,64,349,5.45,3,3,3,3,3,157,10,9,0,19,6,14,1,2,5,40,1,0,1,30:48,Arizona Cardinals
9,9,10,2016-11-13,Sun,,SFO,W,23,20,,17,30,56.7,198,1,6.6,7.27,87.9,3,12,28,83,1,3.0,61,281,4.61,2,2,2,2,7,305,11,4,0,15,7,17,1,1,9,100,1,0,1,27:42,Arizona Cardinals
10,10,11,2016-11-20,Sun,@,MIN,L,24,30,,20,28,71.4,145,1,5.2,5.89,95.1,2,24,24,72,1,3.0,54,217,4.02,1,1,4,3,4,225,7,4,5,16,6,13,0,1,10,73,1,0,1,28:58,Arizona Cardinals
11,11,12,2016-11-27,Sun,@,ATL,L,19,38,,26,34,76.5,244,2,7.2,7.03,103.1,3,25,30,116,3,3.9,67,360,5.37,1,1,5,5,2,116,15,8,5,28,4,9,1,1,4,23,0,1,1,34:22,Arizona Cardinals
12,12,13,2016-12-04,Sun,,WAS,W,31,23,,21,37,56.8,246,1,6.6,5.97,74.8,2,25,18,87,1,4.8,57,333,5.84,3,3,2,2,2,89,12,5,2,19,5,11,0,0,7,35,1,1,2,26:14,Arizona Cardinals
13,13,14,2016-12-11,Sun,@,MIA,L,23,26,,18,25,72.0,231,3,9.2,9.84,123.5,1,11,31,83,0,2.7,57,314,5.51,1,1,3,3,8,346,11,3,1,15,4,13,0,0,14,118,2,1,3,30:04,Arizona Cardinals
14,14,15,2016-12-18,Sun,,NOR,L,41,48,,37,48,77.1,358,4,7.5,9.13,125.2,3,31,32,130,2,4.1,83,488,5.88,2,2,6,6,1,30,20,10,3,33,9,14,1,1,5,46,1,0,1,37:13,Arizona Cardinals
15,15,16,2016-12-24,Sat,@,SEA,W,34,31,,29,45,64.4,313,4,7.0,8.73,114.4,6,37,27,78,0,2.9,78,391,5.01,2,1,3,2,4,144,17,5,2,24,8,17,0,2,5,40,1,0,1,33:42,Arizona Cardinals
16,16,17,2017-01-01,Sun,@,LAR,W,44,6,,17,28,60.7,71,0,2.5,-0.68,35.4,7,72,22,52,0,2.4,57,123,2.16,2,2,0,0,7,337,5,2,2,9,2,14,1,2,9,61,1,2,3,32:02,Arizona Cardinals
1,1,1,2016-09-11,Sun,,TAM,L,24,31,,23,32,71.9,281,4,8.8,9.88,125.1,0,0,28,90,0,3.2,60,371,6.18,1,1,4,4,5,247,12,5,3,20,3,10,0,0,6,48,0,1,1,27:37,Atlanta Falcons
2,2,2,2016-09-18,Sun,@,OAK,W,35,28,,34,45,75.6,299,3,6.6,7.98,115.0,1,0,25,155,1,6.2,71,454,6.39,1,0,4,4,4,211,17,8,4,29,5,12,1,2,9,58,0,0,0,32:45,Atlanta Falcons
3,3,3,2016-09-26,Mon,@,NOR,W,45,32,,36,54,66.7,359,3,6.6,6.93,96.1,2,17,23,115,1,5.0,79,474,6.00,1,1,3,3,2,83,21,9,2,32,7,13,1,2,5,75,1,1,2,32:34,Atlanta Falcons
4,4,4,2016-10-02,Sun,,CAR,W,48,33,,31,48,64.6,329,3,6.9,6.23,87.9,1,8,15,49,0,3.3,64,378,5.91,1,1,2,2,6,304,16,3,1,20,7,16,1,1,6,55,0,2,2,26:11,Atlanta Falcons
5,5,5,2016-10-09,Sun,@,DEN,W,23,16,,23,35,65.7,183,1,5.2,4.51,76.2,6,40,24,84,0,3.5,65,267,4.11,3,3,1,1,6,290,10,5,3,18,4,16,4,4,8,57,0,1,1,31:08,Atlanta Falcons
6,6,6,2016-10-16,Sun,@,SEA,L,24,26,,25,37,67.6,261,0,7.1,7.05,87.8,1,9,27,72,3,2.7,65,333,5.12,3,2,3,2,5,230,14,6,2,22,5,14,0,0,3,30,0,0,0,30:09,Atlanta Falcons
7,7,7,2016-10-23,Sun,,SDG,L,30,33,OT,27,45,60.0,348,1,7.7,7.18,82.5,4,23,26,78,2,3.0,75,426,5.68,4,4,3,3,2,91,19,6,1,26,9,16,1,1,3,14,1,1,2,35:29,Atlanta Falcons
8,8,8,2016-10-30,Sun,,GNB,W,33,32,,28,38,73.7,223,4,5.9,7.97,123.0,3,23,19,108,0,5.7,60,331,5.52,1,1,3,3,3,163,16,5,3,24,6,10,0,1,6,68,0,0,0,31:17,Atlanta Falcons
9,9,9,2016-11-03,Thu,@,TAM,W,43,28,,33,48,68.8,326,4,6.8,8.46,115.5,2,10,20,70,0,3.5,70,396,5.66,0,0,2,2,3,143,18,3,2,23,8,14,1,2,11,85,2,0,2,26:32,Atlanta Falcons
10,10,10,2016-11-13,Sun,@,PHI,L,15,24,,25,36,69.4,221,0,6.1,6.14,85.5,2,10,38,208,2,5.5,76,429,5.64,5,3,1,1,2,86,12,12,1,25,5,14,0,1,10,77,1,0,1,38:10,Atlanta Falcons
11,11,12,2016-11-27,Sun,,ARI,W,38,19,,25,45,55.6,274,2,6.1,5.98,79.3,2,15,14,58,0,4.1,61,332,5.44,2,2,1,1,4,166,17,3,3,23,4,11,1,2,8,60,0,1,1,25:38,Atlanta Falcons
12,12,13,2016-12-04,Sun,,KAN,L,28,29,,21,25,84.0,266,1,10.6,11.44,124.3,1,4,22,123,2,5.6,48,389,8.10,0,0,4,3,3,150,13,4,0,17,3,10,2,2,13,128,1,0,1,28:08,Atlanta Falcons
13,13,14,2016-12-11,Sun,@,LAR,W,42,14,,24,41,58.5,208,0,5.1,2.88,51.7,3,27,23,104,2,4.5,67,312,4.66,0,0,2,2,7,340,13,6,2,21,6,14,0,0,11,105,3,2,5,32:52,Atlanta Falcons
14,14,15,2016-12-18,Sun,,SFO,W,41,13,,20,33,60.6,165,2,5.0,6.21,93.6,2,18,20,107,0,5.4,55,272,4.95,0,0,2,1,7,318,8,6,1,15,6,13,0,0,4,20,1,0,1,23:59,Atlanta Falcons
15,15,16,2016-12-24,Sat,@,CAR,W,33,16,,18,43,41.9,183,1,4.3,2.63,43.1,2,15,23,119,0,5.2,68,302,4.44,3,3,1,1,3,130,10,6,1,17,4,15,3,4,4,24,0,2,2,27:15,Atlanta Falcons
16,16,17,2017-01-01,Sun,,NOR,W,38,32,,29,50,58.0,341,2,6.8,6.72,83.8,2,9,23,132,2,5.7,75,473,6.31,2,2,2,2,4,224,16,8,2,26,7,16,3,3,6,70,0,1,1,30:15,Atlanta Falcons
1,1,1,2016-09-11,Sun,,BUF,W,13,7,,15,22,68.2,95,0,4.3,4.32,76.9,2,16,24,65,1,2.7,48,160,3.33,1,0,1,1,7,313,5,5,1,11,3,13,2,2,8,89,0,0,0,27:07,Baltimore Ravens
2,2,2,2016-09-18,Sun,@,CLE,W,25,20,,20,33,60.6,242,2,7.3,5.82,78.1,3,18,23,145,1,6.3,59,387,6.56,1,0,3,2,5,226,15,2,0,17,8,15,1,1,8,59,0,2,2,29:01,Baltimore Ravens
3,3,3,2016-09-25,Sun,@,JAX,W,19,17,,24,38,63.2,168,2,4.4,1.92,57.8,4,26,21,48,0,2.3,63,216,3.43,2,1,2,2,6,249,12,1,1,14,6,16,0,0,7,75,0,3,3,28:54,Baltimore Ravens
4,4,4,2016-10-02,Sun,,OAK,L,27,28,,25,35,71.4,199,4,5.7,7.97,123.4,0,0,19,62,0,3.3,54,261,4.83,0,0,4,4,8,414,11,1,1,13,3,12,0,0,12,93,1,0,1,25:16,Baltimore Ravens
5,5,5,2016-10-09,Sun,,WAS,L,10,16,,29,41,70.7,250,1,6.1,5.49,84.4,1,10,20,60,0,3.0,62,310,5.00,2,1,2,1,6,253,12,4,2,18,3,12,1,2,4,46,1,1,2,29:35,Baltimore Ravens
6,6,6,2016-10-16,Sun,@,NYG,L,23,27,,32,46,69.6,397,3,8.6,7.98,99.6,1,6,17,38,0,2.2,64,435,6.80,2,2,3,3,4,205,16,0,3,19,4,14,3,3,7,119,1,2,3,24:56,Baltimore Ravens
7,7,7,2016-10-23,Sun,@,NYJ,L,16,24,,13,22,59.1,189,2,8.6,10.41,117.4,5,26,39,155,1,4.0,66,344,5.21,2,1,3,3,6,237,7,7,2,16,6,16,0,1,4,25,2,0,2,36:37,Baltimore Ravens
8,8,9,2016-11-06,Sun,,PIT,W,21,14,,23,45,51.1,241,1,5.4,4.80,65.1,2,23,18,36,1,2.0,65,277,4.26,0,0,2,2,10,431,10,3,2,15,4,16,1,2,13,99,0,1,1,27:50,Baltimore Ravens
9,9,10,2016-11-10,Thu,,CLE,W,28,7,,17,31,54.8,111,1,3.6,1.32,46.6,4,39,13,33,0,2.5,48,144,3.00,0,0,1,1,7,300,9,1,1,11,2,10,0,0,3,35,1,2,3,21:24,Baltimore Ravens
10,10,11,2016-11-20,Sun,@,DAL,L,17,27,,27,36,75.0,299,3,8.3,9.97,127.0,1,2,30,118,0,3.9,67,417,6.22,2,2,3,3,4,184,19,6,2,27,7,12,0,0,5,45,0,0,0,35:39,Baltimore Ravens
11,11,12,2016-11-27,Sun,,CIN,W,19,14,,26,48,54.2,261,1,5.4,5.85,76.8,3,22,20,64,0,3.2,71,325,4.58,2,2,1,0,6,283,15,3,4,22,5,16,1,1,2,15,2,0,2,28:43,Baltimore Ravens
12,12,13,2016-12-04,Sun,,MIA,W,38,6,,29,40,72.5,215,1,5.4,2.50,62.0,2,11,16,62,0,3.9,58,277,4.78,1,0,0,0,6,222,11,3,2,16,4,13,0,0,7,57,0,3,3,30:46,Baltimore Ravens
13,13,14,2016-12-12,Mon,@,NWE,L,23,30,,25,38,65.8,401,3,10.6,10.95,116.2,1,5,26,95,1,3.7,65,496,7.63,0,0,4,4,6,294,13,6,1,20,8,16,1,1,5,48,2,1,3,29:14,Baltimore Ravens
14,14,15,2016-12-18,Sun,,PHI,W,27,26,,22,42,52.4,159,0,3.8,2.71,51.6,1,11,38,169,2,4.4,81,328,4.05,4,4,0,0,2,94,10,13,4,27,8,18,1,3,3,30,0,1,1,36:38,Baltimore Ravens
15,15,16,2016-12-25,Sun,@,PIT,L,27,31,,24,33,72.7,279,3,8.5,7.55,103.0,0,0,22,127,1,5.8,55,406,7.38,1,1,4,4,3,137,12,9,2,23,3,7,0,0,4,45,0,2,2,25:23,Baltimore Ravens
16,16,17,2017-01-01,Sun,@,CIN,L,10,27,,18,28,64.3,218,1,7.8,8.50,100.0,1,8,38,153,2,4.0,67,371,5.54,2,2,3,3,5,247,13,10,2,25,1,8,0,0,2,20,0,0,0,30:42,Baltimore Ravens
1,1,1,2016-09-11,Sun,@,BAL,L,7,13,,22,33,66.7,225,1,6.8,7.42,96.1,4,33,28,83,0,3.0,65,308,4.74,2,2,1,1,3,128,11,4,3,18,6,15,0,1,6,35,1,0,1,32:53,Buffalo Bills
2,2,2,2016-09-15,Thu,,NYJ,L,31,37,,24,34,70.6,370,1,10.9,11.47,116.1,1,4,36,123,3,3.4,71,493,6.94,3,3,4,4,2,82,18,7,3,28,8,13,0,0,7,50,1,0,1,39:12,Buffalo Bills
3,3,3,2016-09-25,Sun,,ARI,W,33,18,,26,50,52.0,260,0,5.2,1.60,33.7,5,27,22,88,2,4.0,77,348,4.52,1,1,1,1,6,212,17,5,3,25,5,15,0,1,8,50,1,4,5,34:00,Buffalo Bills
4,4,4,2016-10-02,Sun,@,NWE,W,16,0,,17,27,63.0,187,0,6.9,6.93,83.4,3,18,22,90,0,4.1,52,277,5.33,1,0,0,0,6,311,10,3,0,13,1,12,2,3,9,74,1,0,1,23:49,Buffalo Bills
5,5,5,2016-10-09,Sun,@,LAR,W,30,19,,21,31,67.7,243,0,7.8,4.94,64.3,4,28,29,102,1,3.5,64,345,5.39,4,4,1,1,2,109,11,9,3,23,4,12,0,2,6,40,1,2,3,35:34,Buffalo Bills
6,6,6,2016-10-16,Sun,,SFO,W,45,16,,13,29,44.8,167,1,5.8,6.45,74.9,3,20,28,133,0,4.8,60,300,5.00,3,3,1,1,5,209,7,8,1,16,3,13,0,2,6,52,1,0,1,24:49,Buffalo Bills
7,7,7,2016-10-23,Sun,@,MIA,L,25,28,,15,25,60.0,198,1,7.9,8.72,98.4,1,6,42,256,2,6.1,68,454,6.68,2,2,2,2,5,175,9,15,2,26,5,12,0,0,13,116,0,0,0,37:02,Buffalo Bills
8,8,8,2016-10-30,Sun,,NWE,L,25,41,,22,33,66.7,285,4,8.6,11.06,133.2,5,30,23,72,1,3.1,61,357,5.85,2,2,5,5,3,134,15,2,6,23,9,13,0,0,10,116,0,0,0,29:51,Buffalo Bills
9,9,9,2016-11-07,Mon,@,SEA,L,25,31,,20,26,76.9,245,2,9.4,10.96,131.1,4,37,12,33,2,2.8,42,278,6.62,1,1,4,4,4,142,13,4,2,19,2,7,0,0,10,75,0,0,0,19:43,Buffalo Bills
10,10,11,2016-11-20,Sun,@,CIN,W,16,12,,24,43,55.8,207,1,4.8,3.19,57.0,1,0,27,93,1,3.4,71,300,4.23,0,0,2,0,6,267,13,7,3,23,8,15,0,0,4,25,0,2,2,27:49,Buffalo Bills
11,11,12,2016-11-27,Sun,,JAX,W,28,21,,13,26,50.0,118,2,4.5,6.08,88.3,2,8,37,183,1,4.9,65,301,4.63,0,0,3,3,6,273,8,11,1,20,8,15,0,1,6,60,0,0,0,33:35,Buffalo Bills
12,12,13,2016-12-04,Sun,@,OAK,L,24,38,,19,35,54.3,260,2,7.4,8.57,97.3,0,0,32,139,2,4.3,67,399,5.96,3,3,3,3,5,221,13,8,3,24,5,13,0,0,7,65,0,0,0,29:45,Buffalo Bills
13,13,14,2016-12-11,Sun,,PIT,L,20,27,,17,31,54.8,220,0,7.1,2.74,37.8,0,0,42,240,3,5.7,73,460,6.30,2,2,3,3,2,101,9,14,1,24,6,14,1,1,6,45,0,3,3,38:41,Buffalo Bills
14,14,15,2016-12-18,Sun,,CLE,W,33,13,,17,28,60.7,162,0,5.8,5.79,76.8,5,34,21,107,1,5.1,54,269,4.98,2,2,1,1,5,222,8,6,2,16,3,11,1,1,4,51,0,0,0,25:41,Buffalo Bills
15,15,16,2016-12-24,Sat,,MIA,L,31,34,OT,16,30,53.3,233,2,7.8,7.60,87.2,0,0,38,261,2,6.9,68,494,7.26,3,2,4,4,5,207,10,12,0,22,5,12,0,0,2,15,0,1,1,33:40,Buffalo Bills
16,16,17,2017-01-01,Sun,@,NYJ,L,10,30,,20,30,66.7,202,2,6.7,8.07,107.9,1,8,30,127,0,4.2,61,329,5.39,3,3,3,3,5,231,11,7,0,18,4,13,0,2,2,15,0,0,0,31:27,Buffalo Bills
1,1,1,2016-09-08,Thu,@,DEN,L,20,21,,18,26,69.2,159,1,6.1,3.42,66.0,2,19,29,148,2,5.1,57,307,5.39,0,0,3,3,3,140,11,9,1,21,5,10,1,1,4,22,1,2,3,27:41,Carolina Panthers
2,2,2,2016-09-18,Sun,,SFO,W,46,27,,17,36,47.2,237,2,6.6,5.19,64.2,2,6,26,65,1,2.5,64,302,4.72,2,2,3,3,7,318,13,3,0,16,4,14,0,1,6,50,1,2,3,24:06,Carolina Panthers
3,3,3,2016-09-25,Sun,,MIN,L,10,22,,18,28,64.3,153,1,5.5,6.18,90.3,2,18,24,58,0,2.4,54,211,3.91,2,2,1,0,7,339,11,2,0,13,3,12,0,0,6,42,0,0,0,25:08,Carolina Panthers
4,4,4,2016-10-02,Sun,@,ATL,L,33,48,,28,37,75.7,481,4,13.0,13.95,142.0,3,22,25,90,1,3.6,65,571,8.78,2,2,6,6,3,158,18,7,0,25,8,13,0,0,8,77,0,1,1,33:49,Carolina Panthers
5,5,5,2016-10-10,Mon,,TAM,L,14,17,,18,30,60.0,202,1,6.7,7.40,91.2,2,17,37,113,0,3.1,69,315,4.57,5,3,0,0,5,225,10,8,2,20,6,15,0,0,5,40,0,0,0,34:09,Carolina Panthers
6,6,6,2016-10-16,Sun,@,NOR,L,38,41,,34,49,69.4,460,4,9.4,10.10,117.7,1,5,21,63,1,3.0,71,523,7.37,3,2,5,5,4,211,19,3,1,23,8,16,1,1,10,126,0,1,1,28:55,Carolina Panthers
7,7,8,2016-10-30,Sun,,ARI,W,30,20,,35,46,76.1,316,3,6.9,7.20,106.8,8,47,10,24,0,2.4,64,340,5.31,0,0,2,2,6,259,19,2,1,22,4,12,1,1,10,88,1,1,2,29:12,Carolina Panthers
8,8,9,2016-11-06,Sun,@,LAR,W,13,10,,27,46,58.7,280,1,6.1,5.54,74.5,4,16,17,59,0,3.5,67,339,5.06,3,1,1,1,5,243,15,3,0,18,4,14,2,3,10,109,0,1,1,25:48,Carolina Panthers
9,9,10,2016-11-13,Sun,,KAN,L,17,20,,25,38,65.8,165,0,4.3,3.16,64.0,3,13,20,91,0,4.6,61,256,4.20,4,4,0,0,5,245,9,8,1,18,2,12,1,1,9,45,0,1,1,24:48,Carolina Panthers
10,10,11,2016-11-17,Thu,,NOR,W,23,20,,35,44,79.5,264,2,6.0,5.89,97.3,3,21,25,107,0,4.3,72,371,5.15,3,2,2,2,3,141,19,7,2,28,4,13,2,2,6,48,1,1,2,32:15,Carolina Panthers
11,11,12,2016-11-27,Sun,@,OAK,L,32,35,,26,39,66.7,310,2,7.9,7.82,97.2,1,5,31,56,1,1.8,71,366,5.15,2,2,3,3,5,239,15,5,2,22,8,15,0,0,7,46,1,1,2,33:37,Carolina Panthers
12,12,13,2016-12-04,Sun,@,SEA,L,7,40,,28,39,71.8,294,1,7.5,6.90,91.2,3,21,29,240,3,8.3,71,534,7.52,4,4,4,4,1,41,16,11,2,29,7,14,0,1,6,37,0,1,1,34:01,Carolina Panthers
13,13,14,2016-12-11,Sun,,SDG,W,28,16,,21,39,53.8,220,2,5.6,3.21,55.5,5,16,20,58,0,2.9,64,278,4.34,1,1,1,1,3,122,10,7,0,17,5,13,0,1,7,32,2,3,5,27:23,Carolina Panthers
14,14,15,2016-12-19,Mon,@,WAS,W,26,15,,32,47,68.1,306,0,6.5,5.55,77.1,1,9,13,29,1,2.2,61,335,5.49,3,3,1,0,6,286,14,2,2,18,2,12,1,1,7,70,2,1,3,25:21,Carolina Panthers
15,15,16,2016-12-24,Sat,,ATL,L,16,33,,27,33,81.8,256,2,7.8,8.97,119.2,4,21,24,152,1,6.3,61,408,6.69,5,4,3,3,3,127,13,6,2,21,6,14,0,0,6,45,0,0,0,32:45,Carolina Panthers
16,16,17,2017-01-01,Sun,@,TAM,L,16,17,,20,35,57.1,188,1,5.4,4.66,69.7,3,14,25,112,0,4.5,63,300,4.76,3,1,2,2,5,229,11,7,0,18,4,12,0,0,5,30,1,1,2,27:36,Carolina Panthers
1,1,1,2016-09-11,Sun,@,HOU,L,14,23,,22,35,62.9,215,2,6.1,6.00,87.2,2,16,35,129,0,3.7,72,344,4.78,3,3,2,2,5,243,12,5,0,17,12,20,0,0,6,69,0,1,1,36:19,Chicago Bears
2,2,2,2016-09-19,Mon,,PHI,L,14,29,,21,34,61.8,180,1,5.3,5.88,85.4,2,10,32,100,2,3.1,68,280,4.12,3,3,3,2,5,218,12,7,2,21,3,15,3,3,5,34,0,0,0,36:05,Chicago Bears
3,3,3,2016-09-25,Sun,@,DAL,L,17,31,,19,24,79.2,248,1,10.3,11.17,123.6,0,0,41,199,3,4.9,65,447,6.88,2,1,4,4,3,140,10,14,1,25,5,11,1,1,4,45,1,0,1,35:19,Chicago Bears
4,4,4,2016-10-02,Sun,,DET,W,17,14,,23,36,63.9,197,0,5.5,2.97,55.0,2,16,18,66,0,3.7,56,263,4.70,2,2,0,0,5,245,9,5,2,16,4,12,0,0,10,76,0,2,2,26:46,Chicago Bears
5,5,5,2016-10-09,Sun,@,IND,L,23,29,,28,39,71.8,298,2,7.6,8.67,110.8,5,24,21,98,0,4.7,65,396,6.09,5,5,2,2,3,190,14,5,1,20,3,12,1,1,9,68,0,0,0,29:55,Chicago Bears
6,6,6,2016-10-16,Sun,,JAX,L,16,17,,20,33,60.6,263,1,8.0,7.21,83.3,2,8,20,54,1,2.7,55,317,5.76,1,1,2,2,5,275,12,3,5,20,2,10,0,0,5,50,1,1,2,24:13,Chicago Bears
7,7,7,2016-10-20,Thu,@,GNB,L,10,26,,39,56,69.6,303,3,5.4,6.48,100.5,2,23,23,103,0,4.5,81,406,5.01,3,2,3,2,1,46,21,5,6,32,9,16,1,2,9,56,1,0,1,39:36,Chicago Bears
8,8,8,2016-10-31,Mon,,MIN,W,20,10,,23,37,62.2,201,1,5.4,5.97,85.5,5,27,18,57,0,3.2,60,258,4.30,1,1,1,1,7,309,13,1,1,15,2,13,2,2,1,10,0,0,0,27:19,Chicago Bears
9,9,10,2016-11-13,Sun,@,TAM,L,10,36,,23,33,69.7,280,2,8.5,8.33,103.1,4,32,31,80,1,2.6,68,360,5.29,2,2,4,4,5,214,17,2,3,22,8,15,0,0,9,85,0,1,1,37:09,Chicago Bears
10,10,11,2016-11-20,Sun,@,NYG,L,16,22,,21,36,58.3,227,2,6.3,7.42,95.5,0,0,29,102,1,3.5,65,329,5.06,1,1,3,1,6,267,11,7,1,19,5,14,2,2,4,35,0,0,0,29:31,Chicago Bears
11,11,12,2016-11-27,Sun,,TEN,L,21,27,,15,23,65.2,226,2,9.8,11.57,126.4,0,0,29,149,1,5.1,52,375,7.21,2,2,3,3,4,177,9,7,2,18,5,11,0,0,6,118,0,0,0,29:25,Chicago Bears
12,12,13,2016-12-04,Sun,,SFO,W,26,6,,5,15,33.3,6,0,0.4,0.40,42.4,6,33,34,141,0,4.1,55,147,2.67,2,2,0,0,8,308,2,7,1,10,4,14,0,0,11,106,0,0,0,28:42,Chicago Bears
13,13,14,2016-12-11,Sun,@,DET,L,17,20,,21,35,60.0,209,1,6.0,3.97,62.7,3,14,28,114,1,4.1,66,323,4.89,2,2,2,2,2,102,13,7,5,25,6,12,0,0,7,55,0,2,2,34:17,Chicago Bears
14,14,15,2016-12-18,Sun,,GNB,L,27,30,,19,31,61.3,225,0,7.3,7.26,83.4,4,27,23,226,3,9.8,58,451,7.78,3,3,3,3,4,168,9,9,2,20,3,10,0,1,8,64,0,0,0,32:47,Chicago Bears
15,15,16,2016-12-24,Sat,,WAS,L,21,41,,18,29,62.1,270,1,9.3,10.00,104.1,0,0,35,208,4,5.9,64,478,7.47,2,2,5,5,2,83,9,10,2,21,8,13,0,1,7,73,0,0,0,32:35,Chicago Bears
16,16,17,2017-01-01,Sun,@,MIN,L,10,38,,25,34,73.5,250,3,7.4,7.79,111.2,0,0,28,124,1,4.4,62,374,6.03,1,1,5,5,2,64,15,5,1,21,6,12,0,1,2,15,0,1,1,30:12,Chicago Bears
1,1,1,2016-09-11,Sun,@,NYJ,W,23,22,,19,35,54.3,188,2,5.4,5.23,76.8,1,1,30,152,0,5.1,66,340,5.15,4,3,2,1,3,154,11,8,3,22,4,12,0,0,7,95,0,1,1,34:53,Cincinnati Bengals
2,2,2,2016-09-18,Sun,@,PIT,L,16,24,,19,37,51.4,250,3,6.8,5.95,77.5,1,9,36,124,0,3.4,74,374,5.05,1,1,3,3,8,377,12,6,1,19,7,17,0,1,5,54,0,2,2,32:55,Cincinnati Bengals
3,3,3,2016-09-25,Sun,,DEN,L,17,29,,23,35,65.7,303,4,8.7,10.94,131.0,2,9,23,52,0,2.3,60,355,5.92,1,1,3,2,5,231,13,3,5,21,6,12,0,0,5,41,1,0,1,27:54,Cincinnati Bengals
4,4,4,2016-09-29,Thu,,MIA,W,22,7,,15,25,60.0,160,1,6.4,5.40,75.4,5,29,13,62,0,4.8,43,222,5.16,0,0,1,1,7,344,5,3,0,8,2,11,0,1,7,68,1,1,2,21:58,Cincinnati Bengals
5,5,5,2016-10-09,Sun,@,DAL,L,14,28,,18,24,75.0,222,1,9.3,10.08,117.0,1,5,29,180,3,6.2,54,402,7.44,0,0,4,4,2,87,12,8,1,21,4,8,0,0,7,45,1,0,1,27:43,Cincinnati Bengals
6,6,6,2016-10-16,Sun,@,NWE,L,17,35,,29,35,82.9,358,3,10.2,11.94,137.9,3,18,23,79,1,3.4,61,437,7.16,2,2,4,3,3,133,17,5,3,25,4,10,1,1,6,55,0,0,0,27:57,Cincinnati Bengals
7,7,7,2016-10-23,Sun,,CLE,W,31,17,,21,35,60.0,172,0,4.9,2.34,48.8,2,10,26,180,2,6.9,63,352,5.59,1,1,2,2,5,209,11,10,1,22,6,14,0,0,5,35,0,2,2,31:48,Cincinnati Bengals
8,8,8,2016-10-30,Sun,,WAS,T,27,27,OT,38,56,67.9,446,2,8.0,7.88,96.3,1,12,31,100,1,3.2,88,546,6.20,4,2,3,3,3,128,24,2,4,30,8,17,0,2,15,106,0,1,1,39:42,Cincinnati Bengals
9,9,10,2016-11-14,Mon,@,NYG,L,20,21,,28,44,63.6,229,3,5.2,4.52,80.6,1,11,27,122,0,4.5,72,351,4.88,0,0,3,3,6,276,15,5,3,23,6,14,1,2,2,15,0,2,2,31:23,Cincinnati Bengals
10,10,11,2016-11-20,Sun,,BUF,L,12,16,,19,27,70.4,159,0,5.9,4.22,69.8,2,7,34,183,1,5.4,63,342,5.43,3,3,1,1,5,192,7,12,1,20,3,12,1,1,9,75,0,1,1,32:11,Cincinnati Bengals
11,11,12,2016-11-27,Sun,@,BAL,L,14,19,,25,36,69.4,219,1,6.1,5.39,83.0,2,15,30,92,0,3.1,68,311,4.57,4,4,1,1,5,222,12,4,0,16,5,16,1,2,8,69,0,1,1,31:17,Cincinnati Bengals
12,12,13,2016-12-04,Sun,,PHI,W,32,14,,36,60,60.0,306,1,5.1,3.18,58.1,1,2,19,53,1,2.8,80,359,4.49,1,0,2,2,3,118,17,5,0,22,8,17,3,5,10,88,0,3,3,31:58,Cincinnati Bengals
13,13,14,2016-12-11,Sun,@,CLE,W,23,10,,12,28,42.9,85,0,3.0,1.43,35.6,3,19,22,169,1,7.7,53,254,4.79,1,1,1,1,6,276,6,6,1,13,6,14,1,1,5,34,0,1,1,25:07,Cincinnati Bengals
14,14,15,2016-12-18,Sun,,PIT,L,20,24,,21,36,58.3,285,1,7.9,8.47,92.9,1,1,29,97,0,3.3,66,382,5.79,6,6,0,0,1,40,12,7,7,26,5,13,0,0,7,104,0,0,0,32:32,Cincinnati Bengals
15,15,16,2016-12-24,Sat,@,HOU,L,10,12,,18,29,62.1,155,0,5.3,5.34,76.1,4,21,24,95,1,4.0,57,250,4.39,2,2,1,0,8,371,8,4,5,17,4,14,0,0,3,25,0,0,0,31:06,Cincinnati Bengals
16,16,17,2017-01-01,Sun,,BAL,W,27,10,,33,51,64.7,263,0,5.2,3.39,61.2,3,16,16,72,1,4.5,70,335,4.79,1,1,1,1,4,175,14,7,1,22,8,16,1,3,4,41,0,2,2,29:18,Cincinnati Bengals
1,1,1,2016-09-11,Sun,@,PHI,L,10,29,,22,37,59.5,270,2,7.3,8.38,100.1,2,8,34,133,1,3.9,73,403,5.52,3,2,3,3,6,295,14,7,2,23,5,15,1,1,7,46,0,0,0,39:20,Cleveland Browns
2,2,2,2016-09-18,Sun,,BAL,L,20,25,,25,45,55.6,302,2,6.7,5.60,72.6,0,0,26,80,0,3.1,71,382,5.38,3,3,2,2,3,141,17,3,2,22,10,16,0,1,4,29,0,2,2,30:59,Cleveland Browns
3,3,3,2016-09-25,Sun,@,MIA,L,24,30,OT,25,39,64.1,311,3,8.0,7.21,93.0,1,8,25,115,1,4.6,65,426,6.55,1,1,3,3,6,293,15,6,2,23,2,10,0,0,8,67,1,2,3,29:12,Cleveland Browns
4,4,4,2016-10-02,Sun,@,WAS,L,20,31,,21,27,77.8,156,3,5.8,6.33,112.3,3,27,26,145,1,5.6,56,301,5.38,1,1,4,4,3,146,12,10,2,24,4,8,0,0,9,75,0,1,1,31:03,Cleveland Browns
5,5,5,2016-10-09,Sun,,NWE,L,13,33,,28,41,68.3,403,3,9.8,11.29,124.3,1,3,35,98,1,2.8,77,501,6.51,2,1,4,4,5,209,15,7,2,24,9,17,0,1,5,61,0,0,0,34:39,Cleveland Browns
6,6,6,2016-10-16,Sun,@,TEN,L,26,28,,17,24,70.8,270,3,11.3,11.88,130.2,2,14,31,137,1,4.4,57,407,7.14,1,0,4,4,5,225,13,5,1,19,7,13,0,0,7,96,0,1,1,31:01,Cleveland Browns
7,7,7,2016-10-23,Sun,@,CIN,L,17,31,,19,28,67.9,288,2,10.3,11.71,125.3,3,20,30,271,2,9.0,61,559,9.16,3,1,4,4,2,89,12,11,0,23,5,10,0,0,3,30,1,0,1,28:12,Cleveland Browns
8,8,8,2016-10-30,Sun,,NYJ,L,28,31,,16,34,47.1,222,1,6.5,7.12,78.3,2,6,35,171,3,4.9,71,393,5.54,1,1,4,4,6,282,12,8,1,21,7,15,1,1,5,37,0,0,0,33:41,Cleveland Browns
9,9,9,2016-11-06,Sun,,DAL,L,10,35,,22,28,78.6,255,3,9.1,11.25,140.3,0,0,42,168,2,4.0,70,423,6.04,0,0,5,5,2,75,15,13,1,29,8,12,2,2,4,38,0,0,0,39:39,Cleveland Browns
10,10,10,2016-11-10,Thu,@,BAL,L,7,28,,30,41,73.2,277,3,6.8,6.02,95.3,2,19,34,119,0,3.5,77,396,5.14,2,2,2,2,4,184,19,7,3,29,7,12,0,0,6,61,0,2,2,38:36,Cleveland Browns
11,11,11,2016-11-20,Sun,,PIT,L,9,24,,23,36,63.9,167,0,4.6,4.64,74.7,0,0,28,146,1,5.2,64,313,4.89,3,3,1,1,3,150,12,9,3,24,5,12,1,1,8,70,0,0,0,33:58,Cleveland Browns
12,12,12,2016-11-27,Sun,,NYG,L,13,27,,15,27,55.6,192,3,7.1,9.33,115.0,1,2,27,104,0,3.9,55,296,5.38,0,0,4,3,9,427,10,3,0,13,4,13,0,0,9,100,1,0,1,26:09,Cleveland Browns
13,13,14,2016-12-11,Sun,,CIN,L,10,23,,20,28,71.4,147,2,5.3,6.68,107.3,4,33,38,213,1,5.6,70,360,5.14,2,1,3,2,5,248,12,9,0,21,8,15,0,0,6,43,0,0,0,34:53,Cleveland Browns
14,14,15,2016-12-18,Sun,@,BUF,L,13,33,,17,25,68.0,171,1,6.8,7.64,100.6,1,3,40,280,3,7.0,66,451,6.83,2,2,4,3,2,90,12,16,1,29,4,9,0,1,5,42,0,0,0,34:19,Cleveland Browns
15,15,16,2016-12-24,Sat,,SDG,W,20,17,,23,46,50.0,322,2,7.0,6.89,78.4,0,0,19,34,0,1.8,65,356,5.48,3,1,2,2,5,251,15,2,2,19,5,15,2,2,9,92,0,1,1,27:31,Cleveland Browns
16,16,17,2017-01-01,Sun,@,PIT,L,24,27,OT,24,37,64.9,243,3,6.6,6.97,99.3,4,34,28,69,1,2.5,69,312,4.52,0,0,3,3,8,368,15,5,1,21,3,14,2,2,9,43,0,1,1,33:09,Cleveland Browns
1,1,1,2016-09-11,Sun,,NYG,L,19,20,,19,28,67.9,203,3,7.3,7.79,109.7,2,4,24,113,0,4.7,54,316,5.85,0,0,3,2,5,257,11,6,1,18,5,10,0,0,4,40,0,1,1,23:17,Dallas Cowboys
2,2,2,2016-09-18,Sun,@,WAS,W,27,23,,28,46,60.9,350,1,7.6,7.07,82.7,2,14,17,82,1,4.8,65,432,6.65,3,3,2,2,2,75,18,4,2,24,5,12,0,1,8,51,0,1,1,27:09,Dallas Cowboys
3,3,3,2016-09-25,Sun,,CHI,W,31,17,,30,49,61.2,312,2,6.4,7.18,93.2,1,5,14,78,0,5.6,64,390,6.09,1,1,2,2,4,159,18,3,0,21,2,10,1,1,6,45,2,0,2,24:41,Dallas Cowboys
4,4,4,2016-10-02,Sun,@,SFO,W,24,17,,16,23,69.6,189,1,8.2,7.13,90.7,1,7,29,106,1,3.7,53,295,5.57,1,1,2,2,4,196,8,6,0,14,8,14,0,1,5,32,0,1,1,23:33,Dallas Cowboys
5,5,5,2016-10-09,Sun,,CIN,W,28,14,,29,41,70.7,249,2,6.1,7.05,102.6,4,20,19,96,0,5.1,64,345,5.39,1,0,2,2,5,196,16,7,4,27,5,12,1,1,6,49,0,0,0,32:17,Dallas Cowboys
6,6,6,2016-10-16,Sun,@,GNB,W,30,16,,31,42,73.8,294,1,7.0,6.40,90.8,1,0,24,78,0,3.3,67,372,5.55,3,3,1,1,1,47,17,4,3,24,7,13,0,1,5,23,3,1,4,30:10,Dallas Cowboys
7,7,8,2016-10-30,Sun,,PHI,W,29,23,OT,32,44,72.7,194,1,4.4,4.86,88.6,3,8,24,97,1,4.0,71,291,4.10,3,3,2,2,6,269,12,6,3,21,6,15,0,0,5,40,1,0,1,33:15,Dallas Cowboys
8,8,9,2016-11-06,Sun,@,CLE,W,35,10,,19,27,70.4,177,1,6.6,7.30,100.4,4,26,13,45,0,3.5,44,222,5.05,2,1,1,1,5,220,9,3,1,13,1,9,1,1,5,33,0,0,0,20:21,Dallas Cowboys
9,9,10,2016-11-13,Sun,@,PIT,W,35,30,,37,46,80.4,400,3,8.7,10.00,124.6,1,8,19,48,1,2.5,66,448,6.79,3,2,0,0,4,174,22,5,3,30,4,10,0,0,4,40,0,0,0,29:36,Dallas Cowboys
10,10,11,2016-11-20,Sun,,BAL,W,27,17,,23,35,65.7,267,1,7.6,8.20,98.2,1,2,16,101,1,6.3,52,368,7.08,1,1,2,2,5,237,10,6,1,17,3,9,0,0,12,136,0,0,0,24:21,Dallas Cowboys
11,11,12,2016-11-24,Thu,,WAS,W,31,26,,41,53,77.4,449,3,8.5,9.60,120.7,0,0,19,56,0,2.9,72,505,7.01,4,2,2,2,1,39,20,4,1,25,8,15,2,2,3,30,0,0,0,33:24,Dallas Cowboys
12,12,13,2016-12-01,Thu,@,MIN,W,17,15,,33,47,70.2,231,1,4.9,5.34,88.2,3,22,19,87,0,4.6,69,318,4.61,3,3,0,0,7,224,16,3,2,21,6,16,0,0,8,57,1,0,1,33:17,Dallas Cowboys
13,13,14,2016-12-11,Sun,@,NYG,L,7,10,,17,28,60.7,167,1,6.0,5.07,74.6,3,26,33,93,0,2.8,64,260,4.06,1,1,1,1,9,389,7,4,1,12,2,14,2,2,7,50,2,1,3,30:52,Dallas Cowboys
14,14,15,2016-12-18,Sun,,TAM,W,26,20,,17,35,48.6,224,2,6.4,3.69,52.6,4,23,20,52,0,2.6,59,276,4.68,2,2,2,2,4,171,12,3,1,16,4,12,0,1,3,35,1,3,4,23:56,Dallas Cowboys
15,15,16,2016-12-26,Mon,,DET,W,42,21,,26,46,56.5,229,0,5.0,4.00,60.9,4,31,20,90,3,4.5,70,319,4.56,1,0,3,3,4,196,16,7,0,23,5,12,2,2,5,62,1,1,2,30:43,Dallas Cowboys
16,16,17,2017-01-01,Sun,@,PHI,L,13,27,,27,43,62.8,232,2,5.4,6.33,92.4,2,13,30,114,1,3.8,75,346,4.61,3,2,3,3,4,200,14,8,2,24,6,14,0,1,4,61,0,0,0,35:42,Dallas Cowboys
1,1,1,2016-09-08,Thu,,CAR,W,21,20,,18,33,54.5,176,1,5.3,4.58,67.2,3,18,32,157,1,4.9,68,333,4.90,3,2,2,2,4,252,12,8,1,21,9,15,0,0,8,85,0,1,1,32:19,Denver Broncos
2,2,2,2016-09-18,Sun,,IND,W,34,20,,21,40,52.5,170,1,4.3,3.63,61.5,5,27,21,83,1,4.0,66,253,3.83,2,2,2,2,4,226,11,4,4,19,6,14,1,1,8,94,1,1,2,29:19,Denver Broncos
3,3,3,2016-09-25,Sun,@,CIN,W,29,17,,21,31,67.7,189,0,6.1,4.65,70.5,4,17,29,143,2,4.9,64,332,5.19,1,1,2,2,5,231,12,7,1,20,5,12,0,1,9,69,1,1,2,32:06,Denver Broncos
4,4,4,2016-10-02,Sun,@,TAM,W,27,7,,17,35,48.6,143,0,4.1,1.51,35.8,5,36,26,72,1,2.8,66,215,3.26,0,0,1,1,7,326,9,3,3,15,5,16,0,1,9,69,1,2,3,28:36,Denver Broncos
5,5,5,2016-10-09,Sun,,ATL,L,16,23,,15,28,53.6,250,1,8.9,9.64,95.8,2,17,32,122,1,3.8,62,372,6.00,3,3,2,2,3,185,10,8,1,19,2,12,2,3,7,78,1,0,1,28:52,Denver Broncos
6,6,6,2016-10-13,Thu,@,SDG,L,13,21,,18,29,62.1,166,1,5.7,6.41,89.2,2,12,29,99,0,3.4,60,265,4.42,4,4,1,1,5,237,9,5,2,16,3,13,1,1,3,20,2,0,2,33:28,Denver Broncos
7,7,7,2016-10-24,Mon,,HOU,W,27,9,,22,41,53.7,131,0,3.2,3.20,60.1,1,0,25,140,0,5.6,67,271,4.04,3,3,0,0,5,242,8,5,1,14,7,18,0,2,2,15,2,0,2,29:22,Denver Broncos
8,8,8,2016-10-30,Sun,,SDG,W,27,19,,20,47,42.6,246,2,5.2,3.21,46.9,4,21,26,123,0,4.7,77,369,4.79,1,0,2,1,5,285,14,5,2,21,7,17,0,2,8,52,0,3,3,33:08,Denver Broncos
9,9,9,2016-11-06,Sun,@,OAK,L,20,30,,20,31,64.5,179,0,5.8,5.77,79.9,2,5,43,218,3,5.1,76,397,5.22,4,3,3,3,4,169,12,11,7,30,5,14,0,0,8,72,0,0,0,41:28,Denver Broncos
10,10,10,2016-11-13,Sun,@,NOR,W,25,23,,21,29,72.4,293,3,10.1,9.07,110.3,1,10,21,80,0,3.8,51,373,7.31,1,1,3,2,4,163,15,4,0,19,4,9,0,0,3,25,2,2,4,20:38,Denver Broncos
11,11,12,2016-11-27,Sun,,KAN,L,27,30,OT,26,44,59.1,190,1,4.3,4.77,76.9,6,30,26,83,1,3.2,76,273,3.59,2,2,2,2,9,431,14,5,4,23,5,17,1,1,9,71,0,0,0,37:39,Denver Broncos
12,12,13,2016-12-04,Sun,@,JAX,W,20,10,,19,42,45.2,179,0,4.3,2.12,37.7,1,2,38,154,1,4.1,81,333,4.11,1,1,1,1,8,369,10,7,2,19,6,18,1,2,6,65,1,2,3,34:34,Denver Broncos
13,13,14,2016-12-11,Sun,@,TEN,L,10,13,,6,21,28.6,73,0,3.5,3.48,41.6,2,15,42,180,1,4.3,65,253,3.89,2,2,1,1,7,308,4,11,1,16,6,16,0,0,5,55,0,0,0,32:27,Denver Broncos
14,14,15,2016-12-18,Sun,,NWE,L,3,16,,16,32,50.0,177,0,5.5,5.53,66.8,2,11,39,136,1,3.5,73,313,4.29,3,3,1,1,7,312,11,6,3,20,5,17,0,1,4,30,0,0,0,33:36,Denver Broncos
15,15,16,2016-12-25,Sun,@,KAN,L,10,33,,26,37,70.3,246,2,6.6,6.51,95.1,0,0,37,238,2,6.4,74,484,6.54,3,2,4,3,4,164,11,10,2,23,9,17,0,0,8,65,0,1,1,38:01,Denver Broncos
16,16,17,2017-01-01,Sun,,OAK,W,24,6,,20,32,62.5,164,1,5.1,4.34,72.9,2,7,16,57,0,3.6,50,221,4.42,0,0,0,0,8,452,7,2,2,11,2,11,0,1,13,125,2,1,3,24:35,Denver Broncos
1,1,1,2016-09-11,Sun,@,IND,W,39,35,,31,47,66.0,368,4,7.8,9.53,118.0,2,17,19,82,0,4.3,68,450,6.62,2,2,3,3,4,195,17,6,2,25,9,16,0,0,5,45,0,0,0,29:24,Detroit Lions
2,2,2,2016-09-18,Sun,,TEN,L,15,16,,25,33,75.8,224,2,6.8,6.64,101.1,3,14,24,139,0,5.8,60,363,6.05,2,1,1,1,3,142,11,7,4,22,5,12,1,1,12,83,0,1,1,30:51,Detroit Lions
3,3,3,2016-09-25,Sun,@,GNB,L,27,34,,15,24,62.5,201,4,8.4,11.71,128.6,2,4,24,123,0,5.1,50,324,6.48,2,2,4,4,2,83,9,6,2,17,5,10,0,0,4,45,0,0,0,24:53,Detroit Lions
4,4,4,2016-10-02,Sun,@,CHI,L,14,17,,28,36,77.8,294,2,8.2,9.28,119.2,2,8,29,114,0,3.9,67,408,6.09,2,1,2,2,4,196,16,6,1,23,5,13,0,1,8,55,0,0,0,33:14,Detroit Lions
5,5,5,2016-10-09,Sun,,PHI,W,24,23,,25,33,75.8,230,2,7.0,6.82,101.8,3,8,21,116,0,5.5,57,346,6.07,3,3,2,2,2,76,12,6,0,18,5,11,0,0,14,111,1,1,2,29:36,Detroit Lions
6,6,6,2016-10-16,Sun,,LAR,W,31,28,,27,32,84.4,311,3,9.7,10.19,125.4,1,10,22,76,1,3.5,55,387,7.04,0,0,4,4,2,94,16,5,2,23,6,9,0,1,8,62,0,1,1,27:48,Detroit Lions
7,7,7,2016-10-23,Sun,,WAS,W,20,17,,30,39,76.9,283,1,7.3,7.77,105.0,2,18,29,130,1,4.5,70,413,5.90,2,1,2,2,2,86,12,12,2,26,9,15,0,0,4,20,2,0,2,34:59,Detroit Lions
8,8,8,2016-10-30,Sun,@,HOU,L,13,20,,20,29,69.0,164,1,5.7,4.79,80.2,3,22,31,105,1,3.4,63,269,4.27,2,2,2,2,4,203,10,8,2,20,6,15,1,1,6,49,0,1,1,33:58,Detroit Lions
9,9,9,2016-11-06,Sun,@,MIN,W,22,16,OT,31,40,77.5,259,1,6.5,6.98,102.0,2,14,25,78,1,3.1,67,337,5.03,2,1,2,1,4,146,13,7,2,22,6,14,1,2,8,54,0,0,0,33:08,Detroit Lions
10,10,11,2016-11-20,Sun,,JAX,W,26,19,,22,35,62.9,202,2,5.8,4.34,73.7,0,0,27,83,0,3.1,62,285,4.60,2,2,2,1,6,245,13,1,2,16,4,14,0,0,4,25,1,2,3,32:55,Detroit Lions
11,11,12,2016-11-24,Thu,,MIN,W,16,13,,31,37,83.8,224,0,6.1,4.84,80.6,0,0,16,82,1,5.1,53,306,5.77,2,2,1,1,4,195,8,7,2,17,2,10,0,1,5,40,0,1,1,31:31,Detroit Lions
12,12,13,2016-12-04,Sun,@,NOR,W,28,13,,31,44,70.5,319,0,7.3,4.18,62.6,1,7,12,50,1,4.2,57,369,6.47,2,2,1,1,4,162,16,3,1,20,6,13,0,0,10,83,0,3,3,23:08,Detroit Lions
13,13,14,2016-12-11,Sun,,CHI,W,20,17,,20,32,62.5,204,1,6.4,7.00,91.1,1,8,17,92,0,5.4,50,296,5.92,1,1,2,2,4,188,10,5,1,16,4,10,0,1,11,139,0,0,0,25:43,Detroit Lions
14,14,15,2016-12-18,Sun,@,NYG,L,6,17,,20,28,71.4,186,2,6.6,8.07,113.1,2,15,32,114,0,3.6,62,300,4.84,1,1,2,2,7,298,12,5,0,17,7,15,0,0,5,46,0,0,0,30:16,Detroit Lions
15,15,16,2016-12-26,Mon,@,DAL,L,21,42,,16,21,76.2,211,4,10.0,13.86,147.0,1,11,30,164,2,5.5,52,375,7.21,0,0,6,6,4,189,14,6,3,23,4,8,0,0,8,47,0,0,0,29:17,Detroit Lions
16,16,17,2017-01-01,Sun,,GNB,L,24,31,,27,39,69.2,295,4,7.6,9.62,125.5,1,5,31,153,0,4.9,71,448,6.31,1,1,3,2,5,186,17,9,2,28,7,13,0,0,10,75,0,0,0,34:09,Detroit Lions
1,1,1,2016-09-11,Sun,@,JAX,W,27,23,,24,39,61.5,300,1,7.7,7.05,83.3,3,20,26,48,1,1.8,68,348,5.12,3,3,2,2,2,125,14,4,2,20,4,15,3,4,9,79,0,1,1,31:23,Green Bay Packers
2,2,2,2016-09-18,Sun,@,MIN,L,14,17,,22,31,71.0,254,2,8.2,9.48,116.9,4,32,22,30,0,1.4,57,284,4.98,1,1,2,2,7,273,11,2,2,15,4,14,1,2,13,137,1,0,1,30:18,Green Bay Packers
3,3,3,2016-09-25,Sun,,DET,W,34,27,,28,41,68.3,368,3,9.0,9.34,110.6,3,17,23,50,0,2.2,67,418,6.24,3,2,3,3,2,95,17,4,1,22,8,14,1,1,4,86,0,1,1,35:07,Green Bay Packers
4,4,5,2016-10-09,Sun,,NYG,W,23,16,,18,35,51.4,178,1,5.1,5.66,75.7,4,21,15,43,0,2.9,54,221,4.09,3,3,1,1,6,235,12,2,0,14,4,13,0,0,6,51,1,0,1,23:22,Green Bay Packers
5,5,6,2016-10-16,Sun,,DAL,L,16,30,,18,27,66.7,233,3,8.6,9.19,115.2,2,14,33,191,0,5.8,62,424,6.84,3,3,3,3,2,83,14,7,3,24,3,11,1,1,7,60,1,1,2,29:50,Green Bay Packers
6,6,7,2016-10-20,Thu,,CHI,W,26,10,,10,26,38.5,120,0,4.6,1.15,21.3,1,10,18,69,0,3.8,45,189,4.20,1,1,1,1,5,225,9,3,1,13,2,8,0,0,10,108,0,2,2,20:24,Green Bay Packers
7,7,8,2016-10-30,Sun,@,ATL,L,32,33,,28,35,80.0,277,3,7.9,9.63,128.2,2,11,19,90,1,4.7,56,367,6.55,2,2,3,3,2,101,16,6,3,25,4,9,1,1,7,46,0,0,0,28:43,Green Bay Packers
8,8,9,2016-11-06,Sun,,IND,L,26,31,,23,36,63.9,270,1,7.5,5.56,72.7,2,11,28,85,2,3.0,66,355,5.38,1,1,4,4,4,222,14,7,1,22,7,14,0,0,4,35,0,2,2,30:03,Green Bay Packers
9,9,10,2016-11-13,Sun,@,TEN,L,25,47,,20,27,74.1,292,5,10.8,14.52,148.5,1,13,31,154,1,5.0,59,446,7.56,2,2,5,5,4,166,13,3,3,19,7,14,0,1,7,65,0,0,0,29:31,Green Bay Packers
10,10,11,2016-11-20,Sun,@,WAS,L,24,42,,21,30,70.0,364,3,12.1,14.13,144.3,2,11,30,151,3,5.0,62,515,8.31,1,1,4,3,3,114,14,6,1,21,9,14,1,1,6,40,0,0,0,29:37,Green Bay Packers
11,11,12,2016-11-28,Mon,@,PHI,W,27,13,,24,36,66.7,211,0,5.9,4.61,70.5,4,43,18,81,1,4.5,58,292,5.03,2,2,1,1,2,71,12,7,1,20,5,11,0,1,7,42,0,1,1,24:37,Green Bay Packers
12,12,13,2016-12-04,Sun,,HOU,W,21,13,,22,35,62.9,184,2,5.3,6.40,95.4,2,18,27,123,0,4.6,64,307,4.80,0,0,2,1,5,205,9,8,0,17,6,15,1,2,3,12,1,0,1,31:31,Green Bay Packers
13,13,14,2016-12-11,Sun,,SEA,W,38,10,,22,39,56.4,218,1,5.6,0.33,41.3,3,22,26,136,0,5.2,68,354,5.21,1,1,1,1,4,136,14,7,1,22,6,12,0,1,7,63,1,5,6,31:50,Green Bay Packers
14,14,15,2016-12-18,Sun,@,CHI,W,30,27,,30,43,69.8,354,2,8.2,6.02,81.0,1,8,19,95,1,5.0,63,449,7.13,2,2,3,3,2,88,21,5,3,29,3,8,0,0,6,40,1,3,4,27:13,Green Bay Packers
15,15,16,2016-12-24,Sat,,MIN,W,38,25,,34,50,68.0,353,3,7.1,8.26,108.2,4,29,20,93,0,4.7,74,446,6.03,2,2,2,1,5,186,18,4,0,22,5,15,3,3,8,70,2,0,2,31:01,Green Bay Packers
16,16,17,2017-01-01,Sun,@,DET,W,31,24,,26,41,63.4,332,2,8.1,7.98,94.8,2,15,21,76,1,3.6,64,408,6.38,2,1,3,3,4,200,19,5,0,24,5,12,0,0,5,30,0,1,1,25:51,Green Bay Packers
1,1,1,2016-09-11,Sun,,CHI,W,23,14,,16,29,55.2,185,1,6.4,5.52,71.8,5,31,20,73,1,3.7,54,258,4.78,0,0,2,2,7,296,10,3,1,14,4,13,0,2,4,30,0,1,1,23:41,Houston Texans
2,2,2,2016-09-18,Sun,,KAN,W,19,12,,20,37,54.1,172,0,4.6,4.65,66.5,4,14,19,119,0,6.3,60,291,4.85,4,4,0,0,6,285,10,3,1,14,3,14,0,0,9,77,3,0,3,26:01,Houston Texans
3,3,3,2016-09-22,Thu,@,NWE,L,0,27,,11,19,57.9,97,0,5.1,5.11,71.6,1,6,39,185,3,4.7,59,282,4.78,2,2,3,3,7,333,4,8,3,15,4,14,0,0,3,15,0,0,0,28:38,Houston Texans
4,4,4,2016-10-02,Sun,,TEN,W,27,20,,13,29,44.8,196,0,6.8,5.21,53.2,1,6,32,124,2,3.9,62,320,5.16,2,2,2,2,5,257,7,8,1,16,7,15,0,1,11,93,0,1,1,31:42,Houston Texans
5,5,5,2016-10-09,Sun,@,MIN,L,13,31,,22,30,73.3,255,2,8.5,9.83,120.8,2,16,37,96,1,2.6,69,351,5.09,1,1,4,4,5,231,13,8,1,22,7,14,0,0,9,97,0,0,0,37:28,Houston Texans
6,6,6,2016-10-16,Sun,,IND,W,26,23,OT,21,32,65.6,231,1,7.2,6.44,84.2,3,21,32,161,1,5.0,67,392,5.85,3,3,2,2,5,227,9,9,1,19,5,14,0,1,7,42,0,1,1,36:33,Houston Texans
7,7,7,2016-10-24,Mon,@,DEN,L,9,27,,14,25,56.0,157,1,6.3,7.08,88.2,0,0,35,190,2,5.4,60,347,5.78,2,2,3,3,6,255,8,11,0,19,3,11,0,0,7,83,0,0,0,30:38,Houston Texans
8,8,8,2016-10-30,Sun,,DET,W,20,13,,27,41,65.9,231,1,5.6,6.12,88.6,1,9,14,58,0,4.1,56,289,5.16,3,2,1,1,5,223,13,2,4,19,3,11,0,1,8,75,0,0,0,26:02,Houston Texans
9,9,10,2016-11-13,Sun,@,JAX,W,24,21,,32,49,65.3,247,2,5.0,4.94,82.6,2,18,22,80,0,3.6,73,327,4.48,2,2,1,1,3,115,18,3,2,23,10,17,0,1,4,48,1,1,2,32:10,Houston Texans
10,10,11,2016-11-21,Mon,@,OAK,L,20,27,,21,31,67.7,295,3,9.5,10.00,117.0,0,0,20,30,0,1.5,51,325,6.37,2,2,3,3,3,159,9,3,4,16,4,11,1,2,4,21,0,1,1,23:33,Houston Texans
11,11,12,2016-11-27,Sun,,SDG,L,13,21,,22,30,73.3,235,3,7.8,8.33,115.3,1,7,18,67,0,3.7,49,302,6.16,1,0,3,3,6,292,9,5,4,18,4,11,0,0,10,78,0,1,1,29:59,Houston Texans
12,12,13,2016-12-04,Sun,@,GNB,L,13,21,,20,30,66.7,200,2,6.7,8.00,107.6,1,9,26,109,1,4.2,57,309,5.42,0,0,3,3,5,215,9,7,0,16,4,12,1,2,4,30,1,0,1,28:29,Houston Texans
13,13,14,2016-12-11,Sun,@,IND,W,22,17,,24,45,53.3,265,2,5.9,4.78,67.4,1,11,15,83,0,5.5,61,348,5.70,2,1,2,2,2,81,13,5,3,21,5,12,0,1,9,59,1,2,3,23:55,Houston Texans
14,14,15,2016-12-18,Sun,,JAX,W,21,20,,12,28,42.9,83,0,3.0,1.36,35.4,2,9,20,67,1,3.4,50,150,3.00,2,2,2,2,6,315,4,3,2,9,3,13,0,1,12,91,0,1,1,23:18,Houston Texans
15,15,16,2016-12-24,Sat,,CIN,W,12,10,,28,41,68.3,244,1,6.0,5.34,81.8,3,24,19,50,0,2.6,63,294,4.67,2,1,1,1,8,366,12,3,0,15,7,16,1,1,6,60,0,1,1,28:54,Houston Texans
16,16,17,2017-01-01,Sun,@,TEN,L,17,24,,16,26,61.5,133,1,5.1,4.15,71.5,4,17,29,103,1,3.6,59,236,4.00,1,1,3,3,5,211,9,6,1,16,9,15,0,0,7,50,0,1,1,30:52,Houston Texans
1,1,1,2016-09-11,Sun,,DET,L,35,39,,31,39,79.5,332,3,8.5,10.05,127.8,1,8,24,116,2,4.8,64,448,7.00,1,1,5,4,4,235,20,7,1,28,5,9,0,0,8,70,0,0,0,30:36,Indianapolis Colts
2,2,2,2016-09-18,Sun,@,DEN,L,20,34,,22,33,66.7,266,0,8.1,6.70,78.6,1,0,31,134,1,4.3,65,400,6.15,5,4,2,2,2,98,13,7,4,24,5,11,0,0,8,54,0,1,1,30:41,Indianapolis Colts
3,3,3,2016-09-25,Sun,,SDG,W,26,22,,26,39,66.7,315,0,8.1,8.08,91.3,2,11,17,37,1,2.2,58,352,6.07,3,3,2,1,3,121,16,1,0,17,4,11,0,0,10,80,3,0,3,27:17,Indianapolis Colts
4,4,4,2016-10-02,Sun,@,JAX,L,27,30,,19,33,57.6,195,2,5.9,7.12,94.9,3,12,29,136,1,4.7,65,331,5.09,3,3,3,3,5,269,11,7,5,23,3,11,1,1,11,145,0,0,0,27:21,Indianapolis Colts
5,5,5,2016-10-09,Sun,,CHI,W,29,23,,33,43,76.7,397,2,9.2,10.16,120.0,0,0,19,125,0,6.6,62,522,8.42,4,3,2,2,2,92,17,7,1,25,2,9,0,1,10,80,1,0,1,30:05,Indianapolis Colts
6,6,6,2016-10-16,Sun,@,HOU,L,23,26,OT,25,39,64.1,256,2,6.6,6.44,89.3,1,13,28,158,1,5.6,68,414,6.09,2,2,3,2,5,202,15,10,1,26,5,11,0,0,7,59,0,1,1,30:17,Indianapolis Colts
7,7,7,2016-10-23,Sun,@,TEN,W,34,26,,22,37,59.5,207,2,5.6,6.68,93.0,3,25,28,124,1,4.4,68,331,4.87,2,2,2,2,4,188,12,8,6,26,9,15,0,0,6,38,1,0,1,27:30,Indianapolis Colts
8,8,8,2016-10-30,Sun,,KAN,L,14,30,,25,41,61.0,334,3,8.1,9.61,111.2,3,16,27,88,0,3.3,71,422,5.94,4,3,3,3,5,245,16,2,2,20,7,16,0,0,6,40,0,0,0,33:36,Indianapolis Colts
9,9,9,2016-11-06,Sun,@,GNB,W,31,26,,26,43,60.5,289,3,6.7,7.07,94.0,3,8,19,116,0,6.1,65,405,6.23,3,2,2,2,4,193,16,7,2,25,4,12,0,0,4,25,0,1,1,29:57,Indianapolis Colts
10,10,11,2016-11-20,Sun,,TEN,W,24,17,,25,38,65.8,254,2,6.7,7.74,102.3,5,36,27,97,0,3.6,70,351,5.01,1,1,2,2,5,219,14,3,3,20,5,14,1,3,11,109,0,0,0,31:01,Indianapolis Colts
11,11,12,2016-11-24,Thu,,PIT,L,7,28,,14,21,66.7,221,3,10.5,13.38,141.1,0,0,29,148,1,5.1,50,369,7.38,0,0,4,4,4,177,8,8,0,16,7,11,0,0,7,67,0,0,0,28:15,Indianapolis Colts
12,12,13,2016-12-05,Mon,@,NYJ,W,41,10,,16,37,43.2,214,1,5.8,2.68,37.4,1,2,14,36,0,2.6,52,250,4.81,1,1,1,1,5,230,10,2,1,13,3,11,1,2,6,90,0,3,3,21:36,Indianapolis Colts
13,13,14,2016-12-11,Sun,,HOU,L,17,22,,14,24,58.3,131,0,5.5,3.58,56.1,2,16,41,185,1,4.5,67,316,4.72,5,5,1,1,3,156,8,8,4,20,5,14,0,0,7,124,0,1,1,36:05,Indianapolis Colts
14,14,15,2016-12-18,Sun,@,MIN,W,34,6,,32,42,76.2,248,0,5.9,4.83,80.3,5,43,9,34,0,3.8,56,282,5.04,2,2,0,0,3,146,18,0,2,20,3,9,0,1,6,27,2,1,3,22:58,Indianapolis Colts
15,15,16,2016-12-24,Sat,@,OAK,L,25,33,,23,34,67.6,253,3,7.4,9.21,118.9,1,8,37,210,2,5.7,72,463,6.43,0,0,5,3,5,235,16,9,2,27,9,15,0,0,10,93,0,0,0,36:05,Indianapolis Colts
16,16,17,2017-01-01,Sun,,JAX,W,24,20,,25,39,64.1,288,1,7.4,7.90,94.8,2,13,30,182,1,6.1,71,470,6.62,4,2,2,2,4,188,15,7,1,23,4,14,0,0,8,54,2,0,2,29:36,Indianapolis Colts
1,1,1,2016-09-11,Sun,,GNB,L,23,27,,20,34,58.8,199,2,5.9,7.03,95.1,1,0,25,95,1,3.8,60,294,4.90,2,2,3,3,4,184,10,6,2,18,7,14,1,1,5,24,0,0,0,28:37,Jacksonville Jaguars
2,2,2,2016-09-18,Sun,@,SDG,L,14,38,,17,25,68.0,207,4,8.3,11.48,132.8,3,13,35,150,1,4.3,63,357,5.67,1,1,5,5,4,173,10,10,5,25,7,13,0,0,3,23,1,0,1,34:52,Jacksonville Jaguars
3,3,3,2016-09-25,Sun,,BAL,L,17,19,,29,40,72.5,199,0,5.0,2.73,62.4,2,15,22,84,1,3.8,64,283,4.42,4,4,1,1,5,243,11,3,4,18,3,13,1,1,8,58,1,2,3,31:06,Jacksonville Jaguars
4,4,4,2016-10-02,Sun,,IND,W,30,27,,27,42,64.3,190,2,4.5,4.40,80.5,6,44,25,94,1,3.8,73,284,3.89,2,2,3,3,3,149,11,7,5,23,9,17,0,2,7,78,0,1,1,32:39,Jacksonville Jaguars
5,5,6,2016-10-16,Sun,@,CHI,W,17,16,,30,49,61.2,297,0,6.1,6.06,78.4,1,5,27,92,1,3.4,77,389,5.05,3,3,1,1,6,261,16,5,1,22,7,17,0,1,10,87,0,0,0,35:47,Jacksonville Jaguars
6,6,7,2016-10-23,Sun,,OAK,L,16,33,,23,37,62.2,200,1,5.4,5.95,85.4,0,0,34,144,2,4.2,71,344,4.85,4,4,3,3,5,273,10,8,3,21,8,18,1,1,11,117,0,0,0,33:27,Jacksonville Jaguars
7,7,8,2016-10-27,Thu,@,TEN,L,22,36,,19,23,82.6,280,2,12.2,13.91,146.4,0,0,43,214,2,5.0,66,494,7.48,3,3,4,3,4,155,12,11,2,25,9,15,0,0,7,54,0,0,0,34:25,Jacksonville Jaguars
8,8,9,2016-11-06,Sun,@,KAN,L,14,19,,20,33,60.6,169,1,5.1,5.73,84.0,2,18,22,62,0,2.8,57,231,4.05,4,4,1,1,7,353,6,4,0,10,1,14,1,1,8,75,0,0,0,30:21,Jacksonville Jaguars
9,9,10,2016-11-13,Sun,,HOU,L,21,24,,14,27,51.9,92,2,3.4,4.89,84.2,1,7,33,181,0,5.5,61,273,4.48,3,1,3,3,3,138,6,9,1,16,7,15,0,1,4,89,0,0,0,27:50,Jacksonville Jaguars
10,10,11,2016-11-20,Sun,@,DET,L,19,26,,24,33,72.7,263,0,8.0,7.97,95.9,3,15,21,14,1,0.7,57,277,4.86,2,2,3,2,6,291,12,1,1,14,5,14,0,0,5,32,2,0,2,27:05,Jacksonville Jaguars
11,11,12,2016-11-27,Sun,@,BUF,L,21,28,,12,18,66.7,151,1,8.4,9.50,111.1,5,15,29,153,3,5.3,52,304,5.85,0,0,3,2,6,264,7,6,2,15,5,12,1,1,6,31,0,0,0,26:25,Jacksonville Jaguars
12,12,13,2016-12-04,Sun,,DEN,L,10,20,,12,24,50.0,102,0,4.3,4.25,61.5,2,2,28,104,1,3.7,54,206,3.81,2,2,2,2,11,506,5,4,1,10,1,13,0,0,4,32,0,0,0,25:26,Jacksonville Jaguars
13,13,14,2016-12-11,Sun,,MIN,L,16,25,,24,34,70.6,292,1,8.6,9.18,106.5,0,0,29,85,1,2.9,63,377,5.98,4,4,2,1,1,42,13,5,4,22,3,11,0,1,7,93,1,0,1,30:56,Jacksonville Jaguars
14,14,15,2016-12-18,Sun,@,HOU,L,20,21,,29,47,61.7,308,0,6.6,4.64,63.1,0,0,31,79,1,2.5,78,387,4.96,4,4,1,1,5,226,13,6,4,23,4,14,0,1,6,71,0,2,2,36:42,Jacksonville Jaguars
15,15,16,2016-12-24,Sat,,TEN,W,38,17,,21,44,47.7,205,2,4.7,4.55,67.0,3,18,20,58,0,2.9,67,263,3.93,1,1,2,2,7,313,14,4,1,19,5,14,0,1,6,49,0,1,1,27:29,Jacksonville Jaguars
16,16,17,2017-01-01,Sun,@,IND,L,20,24,,24,41,58.5,290,2,7.1,6.95,86.4,4,31,22,94,1,4.3,67,384,5.73,2,1,3,3,5,203,18,4,2,24,2,10,1,1,4,35,1,1,2,30:24,Jacksonville Jaguars
1,1,1,2016-09-11,Sun,,SDG,W,33,27,OT,25,36,69.4,233,1,6.5,7.03,96.2,1,10,32,155,2,4.8,69,388,5.62,3,2,3,3,5,178,12,10,3,25,7,15,0,0,5,30,0,0,0,34:01,Kansas City Chiefs
2,2,2,2016-09-18,Sun,@,HOU,L,12,19,,19,33,57.6,254,1,7.7,5.58,67.0,2,14,34,97,0,2.9,69,351,5.09,5,4,1,1,5,249,12,2,1,15,4,15,1,1,5,44,0,2,2,33:59,Kansas City Chiefs
3,3,3,2016-09-25,Sun,,NYJ,W,24,3,,20,44,45.5,188,0,4.3,-1.86,18.2,0,0,22,117,0,5.3,66,305,4.62,1,1,0,0,2,86,9,6,2,17,7,14,1,2,3,15,2,6,8,27:55,Kansas City Chiefs
4,4,4,2016-10-02,Sun,@,PIT,L,14,43,,22,27,81.5,287,5,10.6,14.33,150.5,2,13,26,149,1,5.7,55,436,7.93,0,0,5,5,5,211,13,4,1,18,6,11,0,0,9,68,0,0,0,29:24,Kansas City Chiefs
5,5,6,2016-10-16,Sun,@,OAK,W,26,10,,22,34,64.7,221,1,6.5,5.76,80.6,2,4,17,64,0,3.8,53,285,5.38,2,1,1,1,3,159,13,3,0,16,4,10,0,2,3,25,1,1,2,23:15,Kansas City Chiefs
6,6,7,2016-10-23,Sun,,NOR,W,27,21,,37,48,77.1,359,3,7.5,7.79,109.6,1,8,22,104,0,4.7,71,463,6.52,0,0,3,3,4,193,20,6,1,27,9,14,0,0,10,75,1,1,2,32:38,Kansas City Chiefs
7,7,8,2016-10-30,Sun,@,IND,W,30,14,,19,35,54.3,172,2,4.9,4.77,74.9,6,38,21,105,0,5.0,62,277,4.47,0,0,2,2,7,347,12,6,0,18,4,13,1,2,5,45,1,1,2,26:24,Kansas City Chiefs
8,8,9,2016-11-06,Sun,,JAX,W,19,14,,22,41,53.7,244,2,6.0,5.83,77.7,2,8,32,205,0,6.4,75,449,5.99,1,0,2,2,4,167,17,6,2,25,5,13,0,2,5,46,3,1,4,29:39,Kansas City Chiefs
9,9,10,2016-11-13,Sun,@,CAR,W,20,17,,23,38,60.5,242,1,6.4,5.71,76.9,2,19,29,99,1,3.4,69,341,4.94,1,1,2,2,5,223,13,7,2,22,6,14,1,1,6,53,1,1,2,35:12,Kansas City Chiefs
10,10,11,2016-11-20,Sun,,TAM,L,17,19,,24,39,61.5,326,1,8.4,8.87,96.7,1,5,34,116,0,3.4,74,442,5.97,4,4,1,1,2,80,19,5,3,27,11,16,0,0,7,42,1,0,1,35:18,Kansas City Chiefs
11,11,12,2016-11-27,Sun,@,DEN,W,30,27,OT,20,34,58.8,340,3,10.0,11.76,122.2,5,28,38,124,0,3.3,77,464,6.03,3,2,3,3,6,271,12,6,3,21,9,20,1,1,15,97,1,0,1,37:19,Kansas City Chiefs
12,12,13,2016-12-04,Sun,@,ATL,W,29,28,,22,34,64.7,290,1,8.5,7.79,89.1,2,7,30,128,2,4.3,66,418,6.33,3,3,1,1,1,46,15,11,6,32,6,10,0,1,5,30,0,1,1,31:52,Kansas City Chiefs
13,13,14,2016-12-08,Thu,,OAK,W,21,13,,17,41,41.5,109,0,2.7,2.66,49.1,1,8,31,135,1,4.4,73,244,3.34,2,2,1,1,8,348,8,8,2,18,5,18,1,3,10,82,0,0,0,31:45,Kansas City Chiefs
14,14,15,2016-12-18,Sun,,TEN,L,17,19,,19,33,57.6,241,0,7.3,5.94,67.9,1,0,29,148,2,5.1,63,389,6.17,2,2,1,1,4,142,9,11,1,21,6,14,1,1,2,25,2,1,3,30:35,Kansas City Chiefs
15,15,16,2016-12-25,Sun,,DEN,W,33,10,,17,43,39.5,183,0,4.3,3.21,43.1,0,0,14,63,1,4.5,57,246,4.32,1,1,1,1,7,326,9,3,2,14,4,15,1,2,9,70,2,1,3,21:59,Kansas City Chiefs
16,16,17,2017-01-01,Sun,@,SDG,W,37,27,,22,38,57.9,269,2,7.1,5.76,75.4,0,0,26,129,0,5.0,64,398,6.22,2,2,3,3,1,49,16,8,2,26,3,10,2,2,10,50,0,2,2,29:12,Kansas City Chiefs
1,1,1,2016-09-11,Sun,@,KAN,L,27,33,OT,34,48,70.8,330,2,6.9,6.77,95.0,3,33,19,83,2,4.4,70,413,5.90,2,2,3,3,5,197,19,6,1,26,5,14,2,2,6,46,0,1,1,31:06,Los Angeles Chargers
2,2,2,2016-09-18,Sun,,JAX,W,38,14,,31,50,62.0,319,2,6.4,5.38,77.0,2,10,11,69,0,6.3,63,388,6.16,1,0,2,2,4,179,13,6,1,20,2,11,1,2,14,93,1,2,3,25:08,Los Angeles Chargers
3,3,3,2016-09-25,Sun,@,IND,L,22,26,,24,37,64.9,317,1,8.6,7.89,89.6,2,14,26,93,2,3.6,65,410,6.31,2,2,2,2,3,121,13,6,5,24,2,9,1,1,11,66,1,1,2,32:43,Los Angeles Chargers
4,4,4,2016-10-02,Sun,,NOR,L,34,35,,23,36,63.9,192,2,5.3,3.94,72.9,2,15,34,83,3,2.4,72,275,3.82,0,0,5,5,5,256,15,6,0,21,11,18,1,1,6,34,0,2,2,32:39,Los Angeles Chargers
5,5,5,2016-10-09,Sun,@,OAK,L,31,34,,25,40,62.5,300,2,7.5,7.38,91.7,3,17,25,89,1,3.6,68,389,5.72,5,4,2,2,3,139,12,6,1,19,5,14,1,1,6,36,0,1,1,36:18,Los Angeles Chargers
6,6,6,2016-10-13,Thu,,DEN,W,21,13,,30,50,60.0,220,1,4.4,4.80,77.1,2,10,16,84,0,5.3,68,304,4.47,3,2,1,1,5,221,10,6,0,16,6,15,0,1,12,103,2,0,2,26:32,Los Angeles Chargers
7,7,7,2016-10-23,Sun,@,ATL,W,33,30,OT,22,34,64.7,256,1,7.5,6.79,84.9,3,17,26,130,1,5.0,63,386,6.13,4,3,3,3,2,101,13,8,0,21,6,12,0,1,9,70,0,1,1,30:30,Los Angeles Chargers
8,8,8,2016-10-30,Sun,@,DEN,L,19,27,,20,38,52.6,267,0,7.0,5.84,64.3,1,9,25,57,2,2.3,64,324,5.06,2,2,3,3,5,253,10,5,0,15,5,15,0,1,6,45,2,1,3,26:52,Los Angeles Chargers
9,9,9,2016-11-06,Sun,,TEN,W,43,35,,27,43,62.8,313,3,7.3,6.58,88.6,0,0,19,80,2,4.2,62,393,6.34,0,0,5,5,4,182,15,6,3,24,5,11,1,1,8,57,1,2,3,23:31,Los Angeles Chargers
10,10,10,2016-11-13,Sun,,MIA,L,24,31,,17,24,70.8,231,2,9.6,11.29,129.0,1,9,25,106,1,4.2,50,337,6.74,1,1,4,4,5,258,11,5,1,17,4,10,0,0,11,81,1,0,1,27:01,Los Angeles Chargers
11,11,12,2016-11-27,Sun,@,HOU,W,21,13,,22,37,59.5,239,0,6.5,2.81,44.8,1,7,27,114,1,4.2,65,353,5.43,2,2,1,1,4,189,14,6,2,22,4,11,1,2,9,58,1,3,4,30:01,Los Angeles Chargers
12,12,13,2016-12-04,Sun,,TAM,L,21,28,,20,30,66.7,268,1,8.9,8.10,92.1,1,12,30,81,1,2.7,61,349,5.72,3,2,2,2,2,108,14,5,1,20,5,13,1,1,6,35,0,1,1,31:41,Los Angeles Chargers
13,13,14,2016-12-11,Sun,@,CAR,L,16,28,,10,27,37.0,146,1,5.4,4.48,52.4,2,14,38,126,1,3.3,67,272,4.06,4,4,2,2,5,215,9,6,2,17,5,15,1,1,5,35,0,1,1,32:37,Los Angeles Chargers
14,14,15,2016-12-18,Sun,,OAK,L,16,19,,19,30,63.3,200,1,6.7,5.83,79.9,2,13,29,145,0,5.0,61,345,5.66,4,4,1,1,3,153,9,8,1,18,4,13,0,0,2,15,1,1,2,32:17,Los Angeles Chargers
15,15,16,2016-12-24,Sat,@,CLE,L,17,20,,19,28,67.9,127,0,4.5,4.54,77.5,9,48,29,124,2,4.3,66,251,3.80,2,2,2,2,6,258,10,8,5,23,6,15,1,1,4,44,0,0,0,32:29,Los Angeles Chargers
16,16,17,2017-01-01,Sun,,KAN,L,27,37,,21,28,75.0,262,2,9.4,9.18,112.5,1,2,31,103,1,3.3,60,365,6.08,3,3,4,4,1,44,17,5,4,26,8,12,0,0,4,19,0,1,1,30:48,Los Angeles Chargers
1,1,1,2016-09-12,Mon,@,SFO,L,0,28,,22,35,62.9,170,1,4.9,5.43,84.2,0,0,42,150,3,3.6,77,320,4.16,0,0,4,4,7,319,10,11,7,28,8,17,1,2,2,10,1,0,1,32:10,Los Angeles Rams
2,2,2,2016-09-18,Sun,,SEA,W,9,3,,22,35,62.9,239,0,6.8,6.83,82.9,2,15,24,67,0,2.8,61,306,5.02,1,1,0,0,7,309,10,4,3,17,4,13,0,0,10,114,1,0,1,30:03,Los Angeles Rams
3,3,3,2016-09-25,Sun,@,TAM,W,37,32,,36,58,62.1,389,3,6.7,6.97,91.8,2,16,22,83,1,3.8,82,472,5.76,1,0,3,2,4,191,21,6,3,30,8,16,2,2,9,80,1,1,2,33:36,Los Angeles Rams
4,4,4,2016-10-02,Sun,@,ARI,W,17,13,,27,47,57.4,302,1,6.4,3.98,57.2,3,23,25,118,0,4.7,75,420,5.60,2,2,1,1,4,169,17,6,3,26,6,13,0,0,6,45,2,3,5,32:09,Los Angeles Rams
5,5,5,2016-10-09,Sun,,BUF,L,19,30,,12,23,52.2,112,2,4.9,6.61,94.8,2,12,27,193,1,7.1,52,305,5.87,1,1,4,3,6,276,6,8,1,15,4,12,0,0,7,60,0,0,0,24:26,Los Angeles Rams
6,6,6,2016-10-16,Sun,@,DET,L,28,31,,23,31,74.2,265,4,8.5,11.13,139.1,1,5,26,83,0,3.2,58,348,6.00,1,1,4,4,2,104,12,6,2,20,6,11,2,2,7,62,0,0,0,32:12,Los Angeles Rams
7,7,7,2016-10-23,Sun,,NYG,L,10,17,,24,37,64.9,196,0,5.3,5.30,78.2,0,0,20,36,1,1.8,57,232,4.07,1,1,2,2,8,398,9,4,0,13,4,19,0,0,3,33,1,0,1,24:57,Los Angeles Rams
8,8,9,2016-11-06,Sun,,CAR,L,10,13,,20,32,62.5,185,1,5.8,6.41,88.7,5,40,25,59,0,2.4,62,244,3.94,3,2,1,1,6,282,11,3,2,16,6,15,0,0,5,35,0,0,0,34:12,Los Angeles Rams
9,9,10,2016-11-13,Sun,@,NYJ,W,9,6,,19,32,59.4,157,1,4.9,4.13,69.4,1,6,25,139,0,5.6,58,296,5.10,0,0,1,0,8,342,8,6,3,17,4,12,0,0,4,31,0,1,1,25:31,Los Angeles Rams
10,10,11,2016-11-20,Sun,,MIA,L,10,14,,24,34,70.6,142,2,4.2,4.03,85.7,4,30,19,98,0,5.2,57,240,4.21,0,0,2,2,10,453,10,5,2,17,1,11,0,0,8,82,0,1,1,28:41,Los Angeles Rams
11,11,12,2016-11-27,Sun,@,NOR,L,21,49,,29,37,78.4,346,5,9.4,12.05,145.2,2,14,32,209,2,6.5,71,555,7.82,0,0,7,7,4,179,17,9,1,27,6,13,2,2,6,45,1,0,1,35:56,Los Angeles Rams
12,12,13,2016-12-04,Sun,@,NWE,L,10,26,,33,46,71.7,269,1,5.8,6.28,93.5,0,0,29,133,1,4.6,75,402,5.36,4,4,2,2,6,247,14,6,0,20,4,16,2,2,8,46,0,0,0,37:57,Los Angeles Rams
13,13,14,2016-12-11,Sun,,ATL,L,14,42,,18,30,60.0,220,3,7.3,9.33,116.0,2,17,25,66,1,2.6,57,286,5.02,0,0,6,6,8,415,12,3,3,18,4,13,0,0,5,40,0,0,0,27:08,Los Angeles Rams
14,14,15,2016-12-15,Thu,@,SEA,L,3,24,,19,26,73.1,227,3,8.7,9.31,121.8,2,2,30,72,0,2.4,58,299,5.16,1,1,3,3,3,108,8,6,5,19,7,15,1,1,13,86,0,1,1,32:31,Los Angeles Rams
15,15,16,2016-12-24,Sat,,SFO,L,21,22,,28,37,75.7,253,2,6.8,6.70,100.4,4,13,29,70,1,2.4,70,323,4.61,0,0,2,2,9,372,14,5,2,21,6,16,1,1,11,100,1,1,2,31:03,Los Angeles Rams
16,16,17,2017-01-01,Sun,,ARI,L,6,44,,22,42,52.4,260,3,6.2,5.48,75.5,1,3,24,84,1,3.5,67,344,5.13,3,3,5,5,4,147,15,3,3,21,4,14,1,2,4,51,0,2,2,27:58,Los Angeles Rams
1,1,1,2016-09-11,Sun,@,NOR,W,35,34,,28,42,66.7,419,4,10.0,11.88,131.0,1,4,22,88,0,4.0,65,507,7.80,4,2,4,4,2,95,16,7,4,27,4,11,1,1,7,53,1,0,1,29:35,Las Vegas Raiders
2,2,2,2016-09-18,Sun,,ATL,L,28,35,,26,34,76.5,389,3,11.4,11.88,130.6,1,7,29,139,1,4.8,64,528,8.25,2,2,3,3,3,132,18,8,1,27,5,10,0,0,7,73,0,1,1,27:15,Las Vegas Raiders
3,3,3,2016-09-25,Sun,@,TEN,W,17,10,,17,33,51.5,212,0,6.4,3.70,46.5,1,2,29,181,1,6.2,63,393,6.24,1,1,1,1,6,311,9,10,0,19,2,12,0,1,8,70,1,2,3,30:57,Las Vegas Raiders
4,4,4,2016-10-02,Sun,@,BAL,W,28,27,,32,52,61.5,282,1,5.4,5.81,82.4,2,16,26,130,2,5.0,80,412,5.15,2,2,1,1,7,342,15,7,3,25,5,17,1,2,10,105,1,0,1,34:44,Las Vegas Raiders
5,5,5,2016-10-09,Sun,,SDG,W,34,31,,21,30,70.0,351,4,11.7,11.37,121.0,2,8,19,72,0,3.8,51,423,8.29,1,1,4,4,1,16,13,3,1,17,2,8,0,1,4,38,2,2,4,23:42,Las Vegas Raiders
6,6,6,2016-10-16,Sun,,KAN,L,10,26,,19,23,82.6,223,0,9.7,9.70,107.1,1,1,40,183,3,4.6,64,406,6.34,3,2,3,2,3,122,11,11,0,22,7,13,0,0,2,10,0,0,0,36:45,Las Vegas Raiders
7,7,7,2016-10-23,Sun,@,JAX,W,33,16,,23,43,53.5,239,1,5.6,3.93,58.2,1,7,16,105,0,6.6,60,344,5.73,3,3,1,1,5,239,11,4,4,19,4,13,0,0,13,122,1,2,3,26:33,Las Vegas Raiders
8,8,8,2016-10-30,Sun,@,TAM,W,30,24,OT,16,32,50.0,168,2,5.3,6.50,86.5,2,12,27,102,1,3.8,61,270,4.43,1,1,2,1,8,384,9,3,6,18,4,13,0,0,6,64,0,0,0,29:03,Las Vegas Raiders
9,9,9,2016-11-06,Sun,,DEN,W,30,20,,18,37,48.6,266,2,7.2,7.05,79.3,2,17,12,33,0,2.8,51,299,5.86,2,2,2,2,6,267,9,1,3,13,3,11,0,1,12,104,1,1,2,18:32,Las Vegas Raiders
10,10,11,2016-11-21,Mon,,HOU,W,27,20,,26,39,66.7,230,1,5.9,5.26,80.1,2,13,33,124,1,3.8,74,354,4.78,2,2,2,2,3,156,14,6,2,22,8,16,1,2,7,101,1,1,2,36:27,Las Vegas Raiders
11,11,12,2016-11-27,Sun,,CAR,W,35,32,,14,29,48.3,229,2,7.9,7.72,83.8,2,17,25,129,3,5.2,56,358,6.39,0,0,3,2,6,280,8,7,4,19,3,10,0,1,7,67,1,1,2,26:23,Las Vegas Raiders
12,12,13,2016-12-04,Sun,,BUF,W,38,24,,18,35,51.4,170,0,4.9,3.57,53.3,4,21,30,212,3,7.1,69,382,5.54,1,1,3,3,5,199,12,11,1,24,9,15,0,0,8,73,1,1,2,30:15,Las Vegas Raiders
13,13,14,2016-12-08,Thu,@,KAN,L,13,21,,17,26,65.4,258,1,9.9,8.96,94.7,1,6,27,65,1,2.4,54,323,5.98,0,0,3,3,5,168,9,4,1,14,5,11,0,1,9,73,2,1,3,28:15,Las Vegas Raiders
14,14,15,2016-12-18,Sun,@,SDG,W,19,16,,17,30,56.7,190,2,6.3,6.17,84.0,3,16,22,73,0,3.3,55,263,4.78,1,1,2,1,5,274,12,2,0,14,8,15,0,1,6,44,1,1,2,27:43,Las Vegas Raiders
15,15,16,2016-12-24,Sat,,IND,W,33,25,,19,29,65.5,288,2,9.9,8.21,92.3,0,0,24,102,1,4.3,53,390,7.36,1,1,2,2,2,100,14,5,1,20,4,8,0,1,4,22,1,2,3,23:55,Las Vegas Raiders
16,16,17,2017-01-01,Sun,@,DEN,L,6,24,,17,27,63.0,206,2,7.6,7.44,95.6,0,0,40,143,1,3.6,67,349,5.21,2,1,3,3,5,224,8,5,5,18,5,15,1,3,5,43,0,1,1,35:25,Las Vegas Raiders
1,1,1,2016-09-11,Sun,@,SEA,L,10,12,,27,43,62.8,240,1,5.6,5.00,75.7,3,18,32,112,0,3.5,78,352,4.51,2,2,1,0,6,253,16,4,1,21,5,16,2,3,8,69,1,1,2,34:32,Miami Dolphins
2,2,2,2016-09-18,Sun,@,NWE,L,24,31,,24,35,68.6,302,3,8.6,10.34,123.7,2,22,38,161,1,4.2,75,463,6.17,2,1,4,4,4,128,15,11,3,29,7,14,0,0,7,65,1,0,1,36:46,Miami Dolphins
3,3,3,2016-09-25,Sun,,CLE,W,30,24,OT,24,38,63.2,261,0,6.9,6.87,83.3,4,18,32,169,1,5.3,74,430,5.81,6,3,1,1,5,223,10,8,3,21,4,15,0,0,13,91,1,0,1,37:22,Miami Dolphins
4,4,4,2016-09-29,Thu,@,CIN,L,7,22,,22,31,71.0,285,1,9.2,9.84,110.3,1,11,37,77,0,2.1,69,362,5.25,5,5,1,1,4,184,13,4,2,19,3,15,1,1,6,40,0,0,0,38:02,Miami Dolphins
5,5,5,2016-10-09,Sun,,TEN,L,17,30,,20,29,69.0,163,3,5.6,7.69,117.5,0,0,41,235,1,5.7,70,398,5.69,1,1,4,3,5,175,8,13,2,23,5,12,0,1,5,40,0,0,0,36:44,Miami Dolphins
6,6,6,2016-10-16,Sun,,PIT,W,30,15,,19,35,54.3,169,1,4.8,2.83,53.2,2,20,16,128,1,8.0,53,297,5.60,0,0,1,1,5,180,11,3,1,15,3,11,0,1,6,65,0,2,2,23:30,Miami Dolphins
7,7,7,2016-10-23,Sun,,BUF,W,28,25,,14,28,50.0,200,1,7.1,7.86,85.4,4,21,22,67,2,3.0,54,267,4.94,1,1,2,2,7,316,9,4,3,16,3,13,0,0,6,45,0,0,0,22:58,Miami Dolphins
8,8,9,2016-11-06,Sun,,NYJ,W,27,23,,18,29,62.1,191,1,6.6,4.17,64.0,3,22,21,140,1,6.7,53,331,6.25,3,3,2,2,3,121,10,3,5,18,3,11,0,0,10,77,0,2,2,29:38,Miami Dolphins
9,9,10,2016-11-13,Sun,@,SDG,W,31,24,,23,44,52.3,309,3,7.0,4.30,59.8,3,17,24,70,0,2.9,71,379,5.34,1,1,3,3,4,199,19,3,7,29,6,11,0,0,4,29,0,4,4,32:59,Miami Dolphins
10,10,11,2016-11-20,Sun,@,LAR,W,14,10,,17,31,54.8,125,0,4.0,4.03,64.6,1,9,28,102,1,3.6,60,227,3.78,2,1,1,1,8,364,6,3,3,12,2,13,1,1,8,70,1,0,1,31:19,Miami Dolphins
11,11,12,2016-11-27,Sun,,SFO,W,31,24,,29,46,63.0,282,3,6.1,6.46,92.8,2,14,25,193,0,7.7,73,475,6.51,1,1,3,3,4,189,15,9,1,25,7,14,2,2,7,65,1,1,2,29:28,Miami Dolphins
12,12,13,2016-12-04,Sun,@,BAL,L,6,38,,37,50,74.0,386,4,7.7,8.42,114.2,0,0,20,110,1,5.5,70,496,7.09,1,1,5,5,3,93,20,8,0,28,5,11,2,2,7,68,1,1,2,29:14,Miami Dolphins
13,13,14,2016-12-11,Sun,,ARI,W,26,23,,18,33,54.5,125,2,3.8,2.27,58.3,3,20,27,175,1,6.5,63,300,4.76,2,1,2,0,5,236,10,6,5,21,4,13,0,0,7,54,2,2,4,29:56,Miami Dolphins
14,14,15,2016-12-17,Sat,@,NYJ,W,34,13,,25,46,54.3,244,1,5.3,2.80,49.5,3,22,23,116,0,5.0,72,360,5.00,2,2,1,1,4,119,10,8,2,20,5,15,0,3,3,42,1,3,4,32:32,Miami Dolphins
15,15,16,2016-12-24,Sat,@,BUF,W,34,31,OT,26,39,66.7,317,3,8.1,9.67,117.1,2,12,49,272,1,5.6,90,589,6.54,3,1,4,4,4,169,15,14,1,30,8,18,1,2,5,35,0,0,0,40:33,Miami Dolphins
16,16,17,2017-01-01,Sun,,NWE,L,14,35,,25,34,73.5,276,3,8.1,9.88,126.6,0,0,29,120,1,4.1,63,396,6.29,3,2,3,3,3,146,12,8,2,22,7,12,0,0,7,64,0,0,0,31:22,Miami Dolphins
1,1,1,2016-09-11,Sun,@,TEN,W,25,16,,25,41,61.0,252,2,6.1,6.02,84.6,2,19,22,64,0,2.9,65,316,4.86,1,1,1,1,5,231,16,2,1,19,8,14,0,0,2,10,2,1,3,30:25,Minnesota Vikings
2,2,2,2016-09-18,Sun,,GNB,W,17,14,,20,36,55.6,180,1,5.0,4.31,66.9,5,33,23,83,1,3.6,64,263,4.11,0,0,2,2,5,193,10,5,5,20,6,13,0,1,6,72,2,1,3,29:42,Minnesota Vikings
3,3,3,2016-09-25,Sun,@,CAR,W,22,10,,22,36,61.1,201,0,5.6,1.83,41.6,8,64,28,105,1,3.8,72,306,4.25,2,1,1,1,4,189,10,6,2,18,6,16,0,2,10,65,0,3,3,34:52,Minnesota Vikings
4,4,4,2016-10-03,Mon,,NYG,W,24,10,,25,45,55.6,261,0,5.8,4.80,63.3,0,0,18,78,1,4.3,63,339,5.38,1,1,1,1,6,280,9,6,3,18,2,12,0,2,8,69,1,1,2,24:28,Minnesota Vikings
5,5,5,2016-10-09,Sun,,HOU,W,31,13,,19,42,45.2,155,1,3.7,3.10,53.2,4,29,14,59,0,4.2,60,214,3.57,3,2,1,1,5,257,8,4,4,16,1,13,0,1,4,15,0,1,1,22:32,Minnesota Vikings
6,6,7,2016-10-23,Sun,@,PHI,L,10,21,,16,28,57.1,138,1,4.9,2.43,52.4,0,0,26,101,0,3.9,54,239,4.43,2,2,1,1,4,202,9,5,1,15,4,11,1,1,7,53,2,2,4,27:52,Minnesota Vikings
7,7,8,2016-10-31,Mon,@,CHI,L,10,20,,20,31,64.5,245,1,7.9,8.55,99.5,1,7,29,158,1,5.4,61,403,6.61,2,2,2,2,5,222,12,7,0,19,7,14,0,0,2,20,0,0,0,32:41,Minnesota Vikings
8,8,9,2016-11-06,Sun,,DET,L,16,22,OT,23,36,63.9,214,2,5.9,5.81,87.0,1,5,25,97,0,3.9,62,311,5.02,3,3,1,1,5,262,12,3,3,18,7,14,0,0,6,57,0,1,1,33:31,Minnesota Vikings
9,9,10,2016-11-13,Sun,@,WAS,L,20,26,,22,33,66.7,260,2,7.9,9.09,110.7,1,2,28,128,0,4.6,62,388,6.26,4,4,2,2,2,92,17,6,0,23,6,12,0,0,4,35,1,0,1,29:56,Minnesota Vikings
10,10,11,2016-11-20,Sun,,ARI,W,30,24,,20,38,52.6,155,2,4.1,2.76,58.6,4,43,28,135,1,4.8,70,290,4.14,1,1,3,3,5,224,12,8,4,24,4,13,0,1,8,96,0,2,2,31:02,Minnesota Vikings
11,11,12,2016-11-24,Thu,@,DET,L,13,16,,23,40,57.5,214,1,5.4,5.85,80.6,2,18,19,94,0,4.9,61,308,5.05,3,3,1,1,4,168,13,5,0,18,6,14,0,2,4,16,0,0,0,28:29,Minnesota Vikings
12,12,13,2016-12-01,Thu,,DAL,L,15,17,,12,18,66.7,124,1,6.9,8.00,104.9,3,15,28,140,1,5.0,49,264,5.39,1,1,2,2,6,277,6,7,0,13,1,9,0,0,10,78,2,0,2,26:43,Minnesota Vikings
13,13,14,2016-12-11,Sun,@,JAX,W,25,16,,23,37,62.2,230,1,6.2,6.76,88.8,4,27,24,85,0,3.5,65,315,4.85,5,3,1,1,4,163,11,3,4,18,7,16,1,1,14,114,0,0,0,29:04,Minnesota Vikings
14,14,15,2016-12-18,Sun,,IND,L,6,34,,21,28,75.0,250,2,8.9,10.36,125.6,0,0,40,161,2,4.0,68,411,6.04,2,2,4,4,3,127,14,9,4,27,7,13,0,1,5,55,0,0,0,37:02,Minnesota Vikings
15,15,16,2016-12-24,Sat,@,GNB,L,25,38,,28,39,71.8,308,4,7.9,9.95,129.0,4,39,15,40,1,2.7,58,348,6.00,1,1,5,5,6,259,18,1,0,19,6,13,0,0,3,21,0,0,0,28:59,Minnesota Vikings
16,16,17,2017-01-01,Sun,,CHI,W,38,10,,13,20,65.0,140,1,7.0,3.50,62.5,2,9,37,183,0,4.9,59,323,5.47,1,1,1,1,3,143,9,10,0,19,2,9,1,2,6,49,3,2,5,29:48,Minnesota Vikings
1,1,1,2016-09-11,Sun,@,ARI,W,23,21,,24,37,64.9,252,2,6.8,7.89,102.5,3,19,19,92,1,4.8,59,344,5.83,1,0,3,3,5,180,14,6,1,21,6,12,0,0,6,58,0,0,0,26:01,New England Patriots
2,2,2,2016-09-18,Sun,,MIA,W,31,24,,32,45,71.1,387,2,8.6,7.49,93.5,0,0,16,70,1,4.4,61,457,7.49,1,1,3,3,4,199,19,2,2,23,5,10,0,1,5,49,2,2,4,23:14,New England Patriots
3,3,3,2016-09-22,Thu,,HOU,W,27,0,,24,41,58.5,175,0,4.3,3.17,58.5,2,21,27,109,0,4.0,70,284,4.06,0,0,0,0,6,294,10,9,0,19,6,15,0,3,6,43,2,1,3,31:22,New England Patriots
4,4,4,2016-10-02,Sun,,BUF,L,0,16,,27,39,69.2,244,1,6.3,6.77,94.4,2,2,32,134,0,4.2,73,378,5.18,4,3,1,1,4,163,15,7,2,24,7,15,0,0,6,60,0,0,0,36:11,New England Patriots
5,5,5,2016-10-09,Sun,@,CLE,W,33,13,,20,35,57.1,235,2,6.7,6.57,84.8,2,14,22,27,0,1.2,59,262,4.44,0,0,1,1,6,267,12,2,3,17,5,13,0,1,5,35,0,1,1,25:21,New England Patriots
6,6,6,2016-10-16,Sun,,CIN,W,35,17,,21,31,67.7,237,1,7.6,8.29,101.1,2,17,32,120,1,3.8,65,357,5.49,1,1,2,2,4,164,12,7,1,20,5,12,1,2,7,46,0,0,0,32:03,New England Patriots
7,7,7,2016-10-23,Sun,@,PIT,W,27,16,,29,47,61.7,281,1,6.0,5.45,76.6,0,0,22,94,0,4.3,69,375,5.43,5,3,1,1,4,195,11,5,1,17,5,16,1,2,10,85,0,1,1,32:29,New England Patriots
8,8,8,2016-10-30,Sun,@,BUF,W,41,25,,20,40,50.0,209,0,5.2,5.23,65.5,2,9,26,167,3,6.4,68,376,5.53,2,1,2,2,3,131,11,8,6,25,4,13,2,4,12,84,0,0,0,30:09,New England Patriots
9,9,10,2016-11-13,Sun,,SEA,L,24,31,,25,37,67.6,324,3,8.8,10.38,121.9,3,24,26,96,0,3.7,66,420,6.36,4,4,2,1,2,105,18,3,2,23,6,12,0,0,8,60,0,0,0,30:25,New England Patriots
10,10,11,2016-11-20,Sun,@,SFO,W,30,17,,16,30,53.3,177,2,5.9,7.23,93.3,5,29,27,122,0,4.5,62,299,4.82,1,1,2,2,8,333,11,8,1,20,5,14,0,0,10,68,0,0,0,30:48,New England Patriots
11,11,12,2016-11-27,Sun,@,NYJ,W,22,17,,22,32,68.8,269,2,8.4,9.66,115.2,1,0,23,64,0,2.8,56,333,5.95,2,1,2,2,4,178,10,5,1,16,5,11,0,0,6,66,2,0,2,29:24,New England Patriots
12,12,13,2016-12-04,Sun,,LAR,W,26,10,,14,32,43.8,126,1,3.9,1.75,39.3,4,35,13,36,0,2.8,49,162,3.31,1,1,1,1,8,430,5,2,0,7,1,12,1,1,4,30,0,2,2,22:03,New England Patriots
13,13,14,2016-12-12,Mon,,BAL,W,30,23,,37,52,71.2,306,2,5.9,5.79,90.7,2,18,14,42,0,3.0,68,348,5.12,4,3,2,2,6,289,13,3,1,17,6,16,0,0,8,47,0,1,1,30:46,New England Patriots
14,14,15,2016-12-18,Sun,@,DEN,W,16,3,,25,40,62.5,251,0,6.3,5.15,69.9,4,31,17,58,0,3.4,61,309,5.07,1,1,0,0,7,325,10,4,1,15,2,12,0,1,5,49,2,1,3,26:24,New England Patriots
15,15,16,2016-12-24,Sat,,NYJ,W,41,3,,8,24,33.3,128,0,5.3,-0.29,12.5,2,8,29,111,0,3.8,55,239,4.35,2,1,0,0,4,180,6,7,1,14,1,11,2,3,6,77,1,3,4,25:17,New England Patriots
16,16,17,2017-01-01,Sun,@,MIA,W,35,14,,24,34,70.6,205,2,6.0,5.88,93.4,0,0,23,75,0,3.3,57,280,4.91,0,0,2,2,5,206,13,3,0,16,7,12,0,0,9,73,1,1,2,28:38,New England Patriots
1,1,1,2016-09-11,Sun,,OAK,L,34,35,,24,38,63.2,319,1,8.4,8.92,98.5,0,0,26,167,3,6.4,64,486,7.59,2,2,1,1,4,199,14,8,3,25,4,11,0,0,14,141,0,0,0,30:25,New Orleans Saints
2,2,2,2016-09-18,Sun,@,NYG,L,13,16,,32,41,78.0,353,0,8.6,8.61,102.5,2,15,32,64,0,2.0,75,417,5.56,4,3,1,1,2,116,15,5,2,22,7,15,0,1,3,25,3,0,3,34:07,New Orleans Saints
3,3,3,2016-09-26,Mon,,ATL,L,32,45,,20,30,66.7,225,2,7.5,8.83,111.1,2,15,31,217,3,7.0,63,442,7.02,1,1,6,6,2,90,13,11,2,26,5,11,2,2,4,35,0,0,0,27:26,New Orleans Saints
4,4,4,2016-10-02,Sun,@,SDG,W,35,34,,28,43,65.1,308,2,7.2,7.05,92.0,3,13,21,38,2,1.8,67,346,5.16,2,2,4,4,4,176,15,5,1,21,6,13,0,1,5,46,2,1,3,27:21,New Orleans Saints
5,5,6,2016-10-16,Sun,,CAR,W,41,38,,27,47,57.4,303,2,6.4,6.34,82.1,2,19,27,103,3,3.8,76,406,5.34,1,1,4,3,5,242,20,9,3,32,3,11,1,1,5,51,1,1,2,31:05,New Orleans Saints
6,6,7,2016-10-23,Sun,@,KAN,L,21,27,,17,24,70.8,214,2,8.9,10.58,126.0,0,0,28,112,0,4.0,52,326,6.27,2,2,3,3,4,191,11,7,2,20,3,9,0,0,4,30,0,0,0,27:22,New Orleans Saints
7,7,8,2016-10-30,Sun,,SEA,W,25,20,,23,36,63.9,285,0,7.9,6.67,76.7,1,11,17,74,1,4.4,54,359,6.65,2,2,2,2,3,146,11,4,0,15,5,11,0,1,11,76,0,1,1,23:48,New Orleans Saints
8,8,9,2016-11-06,Sun,@,SFO,W,41,23,,24,39,61.5,393,2,10.1,9.95,101.8,1,5,17,93,0,5.5,57,486,8.53,3,3,2,2,2,85,15,4,0,19,2,9,0,2,9,78,3,1,4,21:07,New Orleans Saints
9,9,10,2016-11-13,Sun,,DEN,L,23,25,,25,40,62.5,234,2,5.9,4.60,74.4,6,24,37,103,0,2.8,83,337,4.06,4,3,2,2,3,124,20,3,1,24,11,19,0,0,1,10,0,2,2,39:22,New Orleans Saints
10,10,11,2016-11-17,Thu,@,CAR,L,20,23,,14,33,42.4,173,1,5.2,5.85,69.4,2,19,27,50,1,1.9,62,223,3.60,3,3,2,2,6,280,10,5,2,17,7,17,0,0,6,45,0,0,0,27:45,New Orleans Saints
11,11,12,2016-11-27,Sun,,LAR,W,49,21,,20,32,62.5,178,3,5.6,6.03,95.6,3,36,17,69,0,4.1,52,247,4.75,0,0,3,3,6,294,8,4,1,13,2,10,0,1,6,62,1,1,2,24:04,New Orleans Saints
12,12,13,2016-12-04,Sun,,DET,L,13,28,,30,42,71.4,337,2,8.0,8.98,110.9,2,4,23,85,0,3.7,67,422,6.30,5,5,1,1,2,85,16,5,3,24,5,12,0,0,6,39,0,0,0,36:52,New Orleans Saints
13,13,14,2016-12-11,Sun,@,TAM,L,11,16,,16,26,61.5,166,0,6.4,6.38,80.0,2,18,35,104,1,3.0,63,270,4.29,3,3,1,1,4,185,11,5,5,21,6,13,0,0,7,65,0,0,0,33:15,New Orleans Saints
14,14,15,2016-12-18,Sun,@,ARI,W,48,41,,28,40,70.0,309,2,7.7,8.73,109.3,1,9,15,116,3,7.7,56,425,7.59,1,0,6,5,2,68,17,7,2,26,5,10,1,1,7,52,2,0,2,22:47,New Orleans Saints
15,15,16,2016-12-24,Sat,,TAM,W,31,24,,23,35,65.7,260,2,7.4,6.00,83.0,2,17,21,89,1,4.2,58,349,6.02,1,1,3,3,3,153,15,5,3,23,7,12,0,0,7,63,0,2,2,28:24,New Orleans Saints
16,16,17,2017-01-01,Sun,@,ATL,L,32,38,,27,36,75.0,323,4,9.0,11.19,139.0,1,8,22,142,1,6.5,59,465,7.88,1,1,5,5,4,185,19,4,2,25,6,11,0,0,9,63,0,0,0,29:45,New Orleans Saints
1,1,1,2016-09-11,Sun,@,DAL,W,20,19,,25,45,55.6,227,0,5.0,5.04,69.4,0,0,30,101,1,3.4,75,328,4.37,4,4,1,1,3,147,13,10,1,24,10,17,0,0,6,50,0,0,0,36:43,New York Giants
2,2,2,2016-09-18,Sun,,NOR,W,16,13,,29,44,65.9,247,1,5.6,6.07,88.0,2,16,13,41,0,3.2,59,288,4.88,3,2,1,1,7,383,15,1,0,16,3,13,0,0,7,76,0,0,0,25:53,New York Giants
3,3,3,2016-09-25,Sun,,WAS,L,27,29,,22,36,61.1,313,2,8.7,9.81,107.8,2,14,30,90,0,3.0,68,403,5.93,5,5,2,2,2,91,13,5,2,20,7,16,1,1,8,70,1,0,1,33:26,New York Giants
4,4,4,2016-10-03,Mon,@,MIN,L,10,24,,26,36,72.2,262,1,7.3,7.83,101.9,0,0,33,104,2,3.2,69,366,5.30,2,1,3,3,6,264,14,6,2,22,8,16,0,0,6,37,0,0,0,35:32,New York Giants
5,5,5,2016-10-09,Sun,@,GNB,L,16,23,,23,45,51.1,259,2,5.8,4.64,65.0,0,0,32,147,0,4.6,77,406,5.27,3,3,2,2,4,146,13,9,1,23,9,19,0,0,6,57,0,2,2,36:38,New York Giants
6,6,6,2016-10-16,Sun,,BAL,W,27,23,,26,48,54.2,293,0,6.1,6.10,72.7,2,14,26,98,2,3.8,76,391,5.14,3,3,2,2,5,239,10,7,5,22,5,18,1,2,15,111,0,0,0,35:04,New York Giants
7,7,7,2016-10-23,Sun,@,LAR,W,17,10,,32,53,60.4,271,1,5.1,2.09,48.5,3,20,20,74,0,3.7,76,345,4.54,1,1,1,1,7,322,15,4,1,20,9,19,1,1,8,43,0,4,4,35:03,New York Giants
8,8,9,2016-11-06,Sun,,PHI,W,28,23,,27,47,57.4,347,0,7.4,5.47,63.0,2,17,25,96,2,3.8,74,443,5.99,4,3,2,2,3,141,14,6,1,21,3,15,1,4,4,43,0,2,2,32:40,New York Giants
9,9,10,2016-11-14,Mon,,CIN,W,21,20,,16,29,55.2,186,1,6.4,5.55,71.9,3,18,23,78,1,3.4,55,264,4.80,2,2,2,2,7,336,7,4,1,12,2,11,0,0,9,60,0,1,1,28:37,New York Giants
10,10,11,2016-11-20,Sun,,CHI,W,22,16,,17,30,56.7,222,1,7.4,6.57,77.4,4,30,25,93,1,3.7,59,315,5.34,2,1,2,1,6,289,10,6,1,17,4,12,0,0,5,40,0,1,1,30:29,New York Giants
11,11,12,2016-11-27,Sun,@,CLE,W,27,13,,25,44,56.8,285,1,6.5,6.93,84.0,7,37,21,58,0,2.8,72,343,4.76,2,2,1,1,8,362,14,4,3,21,3,14,1,2,5,35,3,0,3,33:51,New York Giants
12,12,13,2016-12-04,Sun,@,PIT,L,14,24,,24,37,64.9,272,2,7.4,7.22,93.5,2,17,30,117,0,3.9,69,389,5.64,3,3,1,1,4,148,15,5,0,20,7,15,1,1,12,115,1,1,2,34:08,New York Giants
13,13,14,2016-12-11,Sun,,DAL,W,10,7,,17,37,45.9,152,1,4.1,2.22,44.0,3,13,25,108,0,4.3,65,260,4.00,1,0,1,1,9,384,6,6,1,13,1,15,1,2,5,54,1,2,3,29:08,New York Giants
14,14,15,2016-12-18,Sun,,DET,W,17,6,,24,39,61.5,268,0,6.9,5.72,71.3,1,5,19,56,0,2.9,59,324,5.49,2,2,0,0,6,275,11,2,3,16,5,14,0,0,2,15,1,1,2,29:44,New York Giants
15,15,16,2016-12-22,Thu,@,PHI,L,19,24,,14,25,56.0,168,1,6.7,5.72,73.4,0,0,30,118,1,3.9,55,286,5.20,1,1,3,3,5,237,7,6,2,15,4,12,0,1,1,5,0,1,1,25:56,New York Giants
16,16,17,2017-01-01,Sun,@,WAS,W,19,10,,22,35,62.9,246,1,7.0,5.03,69.5,4,41,15,38,0,2.5,54,284,5.26,2,1,1,1,7,348,14,1,1,16,4,12,0,0,5,42,1,2,3,24:08,New York Giants
1,1,1,2016-09-11,Sun,,CIN,L,22,23,,23,30,76.7,324,1,10.8,9.97,108.2,7,42,19,57,1,3.0,56,381,6.80,4,3,2,2,3,144,11,5,2,18,3,11,0,0,5,44,0,1,1,25:07,New York Jets
2,2,2,2016-09-15,Thu,@,BUF,W,37,31,,19,31,61.3,307,3,9.9,10.39,113.2,0,0,19,86,0,4.5,50,393,7.86,1,1,4,4,3,118,9,6,1,16,3,10,1,2,6,59,0,1,1,20:48,New York Jets
3,3,3,2016-09-25,Sun,@,KAN,L,3,24,,25,33,75.8,221,1,6.7,7.30,103.2,2,16,27,72,0,2.7,62,293,4.73,1,1,3,3,4,172,14,4,0,18,7,15,0,1,5,59,1,0,1,32:05,New York Jets
4,4,4,2016-10-02,Sun,,SEA,L,17,27,,23,32,71.9,288,3,9.0,10.88,130.7,2,21,26,66,0,2.5,60,354,5.90,2,2,3,3,5,203,15,4,2,21,3,10,0,0,7,71,0,0,0,30:45,New York Jets
5,5,5,2016-10-09,Sun,@,PIT,L,13,31,,34,47,72.3,375,4,8.0,9.68,124.0,1,5,24,61,0,2.5,72,436,6.06,1,1,4,4,3,139,23,3,4,30,5,10,0,1,1,10,1,0,1,31:50,New York Jets
6,6,6,2016-10-17,Mon,@,ARI,L,3,28,,24,35,68.6,225,1,6.4,7.00,95.5,0,0,35,171,3,4.9,70,396,5.66,0,0,4,4,5,200,14,10,4,28,6,11,0,0,9,64,0,0,0,36:02,New York Jets
7,7,7,2016-10-23,Sun,,BAL,W,24,16,,25,44,56.8,234,0,5.3,3.27,52.7,2,14,11,11,0,1.0,57,245,4.30,3,3,1,1,6,305,11,0,0,11,3,14,0,1,4,35,1,2,3,23:23,New York Jets
8,8,8,2016-10-30,Sun,@,CLE,W,31,28,,27,51,52.9,339,2,6.6,5.67,70.6,1,6,18,68,1,3.8,70,407,5.81,2,2,2,2,5,207,17,4,1,22,8,16,0,0,2,10,0,2,2,26:19,New York Jets
9,9,9,2016-11-06,Sun,@,MIA,L,23,27,,17,29,58.6,137,1,4.7,5.41,82.1,1,12,32,137,1,4.3,62,274,4.42,2,2,3,3,3,120,9,7,4,20,5,11,0,1,8,86,0,0,0,30:22,New York Jets
10,10,10,2016-11-13,Sun,,LAR,L,6,9,,17,30,56.7,155,0,5.2,5.17,70.8,3,10,34,125,0,3.7,67,280,4.18,3,3,0,0,7,362,10,6,0,16,6,17,0,0,7,55,0,0,0,34:29,New York Jets
11,11,12,2016-11-27,Sun,,NWE,L,17,22,,30,50,60.0,286,2,5.7,6.52,89.2,0,0,21,91,0,4.3,71,377,5.31,4,3,1,1,4,183,18,6,2,26,4,14,1,1,2,15,0,0,0,30:36,New York Jets
12,12,13,2016-12-05,Mon,,IND,L,10,41,,23,29,79.3,282,4,9.7,12.48,146.8,1,7,40,139,1,3.5,70,421,6.01,2,2,5,5,2,95,18,5,4,27,7,13,0,1,3,28,1,0,1,38:24,New York Jets
13,13,14,2016-12-11,Sun,@,SFO,W,23,17,OT,15,26,57.7,116,1,4.5,5.23,81.6,2,17,27,248,1,9.2,55,364,6.62,3,1,2,2,6,239,5,11,1,17,2,12,0,1,3,25,0,0,0,24:30,New York Jets
14,14,15,2016-12-17,Sat,,MIA,L,13,34,,12,18,66.7,236,4,13.1,15.06,126.2,1,0,27,67,0,2.5,46,303,6.59,0,0,5,4,6,257,10,2,1,13,5,12,0,0,9,70,0,1,1,27:28,New York Jets
15,15,16,2016-12-24,Sat,@,NWE,L,3,41,,18,29,62.1,211,3,7.3,9.34,118.6,1,9,40,114,2,2.9,70,325,4.64,2,2,5,5,4,187,12,6,3,21,11,18,0,0,3,20,0,0,0,34:43,New York Jets
16,16,17,2017-01-01,Sun,,BUF,W,30,10,,15,31,48.4,162,0,5.2,3.77,50.7,3,20,28,68,1,2.4,62,230,3.71,1,1,1,1,6,254,7,7,0,14,6,16,0,1,0,0,2,1,3,28:33,New York Jets
1,1,1,2016-09-11,Sun,,CLE,W,29,10,,12,26,46.2,168,0,6.5,4.73,51.4,3,22,21,120,1,5.7,50,288,5.76,1,1,1,1,5,251,7,6,1,14,2,10,0,2,4,15,0,1,1,20:40,Philadelphia Eagles
2,2,2,2016-09-19,Mon,@,CHI,W,29,14,,21,29,72.4,220,0,7.6,6.03,79.7,3,15,18,64,1,3.6,50,284,5.68,1,0,2,2,4,151,9,6,1,16,4,10,0,1,7,60,2,1,3,23:55,Philadelphia Eagles
3,3,3,2016-09-25,Sun,,PIT,W,34,3,,24,44,54.5,222,0,5.0,4.02,59.1,4,35,10,29,0,2.9,58,251,4.33,2,1,0,0,3,165,11,2,2,15,4,11,0,2,7,77,1,1,2,25:04,Philadelphia Eagles
4,4,5,2016-10-09,Sun,@,DET,L,23,24,,19,25,76.0,164,3,6.6,8.96,132.3,4,16,27,80,0,3.0,56,244,4.36,1,1,3,3,3,159,10,6,5,21,3,9,2,2,2,18,1,0,1,30:24,Philadelphia Eagles
5,5,6,2016-10-16,Sun,@,WAS,L,20,27,,18,34,52.9,263,2,7.7,7.59,85.8,0,0,33,230,1,7.0,67,493,7.36,2,2,3,3,4,211,11,10,5,26,7,13,0,0,9,75,0,1,1,34:13,Philadelphia Eagles
6,6,7,2016-10-23,Sun,,MIN,W,21,10,,24,41,58.5,189,1,4.6,4.00,68.0,6,35,27,93,0,3.4,74,282,3.81,1,1,1,1,4,181,11,5,2,18,9,19,1,3,7,56,3,1,4,32:08,Philadelphia Eagles
7,7,8,2016-10-30,Sun,@,DAL,L,23,29,OT,19,40,47.5,273,2,6.8,6.70,76.4,2,14,34,187,1,5.5,76,460,6.05,3,3,2,2,5,222,13,12,1,26,4,14,2,2,11,84,0,1,1,33:57,Philadelphia Eagles
8,8,9,2016-11-06,Sun,@,NYG,L,23,28,,22,36,61.1,248,4,6.9,6.61,95.6,1,9,24,54,0,2.3,61,302,4.95,0,0,4,4,7,322,10,3,3,16,4,13,0,1,5,30,0,2,2,27:20,Philadelphia Eagles
9,9,10,2016-11-13,Sun,,ATL,W,24,15,,18,33,54.5,255,1,7.7,6.97,77.2,2,12,13,48,0,3.7,48,303,6.31,4,3,1,0,4,162,7,3,1,11,2,11,0,1,8,67,0,1,1,21:50,Philadelphia Eagles
10,10,11,2016-11-20,Sun,@,SEA,L,15,26,,19,32,59.4,287,2,9.0,10.22,109.8,1,0,30,152,1,5.1,63,439,6.97,3,2,3,2,6,279,12,5,1,18,5,15,0,0,7,48,0,0,0,28:54,Philadelphia Eagles
11,11,12,2016-11-28,Mon,,GNB,L,13,27,,30,39,76.9,313,2,8.0,9.05,116.7,0,0,28,74,1,2.6,67,387,5.78,2,2,3,3,1,43,15,7,3,25,10,14,1,1,7,51,0,0,0,35:23,Philadelphia Eagles
12,12,13,2016-12-04,Sun,@,CIN,L,14,32,,23,31,74.2,332,2,10.7,12.00,130.0,0,0,33,80,1,2.4,64,412,6.44,4,4,3,2,1,49,13,4,4,21,7,14,0,0,3,23,2,0,2,28:02,Philadelphia Eagles
13,13,14,2016-12-11,Sun,,WAS,L,22,27,,14,21,66.7,227,2,10.8,10.57,114.6,2,7,23,107,2,4.7,46,334,7.26,1,0,3,3,3,141,10,5,1,16,2,7,1,1,5,86,0,1,1,23:22,Philadelphia Eagles
14,14,15,2016-12-18,Sun,@,BAL,L,26,27,,16,30,53.3,189,2,6.3,6.13,81.1,3,17,24,151,1,6.3,57,340,5.96,2,2,3,3,4,197,12,4,2,18,4,11,0,0,7,62,1,1,2,23:22,Philadelphia Eagles
15,15,16,2016-12-22,Thu,,NYG,W,24,19,,38,63,60.3,356,1,5.7,3.83,61.3,0,0,25,114,0,4.6,88,470,5.34,4,4,1,1,3,145,17,7,0,24,10,22,1,2,5,50,0,3,3,34:04,Philadelphia Eagles
16,16,17,2017-01-01,Sun,,DAL,W,27,13,,16,29,55.2,126,1,4.3,1.93,48.9,3,25,21,69,0,3.3,53,195,3.68,2,2,1,1,5,195,9,4,2,15,5,12,0,0,5,35,0,2,2,24:18,Philadelphia Eagles
1,1,1,2016-09-12,Mon,@,WAS,W,38,16,,30,43,69.8,329,0,7.7,5.56,72.7,0,0,12,55,1,4.6,55,384,6.98,3,3,1,1,1,27,14,3,1,18,3,10,0,2,9,55,0,2,2,26:42,Pittsburgh Steelers
2,2,2,2016-09-18,Sun,,CIN,W,24,16,,31,54,57.4,366,1,6.8,7.15,84.3,1,0,18,46,0,2.6,73,412,5.64,3,3,1,1,9,407,17,1,3,21,4,16,1,1,5,31,2,0,2,27:05,Pittsburgh Steelers
3,3,3,2016-09-25,Sun,@,PHI,L,3,34,,23,31,74.2,301,2,9.7,11.00,125.9,0,0,30,125,2,4.2,61,426,6.98,2,2,4,4,4,165,11,10,4,25,4,10,0,0,10,99,0,0,0,34:56,Pittsburgh Steelers
4,4,4,2016-10-02,Sun,,KAN,W,43,14,,30,50,60.0,270,2,5.4,5.30,79.6,4,17,18,87,0,4.8,72,357,4.96,1,0,2,2,6,257,17,3,2,22,8,17,2,3,7,40,1,1,2,30:36,Pittsburgh Steelers
5,5,5,2016-10-09,Sun,,NYJ,W,31,13,,25,38,65.8,244,1,6.4,6.95,92.4,3,11,17,72,0,4.2,58,316,5.45,2,2,1,1,6,260,12,4,0,16,2,11,0,1,4,18,0,0,0,28:10,Pittsburgh Steelers
6,6,6,2016-10-16,Sun,@,MIA,L,15,30,,24,32,75.0,252,0,7.9,7.88,97.4,0,0,36,222,3,6.2,68,474,6.97,5,3,3,3,2,77,10,12,2,24,7,14,0,0,8,95,0,0,0,36:30,Pittsburgh Steelers
7,7,7,2016-10-23,Sun,,NWE,L,16,27,,19,26,73.1,222,2,8.5,10.08,124.2,0,0,29,140,2,4.8,55,362,6.58,0,0,4,3,5,203,9,11,1,21,7,12,0,0,4,40,2,0,2,27:31,Pittsburgh Steelers
8,8,9,2016-11-06,Sun,@,BAL,L,14,21,,19,31,61.3,224,1,7.2,6.42,80.6,3,26,29,50,0,1.7,63,274,4.35,2,2,1,1,9,380,7,2,4,13,4,17,0,0,10,94,0,1,1,32:10,Pittsburgh Steelers
9,9,10,2016-11-13,Sun,,DAL,L,30,35,,22,32,68.8,295,2,9.2,10.47,118.6,2,24,25,127,2,5.1,59,422,7.15,3,3,2,2,3,145,11,7,2,20,7,13,0,0,10,98,1,0,1,30:24,Pittsburgh Steelers
10,10,11,2016-11-20,Sun,@,CLE,W,24,9,,21,41,51.2,176,1,4.3,3.68,60.6,8,70,13,33,0,2.5,62,209,3.37,1,1,1,0,3,139,11,2,4,17,4,15,5,5,9,52,1,1,2,26:02,Pittsburgh Steelers
11,11,12,2016-11-24,Thu,@,IND,W,28,7,,23,37,62.2,219,1,5.9,4.03,65.0,3,21,23,91,0,4.0,63,310,4.92,1,0,1,1,2,92,13,4,1,18,8,15,2,4,2,10,0,2,2,31:45,Pittsburgh Steelers
12,12,13,2016-12-04,Sun,,NYG,W,24,14,,24,39,61.5,178,2,4.6,3.28,68.1,2,17,14,56,0,4.0,55,234,4.25,0,0,2,2,4,177,10,3,3,16,4,11,0,3,4,24,0,2,2,25:52,Pittsburgh Steelers
13,13,14,2016-12-11,Sun,@,BUF,W,27,20,,15,25,60.0,208,2,8.3,8.12,96.7,5,20,18,67,1,3.7,48,275,5.73,0,0,3,2,6,270,9,4,1,14,3,9,0,0,7,46,0,1,1,21:19,Pittsburgh Steelers
14,14,15,2016-12-18,Sun,@,CIN,W,24,20,,16,27,59.3,146,0,5.4,3.74,58.6,1,11,28,76,2,2.7,56,222,3.96,2,2,2,2,3,141,9,8,2,19,6,12,1,1,8,86,0,1,1,27:28,Pittsburgh Steelers
15,15,16,2016-12-25,Sun,,BAL,W,31,27,,30,44,68.2,246,1,5.6,5.02,80.3,2,16,26,122,1,4.7,72,368,5.11,4,4,1,1,3,109,11,9,2,22,9,17,0,1,7,95,0,1,1,34:37,Pittsburgh Steelers
16,16,17,2017-01-01,Sun,,CLE,W,27,24,OT,29,40,72.5,206,2,5.2,5.03,90.2,4,26,33,231,1,7.0,77,437,5.68,2,1,3,3,4,190,13,12,2,27,8,15,0,0,5,37,3,1,4,38:54,Pittsburgh Steelers
1,1,1,2016-09-11,Sun,,MIA,W,12,10,,16,29,55.2,150,0,5.2,5.17,69.6,5,36,20,64,1,3.2,54,214,3.96,2,1,1,1,7,327,7,3,1,11,3,13,0,1,4,40,0,0,0,25:28,Seattle Seahawks
2,2,2,2016-09-18,Sun,@,LAR,L,3,9,,18,30,60.0,219,0,7.3,7.30,82.5,3,20,25,64,0,2.6,58,283,4.88,3,3,0,0,6,237,10,3,4,17,3,12,0,0,9,78,0,0,0,29:57,Seattle Seahawks
3,3,3,2016-09-25,Sun,,SFO,W,37,18,,14,25,56.0,119,0,4.8,2.96,51.9,0,0,31,135,2,4.4,56,254,4.54,2,1,1,1,7,319,6,6,0,12,4,15,1,1,4,35,0,1,1,24:03,Seattle Seahawks
4,4,4,2016-10-02,Sun,@,NYJ,W,27,17,,23,41,56.1,247,1,6.0,3.22,51.6,4,14,20,58,0,2.9,65,305,4.69,1,1,2,2,5,202,13,4,3,20,7,15,1,1,7,60,0,3,3,29:15,Seattle Seahawks
5,5,6,2016-10-16,Sun,,ATL,W,26,24,,27,42,64.3,310,3,7.4,7.74,100.3,4,25,18,52,0,2.9,64,362,5.66,1,1,3,3,4,165,17,4,1,22,3,11,1,2,8,66,1,1,2,29:51,Seattle Seahawks
6,6,7,2016-10-23,Sun,@,ARI,T,6,6,OT,29,49,59.2,311,0,6.3,6.35,77.8,4,31,37,132,0,3.6,90,443,4.92,4,2,0,0,7,229,14,6,3,23,10,21,0,1,6,45,0,0,0,46:21,Seattle Seahawks
7,7,8,2016-10-30,Sun,@,NOR,L,20,25,,27,35,77.1,252,1,7.2,7.77,105.9,2,13,35,123,1,3.5,72,375,5.21,4,4,1,1,2,92,17,7,4,28,9,15,0,0,2,10,1,0,1,36:12,Seattle Seahawks
8,8,9,2016-11-07,Mon,,BUF,W,31,25,,27,39,69.2,263,1,6.7,6.10,85.7,5,26,38,162,2,4.3,82,425,5.18,2,1,2,2,3,98,16,11,3,30,12,17,0,1,11,115,0,1,1,40:17,Seattle Seahawks
9,9,10,2016-11-13,Sun,@,NWE,W,31,24,,23,32,71.9,304,0,9.5,8.09,88.5,2,12,28,81,3,2.9,62,385,6.21,1,1,3,3,2,92,13,8,4,25,6,10,0,1,7,61,1,1,2,29:35,Seattle Seahawks
10,10,11,2016-11-20,Sun,,PHI,W,26,15,,23,45,51.1,195,2,4.3,3.22,59.0,2,23,26,113,0,4.3,73,308,4.22,0,0,1,1,7,344,13,6,1,20,6,16,1,3,8,48,0,2,2,31:06,Seattle Seahawks
11,11,12,2016-11-27,Sun,@,TAM,L,5,14,,21,28,75.0,220,2,7.9,7.68,106.2,0,0,35,118,0,3.4,63,338,5.37,1,0,2,2,4,160,11,7,1,19,4,11,0,0,7,68,1,1,2,33:39,Seattle Seahawks
12,12,13,2016-12-04,Sun,,CAR,W,40,7,,14,33,42.4,182,1,5.5,4.76,57.9,0,0,21,89,0,4.2,54,271,5.02,0,0,1,1,6,254,9,5,0,14,5,12,0,1,6,63,1,1,2,25:59,Seattle Seahawks
13,13,14,2016-12-11,Sun,@,GNB,L,10,38,,18,25,72.0,237,3,9.5,11.88,141.2,1,9,30,93,2,3.1,56,330,5.89,2,1,5,5,4,154,10,5,3,18,4,11,0,1,5,50,0,0,0,28:10,Seattle Seahawks
14,14,15,2016-12-15,Thu,,LAR,W,24,3,,18,35,51.4,136,0,3.9,3.89,61.1,4,31,17,47,0,2.8,56,183,3.27,1,1,0,0,4,216,8,2,3,13,3,12,0,4,8,76,0,0,0,27:29,Seattle Seahawks
15,15,16,2016-12-24,Sat,,ARI,L,31,34,,16,27,59.3,276,1,10.2,10.96,106.4,1,8,29,94,3,3.2,57,370,6.49,3,2,4,4,5,222,9,10,2,21,1,9,0,0,7,85,1,0,1,26:18,Seattle Seahawks
16,16,17,2017-01-01,Sun,@,SFO,W,25,23,,17,22,77.3,191,1,8.7,9.59,117.8,5,24,31,62,2,2.0,58,253,4.36,0,0,3,3,6,289,7,7,0,14,2,11,2,3,4,25,2,0,2,30:26,Seattle Seahawks
1,1,1,2016-09-12,Mon,,LAR,W,28,0,,17,35,48.6,120,0,3.4,0.86,33.0,2,10,23,65,0,2.8,60,185,3.08,0,0,0,0,10,431,6,4,0,10,3,15,1,2,10,102,0,2,2,27:50,San Francisco 49ers
2,2,2,2016-09-18,Sun,@,CAR,L,27,46,,24,40,60.0,353,4,8.8,9.70,111.8,1,0,37,176,0,4.8,78,529,6.78,4,4,5,4,3,123,15,8,3,26,7,15,0,0,8,50,3,1,4,35:54,San Francisco 49ers
3,3,3,2016-09-25,Sun,@,SEA,L,18,37,,22,32,68.8,291,2,9.1,8.94,105.1,2,17,31,127,2,4.1,65,418,6.43,3,3,4,4,2,102,10,7,1,18,9,14,0,0,6,50,1,1,2,35:57,San Francisco 49ers
4,4,4,2016-10-02,Sun,,DAL,L,17,24,,23,32,71.9,234,2,7.3,8.56,113.3,2,11,39,194,1,5.0,73,428,5.86,2,1,3,3,4,221,11,12,3,26,6,14,0,0,6,45,0,0,0,36:27,San Francisco 49ers
5,5,5,2016-10-06,Thu,,ARI,L,21,33,,11,28,39.3,116,2,4.1,5.57,75.9,1,8,37,172,2,4.6,66,288,4.36,1,1,4,4,9,382,6,10,1,17,5,16,0,0,7,50,0,0,0,31:44,San Francisco 49ers
6,6,6,2016-10-16,Sun,@,BUF,L,16,45,,16,27,59.3,179,2,6.6,8.11,103.8,3,0,44,313,4,7.1,74,492,6.65,1,1,6,6,3,152,10,16,3,29,8,13,0,0,7,71,2,0,2,35:11,San Francisco 49ers
7,7,7,2016-10-23,Sun,,TAM,L,17,34,,21,30,70.0,264,3,8.8,9.30,116.5,2,5,41,249,1,6.1,73,513,7.03,3,2,4,4,3,117,17,8,2,27,6,14,0,1,7,78,0,1,1,33:49,San Francisco 49ers
8,8,9,2016-11-06,Sun,,NOR,L,23,41,,28,39,71.8,323,3,8.3,9.82,122.1,1,0,42,248,2,5.9,82,571,6.96,3,2,5,5,4,210,14,14,1,29,11,17,0,0,4,40,0,0,0,38:53,San Francisco 49ers
9,9,10,2016-11-13,Sun,@,ARI,L,20,23,,30,49,61.2,363,1,7.4,5.98,73.8,2,13,23,80,1,3.5,74,443,5.99,3,3,2,2,4,177,17,4,5,26,7,14,0,0,2,10,2,2,4,32:18,San Francisco 49ers
10,10,11,2016-11-20,Sun,,NWE,L,17,30,,24,40,60.0,273,4,6.8,8.83,113.9,1,7,30,171,0,5.7,71,444,6.25,1,1,4,3,5,216,14,9,5,28,8,16,1,1,5,40,0,0,0,29:12,San Francisco 49ers
11,11,12,2016-11-27,Sun,@,MIA,L,24,31,,20,30,66.7,263,3,8.8,10.77,127.5,2,22,26,95,1,3.7,58,358,6.17,1,1,4,4,5,209,12,6,1,19,6,12,0,0,4,42,0,0,0,30:32,San Francisco 49ers
12,12,13,2016-12-04,Sun,@,CHI,L,6,26,,11,18,61.1,184,0,10.2,10.22,95.6,1,8,40,142,3,3.6,59,326,5.53,1,1,3,3,6,233,9,8,2,19,6,14,0,0,5,40,1,0,1,31:18,San Francisco 49ers
13,13,14,2016-12-11,Sun,,NYJ,L,17,23,OT,23,35,65.7,216,0,6.2,4.89,70.7,6,41,40,188,2,4.7,81,404,4.99,3,3,0,0,6,237,11,13,0,24,8,18,1,1,9,56,0,1,1,41:55,San Francisco 49ers
14,14,15,2016-12-18,Sun,@,ATL,L,13,41,,18,24,75.0,302,2,12.6,14.25,144.4,1,0,41,248,3,6.0,66,550,8.33,2,2,5,5,2,67,17,10,2,29,5,9,0,0,4,27,1,0,1,36:01,San Francisco 49ers
15,15,16,2016-12-24,Sat,@,LAR,W,22,21,,11,24,45.8,78,1,3.3,0.33,33.0,4,12,29,99,2,3.4,57,177,3.11,0,0,3,3,8,368,5,6,2,13,4,13,1,1,5,45,0,2,2,28:57,San Francisco 49ers
16,16,17,2017-01-01,Sun,,SEA,L,23,25,,23,38,60.5,289,1,7.6,8.13,93.0,2,11,25,87,1,3.5,65,376,5.78,4,4,2,1,4,184,13,5,0,18,3,12,0,1,4,34,0,0,0,29:34,San Francisco 49ers
1,1,1,2016-09-11,Sun,@,ATL,W,31,24,,27,39,69.2,322,2,8.3,9.28,111.3,3,12,22,52,0,2.4,64,374,5.84,3,3,1,1,5,193,16,2,1,19,3,13,1,2,7,74,0,0,0,32:23,Tampa Bay Buccaneers
2,2,2,2016-09-18,Sun,@,ARI,L,7,40,,18,34,52.9,311,3,9.1,10.91,113.7,1,4,30,105,1,3.5,65,416,6.40,2,2,5,4,6,279,15,4,1,20,6,14,0,0,3,30,0,0,0,29:03,Tampa Bay Buccaneers
3,3,3,2016-09-25,Sun,,LAR,L,32,37,,14,26,53.8,183,2,7.0,6.85,85.9,1,7,33,137,2,4.2,60,320,5.33,1,1,4,4,5,256,8,8,2,18,6,13,0,0,8,69,1,1,2,26:24,Tampa Bay Buccaneers
4,4,4,2016-10-02,Sun,,DEN,L,7,27,,19,31,61.3,218,2,7.0,8.32,104.0,4,20,32,89,1,2.8,67,307,4.58,2,2,3,3,7,330,14,4,4,22,3,13,0,0,9,88,0,0,0,31:24,Tampa Bay Buccaneers
5,5,5,2016-10-10,Mon,@,CAR,W,17,14,,18,28,64.3,278,0,9.9,6.71,67.3,0,0,25,136,2,5.4,53,414,7.81,1,0,2,2,4,177,14,5,1,20,1,8,1,1,7,60,2,2,4,25:51,Tampa Bay Buccaneers
6,6,7,2016-10-23,Sun,@,SFO,W,34,17,,16,34,47.1,113,1,3.3,2.59,52.7,4,30,28,160,1,5.7,66,273,4.14,1,1,2,2,6,254,8,11,1,20,6,15,1,1,4,31,2,1,3,26:11,Tampa Bay Buccaneers
7,7,8,2016-10-30,Sun,,OAK,L,24,30,OT,40,59,67.8,498,4,8.4,9.80,116.3,2,15,24,128,0,5.3,85,626,7.36,3,1,3,3,6,240,19,6,2,27,7,18,1,1,23,200,1,0,1,44:12,Tampa Bay Buccaneers
8,8,9,2016-11-03,Thu,,ATL,L,28,43,,25,34,73.5,325,4,9.6,11.91,142.4,2,19,34,136,1,4.0,70,461,6.59,3,3,4,4,0,0,20,9,2,31,6,10,0,0,6,34,1,0,1,33:28,Tampa Bay Buccaneers
9,9,10,2016-11-13,Sun,,CHI,W,36,10,,16,30,53.3,161,1,5.4,3.03,52.2,4,21,20,122,0,6.1,54,283,5.24,1,1,1,1,5,218,8,6,1,15,2,11,0,0,9,74,2,2,4,22:51,Tampa Bay Buccaneers
10,10,11,2016-11-20,Sun,@,KAN,W,19,17,,24,31,77.4,261,1,8.4,7.61,99.0,0,0,21,82,1,3.9,52,343,6.60,1,1,2,2,3,130,12,6,1,19,4,8,0,0,5,30,1,1,2,24:42,Tampa Bay Buccaneers
11,11,12,2016-11-27,Sun,,SEA,W,14,5,,17,33,51.5,118,0,3.6,0.85,34.7,6,33,22,127,0,5.8,61,245,4.02,1,1,0,0,7,330,9,6,1,16,1,11,1,1,2,27,1,2,3,26:21,Tampa Bay Buccaneers
12,12,13,2016-12-04,Sun,@,SDG,W,28,21,,15,26,57.7,211,2,8.1,6.19,77.6,2,14,25,119,1,4.8,53,330,6.23,1,0,3,3,3,127,9,8,1,18,4,8,0,0,6,45,0,2,2,28:19,Tampa Bay Buccaneers
13,13,14,2016-12-11,Sun,,NOR,W,16,11,,25,41,61.0,248,0,6.0,2.76,47.6,1,9,16,46,0,2.9,58,294,5.07,3,3,0,0,4,205,10,2,2,14,4,13,1,2,13,104,0,3,3,26:45,Tampa Bay Buccaneers
14,14,15,2016-12-18,Sun,@,DAL,L,20,26,,32,36,88.9,264,0,7.3,7.33,97.2,3,15,32,185,2,5.8,71,449,6.32,6,4,2,2,2,82,14,10,0,24,5,13,0,0,8,91,1,0,1,36:04,Tampa Bay Buccaneers
15,15,16,2016-12-24,Sat,@,NOR,L,24,31,,23,34,67.6,294,1,8.6,9.24,104.3,2,5,31,123,2,4.0,67,417,6.22,3,3,2,2,3,124,15,9,1,25,5,12,0,0,7,59,0,0,0,31:36,Tampa Bay Buccaneers
16,16,17,2017-01-01,Sun,,CAR,W,17,16,,18,32,56.3,207,1,6.5,2.88,47.3,3,30,32,128,1,4.0,67,335,5.00,4,1,1,1,4,164,12,6,0,18,4,15,2,2,4,45,0,3,3,32:24,Tampa Bay Buccaneers
1,1,1,2016-09-11,Sun,,MIN,L,16,25,,18,33,54.5,236,0,7.2,7.15,77.3,0,0,28,65,0,2.3,61,301,4.93,6,4,2,1,3,113,12,3,0,15,6,14,0,0,3,39,0,0,0,29:35,Tennessee Titans
2,2,2,2016-09-18,Sun,@,DET,W,16,15,,22,40,55.0,238,1,6.0,5.33,70.6,4,22,23,137,0,6.0,67,375,5.60,2,2,1,1,5,217,11,6,5,22,7,16,0,0,17,138,0,1,1,29:09,Tennessee Titans
3,3,3,2016-09-25,Sun,,OAK,L,10,17,,21,35,60.0,245,1,7.0,6.29,78.9,1,4,25,123,1,4.9,61,368,6.03,1,1,2,2,7,326,13,4,0,17,5,13,0,0,8,58,0,1,1,29:03,Tennessee Titans
4,4,4,2016-10-02,Sun,@,HOU,L,20,27,,25,37,67.6,244,2,6.6,5.24,81.4,1,10,24,115,0,4.8,62,359,5.79,3,2,3,3,3,150,13,6,2,21,5,12,0,1,6,59,0,2,2,28:18,Tennessee Titans
5,5,5,2016-10-09,Sun,@,MIA,W,30,17,,12,18,66.7,149,0,8.3,3.28,52.5,6,42,17,51,1,3.0,41,200,4.88,1,1,2,2,6,298,5,3,0,8,4,11,0,0,8,83,0,2,2,23:16,Tennessee Titans
6,6,6,2016-10-16,Sun,,CLE,W,28,26,,27,42,64.3,301,2,7.2,8.12,101.4,6,36,15,40,1,2.7,63,341,5.41,2,2,2,2,7,356,13,1,2,16,3,14,2,2,11,69,0,0,0,28:59,Tennessee Titans
7,7,7,2016-10-23,Sun,,IND,L,26,34,,27,39,69.2,341,3,8.7,10.28,121.8,2,12,24,81,0,3.4,65,422,6.49,2,2,4,4,4,204,16,7,3,26,4,10,0,0,12,131,0,0,0,32:30,Tennessee Titans
8,8,8,2016-10-27,Thu,,JAX,W,36,22,,33,54,61.1,322,3,6.0,7.07,96.4,2,15,11,48,0,4.4,67,370,5.52,0,0,2,2,6,275,22,3,2,27,6,13,0,1,7,75,1,0,1,25:35,Tennessee Titans
9,9,9,2016-11-06,Sun,@,SDG,L,35,43,,24,33,72.7,268,2,8.1,9.33,116.7,1,7,39,208,1,5.3,73,476,6.52,3,3,5,4,3,140,16,10,5,31,5,11,0,0,14,107,0,0,0,36:29,Tennessee Titans
10,10,10,2016-11-13,Sun,,GNB,W,47,25,,32,55,58.2,333,2,6.1,5.15,72.8,5,46,13,69,1,5.3,73,402,5.51,2,2,2,1,4,202,17,4,0,21,4,15,2,4,12,107,1,2,3,30:29,Tennessee Titans
11,11,11,2016-11-20,Sun,@,IND,L,17,24,,15,28,53.6,251,2,9.0,8.79,93.0,2,11,28,76,1,2.7,58,327,5.64,2,1,3,3,3,132,13,4,1,18,5,12,1,1,8,70,0,1,1,28:59,Tennessee Titans
12,12,12,2016-11-27,Sun,@,CHI,W,27,21,,28,54,51.9,316,3,5.9,5.30,72.8,0,0,22,95,0,4.3,76,411,5.41,0,0,3,3,4,182,20,3,2,25,9,17,1,3,7,48,0,2,2,30:35,Tennessee Titans
13,13,14,2016-12-11,Sun,,DEN,W,13,10,,36,52,69.2,330,1,6.3,6.73,92.6,3,20,9,18,0,2.0,64,348,5.44,1,1,1,1,5,207,19,0,0,19,3,11,1,2,9,87,2,0,2,27:33,Tennessee Titans
14,14,15,2016-12-18,Sun,@,KAN,W,19,17,,15,28,53.6,159,0,5.7,4.07,55.5,1,4,28,157,2,5.6,57,316,5.54,1,1,2,2,6,273,8,4,1,13,4,14,1,2,5,40,0,1,1,29:25,Tennessee Titans
15,15,16,2016-12-24,Sat,@,JAX,L,17,38,,27,39,69.2,331,2,8.5,9.51,112.2,2,14,28,84,1,3.0,69,415,6.01,4,4,4,2,3,143,16,6,3,25,4,12,0,0,4,45,1,0,1,32:31,Tennessee Titans
16,16,17,2017-01-01,Sun,,HOU,W,24,17,,26,48,54.2,243,1,5.1,5.48,75.3,4,35,22,46,1,2.1,74,289,3.91,2,1,2,2,3,142,13,6,1,20,3,15,4,6,6,35,1,0,1,29:08,Tennessee Titans
1,1,1,2016-09-12,Mon,,PIT,L,16,38,,27,37,73.0,290,3,7.8,8.24,111.3,1,10,30,147,2,4.9,68,437,6.43,1,1,5,5,2,107,14,9,0,23,9,14,2,2,4,81,0,1,1,33:18,Washington Commanders
2,2,2,2016-09-18,Sun,,DAL,L,23,27,,22,30,73.3,278,0,9.3,9.27,101.8,4,14,30,102,3,3.4,64,380,5.94,2,2,3,3,3,142,13,8,3,24,6,12,1,1,6,39,1,0,1,32:51,Washington Commanders
3,3,3,2016-09-25,Sun,@,NYG,W,29,27,,25,38,65.8,337,1,8.9,7.03,80.7,2,13,21,120,2,5.7,61,457,7.49,2,2,3,3,3,142,16,8,4,28,4,9,0,0,11,128,1,2,3,26:34,Washington Commanders
4,4,4,2016-10-02,Sun,,CLE,W,31,20,,28,40,70.0,217,1,5.4,4.80,80.9,1,6,28,163,1,5.8,69,380,5.51,2,2,2,2,1,55,16,8,2,26,8,12,0,1,7,101,2,1,3,28:57,Washington Commanders
5,5,5,2016-10-09,Sun,@,BAL,W,16,10,,30,47,63.8,188,1,4.0,4.43,79.0,3,22,19,118,0,6.2,69,306,4.43,1,1,1,1,8,381,12,5,1,18,3,15,1,3,9,65,1,0,1,30:25,Washington Commanders
6,6,6,2016-10-16,Sun,,PHI,W,27,20,,11,22,50.0,145,0,6.6,6.59,71.2,5,34,21,94,0,4.5,48,239,4.98,2,2,2,2,6,266,5,5,2,12,4,12,0,0,13,114,0,0,0,25:47,Washington Commanders
7,7,7,2016-10-23,Sun,@,DET,L,17,20,,18,29,62.1,250,1,8.6,9.31,101.2,3,16,19,94,1,4.9,51,344,6.75,3,2,2,2,3,153,13,5,1,19,3,9,0,0,4,30,0,0,0,25:01,Washington Commanders
8,8,8,2016-10-30,Sun,@,CIN,T,27,27,OT,27,42,64.3,263,1,6.3,5.67,79.8,3,21,36,152,3,4.2,81,415,5.12,1,0,4,3,5,261,17,10,8,35,8,15,0,0,7,85,1,1,2,35:18,Washington Commanders
9,9,10,2016-11-13,Sun,,MIN,W,26,20,,31,40,77.5,284,2,7.1,6.98,102.5,3,23,21,47,1,2.2,64,331,5.17,0,0,3,2,5,217,16,4,2,22,5,11,0,1,4,35,0,1,1,30:04,Washington Commanders
10,10,11,2016-11-20,Sun,,GNB,W,42,24,,27,44,61.4,340,3,7.7,8.07,98.7,2,20,19,84,0,4.4,65,424,6.52,2,1,3,3,3,138,15,2,2,19,7,15,1,2,6,59,1,1,2,30:23,Washington Commanders
11,11,12,2016-11-24,Thu,@,DAL,L,26,31,,17,24,70.8,190,1,7.9,8.75,108.0,1,5,30,163,3,5.4,55,353,6.42,1,1,4,4,2,88,11,12,1,24,4,8,0,0,3,25,0,0,0,26:36,Washington Commanders
12,12,13,2016-12-04,Sun,@,ARI,L,23,31,,30,46,65.2,281,3,6.1,7.41,103.6,2,19,24,88,1,3.7,72,369,5.13,2,1,4,4,3,119,16,7,1,24,10,16,1,1,6,51,0,0,0,33:46,Washington Commanders
13,13,14,2016-12-11,Sun,@,PHI,W,27,22,,32,46,69.6,288,1,6.3,5.72,84.3,4,26,26,95,0,3.7,76,383,5.04,3,3,1,1,2,106,18,5,1,24,9,18,2,3,5,54,1,1,2,36:38,Washington Commanders
14,14,15,2016-12-19,Mon,,CAR,L,15,26,,21,37,56.8,290,2,7.8,8.92,100.1,2,10,33,148,0,4.5,72,438,6.08,5,4,2,2,6,208,15,6,1,22,4,15,0,0,6,62,0,0,0,34:39,Washington Commanders
15,15,16,2016-12-24,Sat,@,CHI,W,41,21,,24,40,60.0,318,2,8.0,3.33,62.3,1,5,26,140,1,5.4,67,458,6.84,1,0,3,3,1,51,18,10,3,31,7,10,1,1,4,52,0,5,5,27:25,Washington Commanders
16,16,17,2017-01-01,Sun,,NYG,L,10,19,,17,27,63.0,171,0,6.3,6.33,80.9,1,9,40,161,1,4.0,68,332,4.88,2,2,1,1,8,363,10,5,2,17,6,17,0,1,5,42,0,0,0,35:52,Washington Commanders
