rk,gtm,week,date,day,game_location,opp,result,pts,pts_opp,ot,pass_cmp,pass_att,pass_cmp_pct,pass_yds,pass_td,pass_ya,pass_aya,pass_rate,pass_sk,pass_sk_yds,rush_att,rush_yds,rush_td,rush_ya,plays,total_yds,ypp,fga,fgm,xpa,xpm,punt,punt_yds,first_downs_pass,first_downs_rush,first_downs_pen,first_downs_total,third_down_conv,third_down_att,fourth_down_conv,fourth_down_att,pen,pen_yds,fumbles_lost,turnovers_int,turnovers_total,time_of_poss,team_name
1,1,1,2010-09-12,Sun,@,STL,W,17,13,,32,55,58.2,240,1,4.4,2.27,52.1,2,13,24,85,0,3.5,81,325,4.01,3,2,1,1,6,325,12,6,2,20,8,20,2,3,5,40,1,3,4,32:51,Arizona Cardinals
2,2,2,2010-09-19,Sun,@,ATL,L,7,41,,21,32,65.6,223,3,7.0,8.84,117.1,1,2,45,221,2,4.9,78,444,5.69,2,2,5,5,2,68,12,13,8,33,11,17,1,2,6,75,1,0,1,39:13,Arizona Cardinals
3,3,3,2010-09-26,Sun,,OAK,W,24,23,,17,34,50.0,231,1,6.8,6.06,69.6,3,24,33,133,1,4.0,70,364,5.20,6,3,2,2,5,259,12,4,4,20,4,15,1,1,11,123,0,1,1,32:58,Arizona Cardinals
4,4,4,2010-10-03,Sun,@,SDG,L,10,41,,16,21,76.2,239,2,11.4,13.29,144.7,1,10,38,180,2,4.7,60,419,6.98,3,2,5,5,1,67,12,9,2,23,5,10,0,0,5,44,1,0,1,34:58,Arizona Cardinals
5,5,5,2010-10-10,Sun,,NOR,W,30,20,,24,39,61.5,273,2,7.0,4.56,67.6,1,6,22,85,0,3.9,62,358,5.77,3,2,2,2,3,138,12,6,1,19,5,11,0,0,6,45,1,3,4,30:01,Arizona Cardinals
6,6,7,2010-10-24,Sun,@,SEA,L,10,22,,20,38,52.6,158,1,4.2,4.68,72.0,5,34,36,144,0,4.0,79,302,3.82,5,5,1,1,5,237,10,4,2,16,7,21,0,1,10,95,1,0,1,37:17,Arizona Cardinals
7,7,8,2010-10-31,Sun,,TAM,L,35,38,,18,25,72.0,253,1,10.1,10.92,117.6,2,25,30,154,2,5.1,57,407,7.14,2,1,5,5,6,252,9,9,1,19,4,12,1,1,9,80,2,0,2,30:29,Arizona Cardinals
8,8,9,2010-11-07,Sun,@,MIN,L,24,27,OT,36,47,76.6,427,2,9.1,8.02,100.2,3,19,20,80,1,4.0,70,507,7.24,2,2,3,3,4,191,22,4,2,28,3,12,1,2,11,65,1,2,3,38:05,Arizona Cardinals
9,9,10,2010-11-14,Sun,,SEA,L,18,36,,26,40,65.0,380,1,9.5,8.88,93.7,2,6,31,110,2,3.5,73,490,6.71,6,5,3,3,1,42,15,7,2,24,6,15,0,1,6,51,0,1,1,35:05,Arizona Cardinals
10,10,11,2010-11-21,Sun,@,KAN,L,13,31,,15,24,62.5,193,2,8.0,9.71,115.5,0,0,29,159,2,5.5,53,352,6.64,1,1,4,4,5,264,8,8,1,17,4,11,0,1,5,23,0,0,0,27:38,Arizona Cardinals
11,11,12,2010-11-29,Mon,,SFO,L,6,27,,11,23,47.8,125,1,5.4,4.35,61.0,1,4,47,261,2,5.6,71,386,5.44,4,2,3,3,2,106,6,18,2,26,7,13,0,0,6,40,0,1,1,39:01,Arizona Cardinals
12,12,13,2010-12-05,Sun,,STL,L,6,19,,18,29,62.1,169,0,5.8,4.28,63.7,2,18,36,119,1,3.3,67,288,4.30,4,4,1,1,4,200,11,5,2,18,6,17,0,0,2,15,0,1,1,33:46,Arizona Cardinals
13,13,14,2010-12-12,Sun,,DEN,W,43,13,,19,41,46.3,156,0,3.8,0.51,26.1,1,10,31,132,1,4.3,73,288,3.95,3,2,1,1,5,281,10,6,4,20,3,15,0,1,8,66,3,3,6,29:39,Arizona Cardinals
14,14,15,2010-12-19,Sun,@,CAR,L,12,19,,13,19,68.4,126,1,6.6,7.68,104.3,2,15,45,177,0,3.9,66,303,4.59,4,4,1,1,3,101,6,9,1,16,4,15,2,3,6,58,1,0,1,36:56,Arizona Cardinals
15,15,16,2010-12-25,Sat,,DAL,W,27,26,,23,37,62.2,199,2,5.4,4.03,71.8,5,27,34,183,1,5.4,76,382,5.03,2,2,3,2,5,267,10,11,3,24,8,18,1,1,7,49,1,2,3,38:05,Arizona Cardinals
16,16,17,2011-01-02,Sun,@,SFO,L,7,38,,15,29,51.7,262,2,9.0,10.41,105.8,2,14,25,100,2,4.0,56,362,6.46,1,1,5,5,7,266,11,4,1,16,2,11,0,0,5,25,0,0,0,27:12,Arizona Cardinals
1,1,1,2010-09-12,Sun,@,PIT,L,9,15,OT,18,26,69.2,211,0,8.1,6.38,77.6,3,25,31,143,1,4.6,60,354,5.90,5,3,0,0,5,254,8,6,0,14,4,14,0,0,4,25,0,1,1,32:06,Atlanta Falcons
2,2,2,2010-09-19,Sun,,ARI,W,41,7,,18,33,54.5,149,0,4.5,0.42,28.5,2,15,13,118,1,9.1,48,267,5.56,1,0,1,1,5,220,8,2,1,11,0,8,0,1,10,109,0,3,3,20:47,Atlanta Falcons
3,3,3,2010-09-26,Sun,@,NOR,W,27,24,OT,30,38,78.9,355,3,9.3,8.55,110.0,2,10,16,43,0,2.7,56,398,7.11,2,1,3,3,2,98,17,3,0,20,6,11,1,2,4,38,1,2,3,27:15,Atlanta Falcons
4,4,4,2010-10-03,Sun,,SFO,W,16,14,,21,32,65.6,181,1,5.7,3.47,64.7,1,7,23,81,0,3.5,56,262,4.68,0,0,2,2,5,216,10,5,2,17,6,12,1,1,6,41,1,2,3,30:41,Atlanta Falcons
5,5,5,2010-10-10,Sun,@,CLE,W,20,10,,25,39,64.1,221,1,5.7,3.87,66.3,3,25,20,48,0,2.4,62,269,4.34,1,1,1,1,5,234,15,1,2,18,7,15,0,0,7,58,1,2,3,29:54,Atlanta Falcons
6,6,6,2010-10-17,Sun,@,PHI,L,17,31,,23,29,79.3,320,3,11.0,11.55,132.8,1,6,38,154,1,4.1,68,474,6.97,4,1,4,4,2,90,12,9,2,23,7,14,1,1,9,78,0,1,1,34:03,Atlanta Falcons
7,7,7,2010-10-24,Sun,,CIN,W,39,32,,36,50,72.0,385,3,7.7,8.90,114.2,3,27,21,84,0,4.0,74,469,6.34,3,2,2,2,3,125,23,4,1,28,7,12,0,0,7,36,1,0,1,30:22,Atlanta Falcons
8,8,9,2010-11-07,Sun,,TAM,W,27,21,,11,22,50.0,182,2,8.3,6.00,70.6,1,7,27,96,0,3.6,50,278,5.56,0,0,3,3,3,117,7,6,1,14,8,13,0,1,5,30,0,2,2,25:54,Atlanta Falcons
9,9,10,2010-11-11,Thu,,BAL,W,26,21,,22,34,64.7,204,3,6.0,6.44,98.2,2,11,21,116,0,5.5,57,320,5.61,0,0,3,3,4,198,12,8,0,20,6,11,0,0,6,51,1,1,2,24:51,Atlanta Falcons
10,10,11,2010-11-21,Sun,@,STL,W,34,17,,27,42,64.3,233,2,5.5,5.43,84.7,0,0,12,71,0,5.9,54,304,5.63,1,1,2,2,5,234,10,5,0,15,1,10,1,2,7,54,0,1,1,24:05,Atlanta Falcons
11,11,12,2010-11-28,Sun,,GNB,W,20,17,,26,35,74.3,341,1,9.7,10.31,114.1,1,3,23,77,1,3.3,59,418,7.08,1,1,2,2,2,88,15,5,2,22,4,11,2,3,8,66,1,0,1,28:20,Atlanta Falcons
12,12,13,2010-12-05,Sun,@,TAM,W,28,24,,20,39,51.3,174,2,4.5,4.33,69.8,1,9,29,151,1,5.2,69,325,4.71,1,1,3,3,7,305,10,8,1,19,5,15,1,1,9,102,0,1,1,32:00,Atlanta Falcons
13,13,14,2010-12-12,Sun,@,CAR,W,31,10,,15,25,60.0,76,0,3.0,1.24,48.1,5,31,28,212,1,7.6,58,288,4.97,1,1,1,1,7,318,6,7,0,13,3,13,1,2,6,50,1,1,2,25:10,Atlanta Falcons
14,14,15,2010-12-19,Sun,@,SEA,W,34,18,,18,33,54.5,143,0,4.3,1.61,40.3,2,11,21,91,2,4.3,56,234,4.18,1,1,1,1,4,165,5,9,1,15,4,12,1,2,10,76,1,2,3,24:35,Atlanta Falcons
15,15,16,2010-12-27,Mon,,NOR,L,14,17,,35,49,71.4,296,1,6.0,4.61,76.6,1,6,24,72,1,3.0,74,368,4.97,1,1,2,2,7,317,17,6,0,23,8,17,0,0,8,92,0,2,2,36:35,Atlanta Falcons
16,16,17,2011-01-02,Sun,,CAR,W,31,10,,19,34,55.9,154,1,4.5,3.79,65.1,3,28,19,137,0,7.2,56,291,5.20,1,1,1,1,7,344,8,3,1,12,3,13,0,1,10,97,1,1,2,24:30,Atlanta Falcons
1,1,1,2010-09-12,Sun,@,NYG,L,18,31,,20,30,66.7,258,3,8.6,6.10,87.2,1,5,36,118,1,3.3,67,376,5.61,1,1,4,4,3,86,10,9,2,21,5,14,1,1,9,95,1,3,4,34:39,Carolina Panthers
2,2,2,2010-09-19,Sun,,TAM,L,7,20,,12,25,48.0,178,2,7.1,8.72,98.4,0,0,34,95,0,2.8,59,273,4.63,2,2,2,2,6,247,7,5,2,14,6,14,0,0,4,30,0,0,0,30:49,Carolina Panthers
3,3,3,2010-09-26,Sun,,CIN,L,7,20,,19,37,51.4,185,1,5.0,3.11,52.2,1,10,37,120,1,3.2,75,305,4.07,2,2,2,2,6,249,12,8,1,21,5,17,2,2,8,74,0,2,2,36:22,Carolina Panthers
4,4,4,2010-10-03,Sun,@,NOR,L,14,16,,33,48,68.8,262,1,5.5,5.88,89.1,2,13,29,121,0,4.2,79,383,4.85,3,3,1,1,3,160,16,9,2,27,8,14,0,0,4,36,2,0,2,38:22,Carolina Panthers
5,5,5,2010-10-10,Sun,,CHI,L,6,23,,8,19,42.1,29,0,1.5,-7.95,10.1,3,22,42,218,2,5.2,64,247,3.86,3,3,2,2,6,234,2,10,1,13,3,15,0,0,5,45,0,4,4,30:19,Carolina Panthers
6,6,7,2010-10-24,Sun,,SFO,W,23,20,,14,32,43.8,183,1,5.7,4.94,59.8,2,13,22,99,0,4.5,56,282,5.04,2,2,2,2,7,353,9,6,0,15,4,13,0,0,11,81,0,1,1,23:55,Carolina Panthers
7,7,8,2010-10-31,Sun,@,STL,L,10,20,,25,32,78.1,184,2,5.8,7.00,111.5,2,7,29,62,0,2.1,63,246,3.90,3,2,2,2,5,241,12,1,2,15,6,15,0,0,7,65,0,0,0,36:28,Carolina Panthers
8,8,9,2010-11-07,Sun,,NOR,L,3,34,,27,43,62.8,243,2,5.7,5.53,83.8,1,10,32,165,1,5.2,76,408,5.37,2,2,4,4,5,232,14,9,4,27,7,14,0,1,7,64,0,1,1,34:41,Carolina Panthers
9,9,10,2010-11-14,Sun,@,TAM,L,16,31,,18,24,75.0,235,2,9.8,11.46,133.2,1,6,30,186,2,6.2,55,421,7.65,1,1,4,4,4,177,11,9,1,21,5,10,0,0,10,80,2,0,2,31:20,Carolina Panthers
10,10,11,2010-11-21,Sun,,BAL,L,13,37,,24,33,72.7,278,1,8.4,9.03,107.9,3,23,31,100,1,3.2,67,378,5.64,3,3,4,4,5,233,13,7,2,22,2,11,0,0,3,20,2,0,2,34:33,Carolina Panthers
11,11,12,2010-11-28,Sun,@,CLE,L,23,24,,24,36,66.7,227,0,6.3,3.81,60.8,2,18,32,152,3,4.8,70,379,5.41,1,1,3,3,3,109,12,10,4,26,4,11,0,1,5,46,1,2,3,31:44,Carolina Panthers
12,12,13,2010-12-05,Sun,@,SEA,L,14,31,,17,30,56.7,210,0,7.0,4.00,50.7,3,19,31,161,3,5.2,64,371,5.80,2,1,4,4,3,153,11,11,3,25,5,10,0,0,4,20,0,2,2,29:30,Carolina Panthers
13,13,14,2010-12-12,Sun,,ATL,L,10,31,,20,34,58.8,200,1,5.9,5.15,73.2,3,27,36,127,3,3.5,73,327,4.48,1,1,4,4,7,283,12,11,1,24,9,17,0,0,1,10,0,1,1,34:50,Carolina Panthers
14,14,15,2010-12-19,Sun,,ARI,W,19,12,,17,33,51.5,175,0,5.3,3.94,54.5,3,21,17,43,0,2.5,53,218,4.11,2,2,0,0,6,253,7,3,1,11,4,15,1,1,4,39,1,1,2,23:04,Carolina Panthers
15,15,16,2010-12-23,Thu,@,PIT,L,3,27,,22,32,68.8,293,1,9.2,9.78,107.9,3,27,33,115,2,3.5,68,408,6.00,3,2,3,3,3,136,14,6,2,22,4,12,0,1,4,40,2,0,2,35:24,Carolina Panthers
16,16,17,2011-01-02,Sun,@,ATL,L,10,31,,26,38,68.4,253,2,6.7,7.71,104.4,1,3,32,99,1,3.1,71,352,4.96,1,1,4,4,4,163,14,7,3,24,4,11,0,2,4,20,1,0,1,35:30,Carolina Panthers
1,1,1,2010-09-12,Sun,,DET,W,19,14,,20,34,58.8,148,0,4.4,3.03,57.0,2,23,21,20,2,1.0,57,168,2.95,0,0,2,2,8,337,9,3,1,13,4,14,0,1,7,40,2,1,3,25:18,Chicago Bears
2,2,2,2010-09-19,Sun,@,DAL,W,27,20,,34,51,66.7,374,1,7.3,5.96,78.4,0,0,20,36,0,1.8,71,410,5.77,3,2,2,2,3,127,17,6,0,23,6,13,0,0,6,50,1,2,3,33:40,Chicago Bears
3,3,3,2010-09-27,Mon,,GNB,W,20,17,,34,45,75.6,316,1,7.0,6.47,92.5,0,0,15,63,1,4.2,60,379,6.32,2,1,2,2,3,150,16,4,1,21,4,10,0,0,18,152,1,1,2,35:49,Chicago Bears
4,4,4,2010-10-03,Sun,@,NYG,L,3,17,,18,30,60.0,183,0,6.1,6.10,77.5,2,12,32,189,2,5.9,64,372,5.81,2,1,2,2,7,294,7,11,0,18,3,12,0,0,6,44,3,0,3,33:25,Chicago Bears
5,5,5,2010-10-10,Sun,@,CAR,W,23,6,,14,32,43.8,62,0,1.9,-2.28,12.0,5,34,25,85,0,3.4,62,147,2.37,3,2,0,0,9,403,4,3,1,8,3,18,1,1,7,53,0,3,3,29:41,Chicago Bears
6,6,6,2010-10-17,Sun,,SEA,L,20,23,,25,40,62.5,242,1,6.1,6.55,87.7,0,0,31,111,2,3.6,71,353,4.97,0,0,3,3,10,397,14,6,0,20,7,18,0,0,5,83,0,0,0,34:23,Chicago Bears
7,7,7,2010-10-24,Sun,,WAS,L,14,17,,17,32,53.1,187,1,5.8,3.66,55.1,2,13,28,121,0,4.3,62,308,4.97,2,1,2,2,7,233,9,4,0,13,2,13,0,0,7,48,1,2,3,29:12,Chicago Bears
8,8,9,2010-11-07,Sun,@,BUF,W,22,19,,31,51,60.8,294,1,5.8,4.39,67.0,1,5,18,46,2,2.6,70,340,4.86,0,0,2,1,3,87,16,5,1,22,10,16,1,2,4,33,1,2,3,28:47,Chicago Bears
9,9,10,2010-11-14,Sun,,MIN,W,27,13,,18,31,58.1,170,1,5.5,1.77,44.5,1,0,22,70,0,3.2,54,240,4.44,3,2,1,1,4,176,6,6,3,15,1,9,0,0,2,19,1,3,4,25:21,Chicago Bears
10,10,11,2010-11-18,Thu,@,MIA,W,16,0,,17,29,58.6,148,0,5.1,3.55,57.8,6,39,13,39,0,3.0,48,187,3.90,0,0,0,0,7,281,9,1,0,10,1,11,1,2,5,45,0,1,1,22:09,Chicago Bears
11,11,12,2010-11-28,Sun,,PHI,W,31,26,,29,44,65.9,293,2,6.7,6.55,90.4,4,40,22,105,0,4.8,70,398,5.69,4,4,2,2,3,135,19,4,1,24,4,13,2,2,3,19,0,1,1,31:58,Chicago Bears
12,12,13,2010-12-05,Sun,@,DET,W,24,20,,16,24,66.7,168,1,7.0,7.83,100.7,2,10,27,134,1,5.0,53,302,5.70,2,2,2,2,4,173,8,6,0,14,6,14,1,2,6,42,0,0,0,26:41,Chicago Bears
13,13,14,2010-12-12,Sun,,NWE,L,7,36,,27,40,67.5,351,2,8.8,9.78,111.6,3,18,35,124,1,3.5,78,475,6.09,3,3,4,3,2,71,16,11,0,27,12,19,0,1,4,43,0,0,0,39:41,Chicago Bears
14,14,15,2010-12-20,Mon,@,MIN,W,40,14,,20,33,60.6,159,1,4.8,1.33,44.9,4,33,24,114,1,4.8,61,273,4.48,0,0,2,2,6,196,11,4,1,16,3,11,0,1,6,55,2,3,5,28:30,Chicago Bears
15,15,16,2010-12-26,Sun,,NYJ,W,38,34,,24,38,63.2,269,1,7.1,6.42,82.0,0,0,30,124,2,4.1,68,393,5.78,2,2,4,4,4,161,13,11,0,24,7,14,0,1,3,34,1,1,2,33:51,Chicago Bears
16,16,17,2011-01-02,Sun,@,GNB,L,3,10,,19,28,67.9,224,1,8.0,7.11,89.0,2,5,23,60,0,2.6,53,284,5.36,1,1,1,1,8,348,9,3,2,14,2,11,0,0,4,30,1,1,2,29:20,Chicago Bears
1,1,1,2010-09-12,Sun,@,NWE,L,24,38,,25,35,71.4,258,3,7.4,9.09,120.9,0,0,23,118,0,5.1,58,376,6.48,3,1,5,5,1,43,13,7,0,20,9,13,0,1,6,30,0,0,0,28:10,Cincinnati Bengals
2,2,2,2010-09-19,Sun,,BAL,W,15,10,,17,39,43.6,150,1,3.8,-0.26,23.4,1,4,23,109,0,4.7,63,259,4.11,1,1,1,1,7,257,7,6,1,14,4,15,0,1,5,45,0,4,4,25:44,Cincinnati Bengals
3,3,3,2010-09-26,Sun,@,CAR,W,20,7,,16,33,48.5,180,0,5.5,4.09,52.6,1,8,24,87,1,3.6,58,267,4.60,0,0,1,1,6,267,9,4,4,17,2,11,0,2,6,45,3,1,4,23:38,Cincinnati Bengals
4,4,4,2010-10-03,Sun,@,CLE,L,20,23,,18,30,60.0,179,1,6.0,5.13,74.2,1,5,35,116,1,3.3,66,295,4.47,3,3,2,2,4,187,10,8,3,21,6,14,0,0,7,44,0,1,1,30:46,Cincinnati Bengals
5,5,5,2010-10-10,Sun,,TAM,L,21,24,,22,35,62.9,266,1,7.6,6.89,83.7,3,18,22,125,1,5.7,60,391,6.52,1,1,3,3,6,203,14,6,1,21,5,11,0,0,3,25,2,1,3,30:25,Cincinnati Bengals
6,6,7,2010-10-24,Sun,@,ATL,L,32,39,,24,33,72.7,299,3,9.1,9.52,118.1,0,0,30,153,2,5.1,63,452,7.17,1,1,4,4,3,135,12,9,1,22,7,13,1,1,3,41,1,1,2,29:38,Cincinnati Bengals
7,7,8,2010-10-31,Sun,,MIA,L,14,22,,24,37,64.9,217,0,5.9,4.65,69.3,0,0,31,137,1,4.4,68,354,5.21,5,5,1,1,4,196,10,8,2,20,5,15,0,0,4,42,1,1,2,33:29,Cincinnati Bengals
8,8,9,2010-11-08,Mon,,PIT,L,21,27,,18,28,64.3,193,2,6.9,6.71,93.3,1,9,32,121,1,3.8,61,314,5.15,3,2,3,3,5,203,7,7,0,14,6,14,0,0,7,73,1,1,2,32:19,Cincinnati Bengals
9,9,10,2010-11-14,Sun,@,IND,L,17,23,,20,36,55.6,180,0,5.0,5.00,69.2,2,5,22,76,1,3.5,60,256,4.27,3,3,2,2,7,289,12,3,1,16,5,14,0,0,5,45,0,0,0,25:49,Cincinnati Bengals
10,10,11,2010-11-21,Sun,,BUF,L,31,49,,21,34,61.8,308,4,9.1,8.76,106.0,1,8,25,141,2,5.6,60,449,7.48,1,0,7,7,1,44,13,7,3,23,5,10,1,1,10,58,0,2,2,27:51,Cincinnati Bengals
11,11,12,2010-11-25,Thu,@,NYJ,L,10,26,,16,28,57.1,149,1,5.3,4.43,68.9,2,17,37,170,1,4.6,67,319,4.76,2,1,3,3,8,354,9,8,1,18,3,13,0,0,8,64,0,1,1,33:29,Cincinnati Bengals
12,12,13,2010-12-05,Sun,,NOR,L,30,34,,24,29,82.8,290,2,10.0,9.83,117.0,2,23,22,146,2,6.6,53,436,8.23,2,2,4,4,3,136,10,8,1,19,1,8,0,0,11,100,0,1,1,27:27,Cincinnati Bengals
13,13,14,2010-12-12,Sun,@,PIT,L,7,23,,21,33,63.6,231,0,7.0,7.00,84.3,4,27,27,123,0,4.6,64,354,5.53,3,3,2,2,5,176,11,7,0,18,7,15,0,0,9,89,0,0,0,34:31,Cincinnati Bengals
14,14,15,2010-12-19,Sun,,CLE,W,19,17,,19,25,76.0,219,2,8.8,10.36,128.6,4,24,14,59,0,4.2,43,278,6.47,1,1,2,2,5,185,12,1,1,14,2,8,0,0,3,25,0,0,0,21:57,Cincinnati Bengals
15,15,16,2010-12-26,Sun,,SDG,W,34,20,,27,40,67.5,249,1,6.2,5.60,82.2,1,7,22,64,1,2.9,63,313,4.97,2,2,2,2,4,127,16,4,3,23,6,13,0,1,1,5,1,1,2,29:51,Cincinnati Bengals
16,16,17,2011-01-02,Sun,@,BAL,L,7,13,,14,19,73.7,101,0,5.3,2.95,63.7,4,24,27,98,1,3.6,50,199,3.98,2,2,1,1,7,335,5,4,1,10,2,11,0,0,7,45,1,1,2,25:18,Cincinnati Bengals
1,1,1,2010-09-12,Sun,@,PHI,W,27,20,,21,34,61.8,171,1,5.0,5.62,84.3,6,28,20,149,1,7.5,60,320,5.33,2,2,2,2,5,249,8,7,1,16,5,13,0,1,10,80,1,0,1,28:05,Green Bay Packers
2,2,2,2010-09-19,Sun,,BUF,W,34,7,,11,18,61.1,62,0,3.4,-1.56,27.8,4,40,32,124,1,3.9,54,186,3.44,0,0,1,1,5,232,4,9,1,14,4,12,0,2,4,35,0,2,2,29:04,Green Bay Packers
3,3,3,2010-09-27,Mon,@,CHI,L,17,20,,16,27,59.3,199,1,7.4,6.44,79.1,3,22,18,77,0,4.3,48,276,5.75,3,2,2,2,2,97,11,2,5,18,3,9,0,1,5,38,0,1,1,24:11,Green Bay Packers
4,4,4,2010-10-03,Sun,,DET,W,28,26,,34,54,63.0,308,2,5.7,4.78,75.2,3,23,21,123,0,5.9,78,431,5.53,5,4,2,2,2,67,18,3,3,24,10,17,0,0,13,102,1,2,3,37:37,Green Bay Packers
5,5,5,2010-10-10,Sun,@,WAS,L,13,16,OT,26,49,53.1,322,1,6.6,6.06,72.0,5,35,21,51,0,2.4,75,373,4.97,4,3,1,1,8,357,13,3,5,21,5,17,0,1,4,28,0,1,1,34:14,Green Bay Packers
6,6,6,2010-10-17,Sun,,MIA,L,20,23,OT,23,39,59.0,231,2,5.9,5.79,82.3,0,0,39,150,0,3.8,78,381,4.88,3,3,2,2,4,167,15,8,3,26,6,14,0,1,4,30,0,1,1,37:56,Green Bay Packers
7,7,7,2010-10-24,Sun,,MIN,W,28,24,,16,29,55.2,206,1,7.1,3.14,49.6,1,6,36,196,2,5.4,66,402,6.09,1,1,3,3,2,100,9,11,1,21,6,14,2,3,6,40,0,3,3,31:04,Green Bay Packers
8,8,8,2010-10-31,Sun,@,NYJ,W,9,0,,16,38,42.1,241,0,6.3,3.97,41.7,2,15,29,119,0,4.1,69,360,5.22,1,0,0,0,5,216,11,3,1,15,7,17,0,3,7,55,1,2,3,31:23,Green Bay Packers
9,9,9,2010-11-07,Sun,,DAL,W,45,7,,19,30,63.3,166,1,5.5,3.20,61.2,4,17,14,39,0,2.8,48,205,4.27,0,0,1,1,6,317,10,1,1,12,4,10,0,0,5,40,2,2,4,22:04,Green Bay Packers
10,10,11,2010-11-21,Sun,@,MIN,W,31,3,,17,38,44.7,207,0,5.4,4.26,51.1,1,1,18,93,0,5.2,57,300,5.26,1,1,0,0,5,208,10,5,0,15,4,13,0,2,6,50,1,1,2,26:44,Green Bay Packers
11,11,12,2010-11-28,Sun,@,ATL,L,17,20,,24,28,85.7,177,1,6.3,7.04,104.9,2,20,27,117,1,4.3,57,294,5.16,2,2,2,2,4,161,12,6,1,19,4,12,2,2,4,50,0,0,0,31:40,Green Bay Packers
12,12,13,2010-12-05,Sun,,SFO,W,34,16,,10,25,40.0,172,1,6.9,5.88,60.7,4,22,22,97,0,4.4,51,269,5.27,3,3,1,1,5,236,7,4,0,11,3,12,1,1,6,32,0,1,1,22:49,Green Bay Packers
13,13,14,2010-12-12,Sun,@,DET,L,3,7,,10,22,45.5,96,1,4.4,1.18,35.4,2,21,41,190,0,4.6,65,286,4.40,1,0,1,1,8,354,7,7,1,15,3,15,0,1,6,35,0,2,2,30:48,Green Bay Packers
14,14,15,2010-12-19,Sun,@,NWE,L,27,31,,15,24,62.5,136,2,5.7,7.33,105.6,3,27,16,113,1,7.1,43,249,5.79,1,1,4,4,5,202,9,5,0,14,4,10,0,0,7,52,0,0,0,19:12,Green Bay Packers
15,15,16,2010-12-26,Sun,,NYG,W,45,17,,17,33,51.5,296,2,9.0,4.73,63.0,1,5,21,90,0,4.3,55,386,7.02,1,1,2,2,4,169,11,3,2,16,4,12,1,1,5,45,2,4,6,22:59,Green Bay Packers
16,16,17,2011-01-02,Sun,,CHI,W,10,3,,21,39,53.8,117,0,3.0,0.69,38.1,6,51,20,110,0,5.5,65,227,3.49,1,1,0,0,8,364,8,5,0,13,5,16,0,1,6,46,0,2,2,30:40,Green Bay Packers
1,1,1,2010-09-12,Sun,,IND,W,34,24,,40,57,70.2,419,3,7.4,8.40,108.7,2,14,10,44,0,4.4,69,463,6.71,1,1,3,3,5,178,20,3,2,25,4,12,1,1,5,73,1,0,1,29:07,Houston Texans
2,2,2,2010-09-19,Sun,@,WAS,W,30,27,OT,28,38,73.7,403,1,10.6,11.13,116.4,3,23,17,18,2,1.1,58,421,7.26,4,2,3,3,4,192,17,3,1,21,2,10,0,0,7,58,0,0,0,31:47,Houston Texans
3,3,3,2010-09-26,Sun,,DAL,L,13,27,,23,30,76.7,284,2,9.5,10.80,127.6,0,0,27,101,1,3.7,57,385,6.75,2,2,3,3,2,107,13,6,2,21,4,11,2,3,8,49,0,0,0,32:20,Houston Texans
4,4,4,2010-10-03,Sun,@,OAK,W,31,24,,24,39,61.5,245,2,6.3,5.00,75.3,4,33,25,118,1,4.7,68,363,5.34,1,1,3,3,5,215,14,8,2,24,5,12,0,1,2,23,1,2,3,30:31,Houston Texans
5,5,5,2010-10-10,Sun,,NYG,L,10,34,,27,42,64.3,297,3,7.1,6.36,89.1,0,0,32,117,1,3.7,74,414,5.59,2,2,4,4,4,197,14,9,3,26,5,14,0,0,9,84,0,2,2,38:51,Houston Texans
6,6,6,2010-10-17,Sun,,KAN,W,35,31,,20,29,69.0,189,3,6.5,8.59,121.2,1,12,38,228,1,6.0,68,417,6.13,1,1,4,4,4,202,13,9,3,25,9,16,1,1,5,35,0,0,0,33:28,Houston Texans
7,7,8,2010-11-01,Mon,@,IND,L,17,30,,26,45,57.8,259,2,5.8,6.64,89.0,1,9,28,107,0,3.8,74,366,4.95,3,3,3,3,4,178,15,8,1,24,7,15,1,1,9,69,0,0,0,36:25,Houston Texans
8,8,9,2010-11-07,Sun,,SDG,L,23,29,,17,23,73.9,290,4,12.6,14.13,137.2,1,5,26,77,0,3.0,50,367,7.34,0,0,3,3,3,86,13,5,0,18,4,9,0,0,6,62,1,1,2,26:11,Houston Texans
9,9,10,2010-11-14,Sun,@,JAX,L,24,31,,24,31,77.4,326,2,10.5,11.81,131.9,2,16,36,165,2,4.6,69,491,7.12,3,1,4,4,3,131,15,12,2,29,4,11,1,1,8,62,0,0,0,35:23,Houston Texans
10,10,11,2010-11-21,Sun,@,NYJ,L,27,30,,22,38,57.9,298,3,7.8,8.24,98.4,3,17,31,103,0,3.3,72,401,5.57,4,3,3,3,4,190,13,7,2,22,7,15,0,0,4,39,1,1,2,34:19,Houston Texans
11,11,12,2010-11-28,Sun,,TEN,W,20,0,,17,31,54.8,138,0,4.5,0.10,26.7,1,0,12,24,0,2.0,44,162,3.68,0,0,0,0,7,328,6,1,2,9,3,11,0,0,10,79,0,3,3,20:19,Houston Texans
12,12,13,2010-12-02,Thu,@,PHI,L,24,34,,22,33,66.7,301,2,9.1,8.97,103.2,1,1,29,115,2,4.0,63,416,6.60,2,2,4,4,3,107,14,8,0,22,6,12,0,0,11,85,0,1,1,31:49,Houston Texans
13,13,14,2010-12-13,Mon,,BAL,L,28,34,OT,22,33,66.7,190,2,5.8,6.97,101.8,5,45,24,63,1,2.6,62,253,4.08,0,0,4,4,7,318,13,3,3,19,8,15,0,0,3,15,0,0,0,31:18,Houston Texans
14,14,15,2010-12-19,Sun,@,TEN,L,17,31,,14,24,58.3,212,2,8.8,8.63,97.9,3,25,30,147,2,4.9,57,359,6.30,1,1,4,4,4,150,12,6,1,19,3,11,2,2,12,76,0,1,1,27:31,Houston Texans
15,15,16,2010-12-26,Sun,@,DEN,L,23,24,,16,29,55.2,305,1,10.5,9.66,89.0,1,3,33,126,2,3.8,63,431,6.84,1,1,3,3,4,174,13,10,2,25,5,11,0,0,4,27,0,1,1,31:50,Houston Texans
16,16,17,2011-01-02,Sun,,JAX,W,34,17,,12,25,48.0,124,1,5.0,3.96,59.4,2,16,35,198,1,5.7,62,322,5.19,2,1,2,2,4,177,6,15,2,23,1,10,3,3,2,15,1,1,2,30:48,Houston Texans
1,1,1,2010-09-12,Sun,@,HOU,L,24,34,,9,17,52.9,98,1,5.8,4.29,65.3,2,9,42,257,3,6.1,61,355,5.82,2,2,4,4,2,91,7,15,1,23,6,11,1,1,7,50,0,1,1,30:53,Indianapolis Colts
2,2,2,2010-09-19,Sun,,NYG,W,38,14,,13,24,54.2,137,2,5.7,5.50,81.4,4,24,25,120,0,4.8,53,257,4.85,0,0,2,2,6,273,6,6,1,13,3,11,0,1,3,25,2,1,3,24:54,Indianapolis Colts
3,3,3,2010-09-26,Sun,@,DEN,W,27,13,,37,57,64.9,472,1,8.3,7.84,89.2,1,4,18,47,0,2.6,76,519,6.83,2,2,1,1,3,143,20,2,1,23,5,15,1,4,6,60,1,1,2,29:52,Indianapolis Colts
4,4,4,2010-10-03,Sun,@,JAX,L,28,31,,17,22,77.3,163,2,7.4,9.23,127.7,0,0,35,174,2,5.0,57,337,5.91,1,1,4,4,4,170,9,10,1,20,9,13,0,0,7,45,0,0,0,29:46,Indianapolis Colts
5,5,5,2010-10-10,Sun,,KAN,W,19,9,,16,29,55.2,148,0,5.1,5.10,69.3,1,8,27,113,0,4.2,57,261,4.58,4,3,0,0,4,212,8,7,1,16,1,10,1,2,4,38,1,0,1,25:35,Indianapolis Colts
6,6,6,2010-10-17,Sun,@,WAS,W,27,24,,29,45,64.4,222,1,4.9,3.38,65.2,3,24,24,113,2,4.7,72,335,4.65,2,1,3,3,6,277,15,8,0,23,4,13,0,1,7,53,0,2,2,32:30,Indianapolis Colts
7,7,8,2010-11-01,Mon,,HOU,W,30,17,,22,38,57.9,183,1,4.8,4.16,68.2,3,18,18,108,1,6.0,59,291,4.93,1,1,2,2,5,222,10,7,2,19,3,11,0,1,5,30,1,1,2,23:35,Indianapolis Colts
8,8,9,2010-11-07,Sun,@,PHI,L,24,26,,17,29,58.6,207,1,7.1,7.83,92.2,3,11,31,195,1,6.3,63,402,6.38,4,4,2,2,4,148,9,8,2,19,7,15,0,0,14,125,0,0,0,31:50,Indianapolis Colts
9,9,10,2010-11-14,Sun,,CIN,W,23,17,,31,42,73.8,269,2,6.4,4.14,76.4,3,23,20,72,0,3.6,65,341,5.25,1,1,2,2,4,161,16,3,0,19,5,13,1,1,4,38,2,3,5,34:11,Indianapolis Colts
10,10,11,2010-11-21,Sun,@,NWE,L,28,31,,19,25,76.0,178,2,7.1,8.72,121.7,1,8,34,168,2,4.9,60,346,5.77,1,1,4,4,3,132,13,8,1,22,7,11,0,0,1,15,0,0,0,30:39,Indianapolis Colts
11,11,12,2010-11-28,Sun,,SDG,L,14,36,,19,23,82.6,172,0,7.5,7.48,97.8,2,13,34,129,1,3.8,59,301,5.10,5,5,3,3,3,154,10,8,0,18,0,8,0,0,4,40,0,0,0,35:38,Indianapolis Colts
12,12,13,2010-12-05,Sun,,DAL,L,35,38,OT,18,26,69.2,151,1,5.8,6.58,96.8,2,16,46,217,1,4.7,74,368,4.97,4,3,3,3,4,146,11,12,1,24,8,15,0,0,5,35,0,0,0,40:00,Indianapolis Colts
13,13,14,2010-12-09,Thu,@,TEN,W,30,28,,28,39,71.8,244,3,6.3,7.79,113.6,0,0,25,121,1,4.8,64,365,5.70,0,0,4,4,4,165,16,6,0,22,5,11,1,2,5,29,2,0,2,27:29,Indianapolis Colts
14,14,15,2010-12-19,Sun,,JAX,W,34,24,,24,38,63.2,289,2,7.6,7.47,93.0,1,5,22,67,0,3.0,61,356,5.84,1,1,3,3,4,192,14,4,2,20,5,13,2,3,6,55,1,1,2,30:22,Indianapolis Colts
15,15,16,2010-12-26,Sun,@,OAK,W,31,26,,29,42,69.0,210,1,5.0,5.48,88.4,3,21,20,80,0,4.0,65,290,4.46,5,4,2,2,6,281,12,4,0,16,4,15,0,1,10,116,0,0,0,30:01,Indianapolis Colts
16,16,17,2011-01-02,Sun,,TEN,W,23,20,,28,39,71.8,290,2,7.4,8.46,110.0,1,10,24,51,0,2.1,64,341,5.33,3,2,2,2,5,211,14,3,0,17,6,15,1,1,7,58,1,0,1,31:17,Indianapolis Colts
1,1,1,2010-09-12,Sun,,DEN,W,24,17,,21,33,63.6,274,1,8.3,7.55,87.2,3,21,25,89,1,3.6,61,363,5.95,1,1,2,2,4,172,14,6,1,21,3,10,1,2,7,70,1,1,2,30:30,Jacksonville Jaguars
2,2,2,2010-09-19,Sun,@,SDG,L,13,38,,22,29,75.9,326,3,11.2,10.21,117.9,1,8,30,151,2,5.0,60,477,7.95,1,1,5,5,2,34,17,7,1,25,4,8,0,0,4,25,1,2,3,29:36,Jacksonville Jaguars
3,3,3,2010-09-26,Sun,,PHI,L,3,28,,17,31,54.8,267,3,8.6,10.55,115.9,3,24,21,106,1,5.0,55,373,6.78,0,0,4,4,7,316,10,4,1,15,5,13,0,1,7,84,0,0,0,27:07,Jacksonville Jaguars
4,4,4,2010-10-03,Sun,,IND,W,31,28,,33,46,71.7,348,2,7.6,7.46,98.8,1,4,19,58,2,3.1,66,406,6.15,0,0,4,4,2,110,23,5,0,28,7,10,1,1,3,35,1,1,2,30:14,Jacksonville Jaguars
5,5,5,2010-10-10,Sun,@,BUF,W,36,26,,20,30,66.7,196,3,6.5,8.53,118.2,3,24,21,110,0,5.2,54,306,5.67,2,2,2,2,4,194,10,5,2,17,3,11,0,2,5,35,0,0,0,25:39,Jacksonville Jaguars
6,6,6,2010-10-18,Mon,,TEN,L,3,30,,14,21,66.7,171,2,8.1,10.05,123.3,0,0,39,153,1,3.9,60,324,5.40,3,3,3,3,2,98,10,8,2,20,8,14,1,1,8,57,0,0,0,32:45,Jacksonville Jaguars
7,7,7,2010-10-24,Sun,@,KAN,L,20,42,,13,18,72.2,190,2,10.6,12.78,143.3,1,3,42,236,3,5.6,61,426,6.98,0,0,6,6,3,136,10,13,2,25,6,11,1,2,7,92,0,0,0,34:00,Jacksonville Jaguars
8,8,8,2010-10-31,Sun,@,DAL,W,35,17,,34,49,69.4,365,1,7.4,4.18,63.7,2,14,22,50,1,2.3,73,415,5.68,1,1,2,2,3,134,16,5,4,25,6,13,2,3,3,20,0,4,4,27:25,Jacksonville Jaguars
9,9,10,2010-11-14,Sun,,HOU,W,31,24,,22,32,68.8,314,2,9.8,11.06,121.1,0,0,21,81,1,3.9,53,395,7.45,1,1,3,3,4,150,13,6,1,20,4,10,0,0,8,49,1,0,1,24:37,Jacksonville Jaguars
10,10,11,2010-11-21,Sun,,CLE,W,24,20,,17,28,60.7,195,1,7.0,6.07,78.7,6,46,26,88,0,3.4,60,283,4.72,4,2,2,2,5,220,10,4,1,15,7,16,0,0,5,45,0,1,1,28:32,Jacksonville Jaguars
11,11,12,2010-11-28,Sun,@,NYG,L,20,24,,14,24,58.3,226,2,9.4,11.08,117.7,0,0,26,135,0,5.2,50,361,7.22,3,3,1,1,3,149,11,6,0,17,3,10,0,0,4,25,0,0,0,24:33,Jacksonville Jaguars
12,12,13,2010-12-05,Sun,@,TEN,W,17,6,,14,32,43.8,163,0,5.1,2.28,33.7,1,6,14,57,0,4.1,47,220,4.68,2,2,0,0,2,72,8,2,1,11,2,11,1,3,4,30,0,2,2,20:06,Jacksonville Jaguars
13,13,14,2010-12-12,Sun,,OAK,W,38,31,,22,33,66.7,323,2,9.8,9.64,106.0,3,21,25,153,2,6.1,61,476,7.80,1,1,4,4,5,210,16,3,2,21,6,13,0,1,4,25,1,1,2,30:05,Jacksonville Jaguars
14,14,15,2010-12-19,Sun,@,IND,L,24,34,,29,39,74.4,221,2,5.7,6.69,104.8,1,8,24,155,1,6.5,64,376,5.88,2,2,4,4,6,235,12,7,0,19,5,13,0,0,6,68,0,0,0,29:38,Jacksonville Jaguars
15,15,16,2010-12-26,Sun,,WAS,L,17,20,OT,19,39,48.7,172,1,4.4,3.77,58.9,1,10,24,79,1,3.3,64,251,3.92,2,2,2,2,9,368,8,5,2,15,4,15,1,1,5,40,0,1,1,29:53,Jacksonville Jaguars
16,16,17,2011-01-02,Sun,@,HOU,L,17,34,,18,22,81.8,253,1,11.5,12.41,129.7,0,0,37,244,3,6.6,59,497,8.42,2,2,4,4,3,116,9,12,1,22,5,11,0,1,5,48,0,0,0,29:12,Jacksonville Jaguars
1,1,1,2010-09-13,Mon,,SDG,W,21,14,,22,39,56.4,280,2,7.2,8.21,96.1,2,18,29,109,0,3.8,70,389,5.56,0,0,2,2,8,382,14,4,0,18,4,15,1,3,5,30,1,0,1,37:28,Kansas City Chiefs
2,2,2,2010-09-19,Sun,@,CLE,W,16,14,,16,31,51.6,226,1,7.3,6.48,72.8,1,3,26,73,1,2.8,58,299,5.16,1,0,2,2,8,337,8,3,2,13,4,13,0,0,9,78,1,1,2,26:47,Kansas City Chiefs
3,3,3,2010-09-26,Sun,,SFO,W,31,10,,23,42,54.8,208,1,5.0,4.36,66.4,5,24,15,43,0,2.9,62,251,4.05,1,1,1,1,8,378,9,2,0,11,4,17,2,3,6,55,0,1,1,26:10,Kansas City Chiefs
4,4,5,2010-10-10,Sun,@,IND,L,9,19,,26,44,59.1,244,0,5.5,4.52,65.0,1,0,31,97,1,3.1,76,341,4.49,4,4,1,1,2,105,14,8,1,23,8,17,0,1,5,45,0,1,1,34:25,Kansas City Chiefs
5,5,6,2010-10-17,Sun,@,HOU,L,31,35,,25,33,75.8,289,2,8.8,9.97,121.9,2,16,22,132,3,6.0,57,421,7.39,0,0,5,5,4,191,15,8,0,23,5,10,1,1,5,53,0,0,0,26:32,Kansas City Chiefs
6,6,7,2010-10-24,Sun,,JAX,W,42,20,,18,34,52.9,216,2,6.4,4.88,67.8,1,6,23,84,0,3.7,58,300,5.17,2,2,2,2,3,115,12,4,3,19,3,10,1,1,6,43,1,2,3,26:00,Kansas City Chiefs
7,7,8,2010-10-31,Sun,,BUF,W,13,10,OT,24,48,50.0,191,1,4.0,3.46,58.6,3,32,33,137,0,4.2,84,328,3.90,2,1,1,1,7,309,12,7,4,23,11,23,1,2,5,35,0,1,1,39:22,Kansas City Chiefs
8,8,9,2010-11-07,Sun,@,OAK,L,20,23,OT,19,34,55.9,209,1,6.1,5.41,71.8,4,20,26,112,0,4.3,64,321,5.02,4,3,2,2,6,277,11,5,1,17,3,12,0,1,15,140,2,1,3,29:43,Kansas City Chiefs
9,9,10,2010-11-14,Sun,@,DEN,L,29,49,,23,35,65.7,299,5,8.5,11.40,132.0,0,0,31,153,1,4.9,66,452,6.85,1,0,7,7,2,82,17,8,0,25,6,10,0,1,3,28,0,0,0,28:09,Kansas City Chiefs
10,10,11,2010-11-21,Sun,,ARI,W,31,13,,25,46,54.3,281,1,6.1,6.54,80.1,2,14,20,101,0,5.1,68,382,5.62,2,2,1,1,7,333,14,4,1,19,4,15,1,2,11,96,0,0,0,32:22,Kansas City Chiefs
11,11,12,2010-11-28,Sun,@,SEA,W,42,24,,20,37,54.1,268,2,7.2,5.89,72.8,2,14,12,20,0,1.7,51,288,5.65,1,1,3,3,4,161,10,1,2,13,3,12,0,2,3,26,1,2,3,18:57,Kansas City Chiefs
12,12,13,2010-12-05,Sun,,DEN,W,10,6,,9,28,32.1,86,0,3.1,3.07,41.7,4,31,23,161,0,7.0,55,247,4.49,2,2,0,0,7,288,5,8,0,13,3,12,0,0,4,35,1,0,1,22:46,Kansas City Chiefs
13,13,14,2010-12-12,Sun,@,SDG,L,0,31,,18,24,75.0,219,2,9.1,8.92,113.0,2,7,43,207,2,4.8,69,426,6.17,1,1,4,4,2,110,14,11,0,25,11,15,0,0,6,47,1,1,2,40:10,Kansas City Chiefs
14,14,15,2010-12-19,Sun,@,STL,W,27,13,,21,43,48.8,155,0,3.6,1.51,38.4,3,26,21,69,1,3.3,67,224,3.34,2,2,1,1,8,371,10,4,0,14,6,17,0,1,9,60,0,2,2,28:16,Kansas City Chiefs
15,15,16,2010-12-26,Sun,,TEN,W,34,14,,14,37,37.8,213,2,5.8,4.41,53.1,3,22,16,57,0,3.6,56,270,4.82,0,0,2,2,8,352,12,1,3,16,3,12,0,1,9,74,0,2,2,20:56,Kansas City Chiefs
16,16,17,2011-01-02,Sun,,OAK,L,10,31,,16,26,61.5,135,1,5.2,5.96,87.8,4,25,37,209,2,5.6,67,344,5.13,1,1,4,4,5,234,9,10,2,21,6,13,0,1,10,77,1,0,1,33:28,Kansas City Chiefs
1,1,1,2010-09-13,Mon,@,KAN,L,14,21,,10,22,45.5,62,1,2.8,3.73,67.6,1,6,26,135,1,5.2,49,197,4.02,0,0,3,3,9,344,4,5,0,9,1,11,0,1,3,35,0,0,0,22:32,Los Angeles Chargers
2,2,2,2010-09-19,Sun,,JAX,W,38,13,,26,42,61.9,279,1,6.6,2.83,49.7,2,14,24,71,0,3.0,68,350,5.15,2,2,1,1,0,0,14,6,0,20,6,12,1,3,5,33,2,4,6,30:24,Los Angeles Chargers
3,3,3,2010-09-26,Sun,@,SEA,L,20,27,,19,32,59.4,203,1,6.3,5.56,75.4,3,17,21,68,0,3.2,56,271,4.84,2,2,3,3,5,202,8,4,1,13,6,13,0,0,5,32,1,1,2,23:56,Los Angeles Chargers
4,4,4,2010-10-03,Sun,,ARI,W,41,10,,15,28,53.6,87,0,3.1,-0.11,29.9,9,59,14,47,0,3.4,51,134,2.63,1,1,1,1,5,214,7,3,0,10,4,12,0,1,5,34,1,2,3,25:02,Los Angeles Chargers
5,5,5,2010-10-10,Sun,@,OAK,L,27,35,,14,25,56.0,168,1,6.7,7.52,90.1,3,5,30,111,1,3.7,58,279,4.81,2,2,3,3,4,211,9,4,1,14,6,15,2,3,12,85,0,0,0,27:14,Los Angeles Chargers
6,6,6,2010-10-17,Sun,@,STL,L,17,20,,18,31,58.1,183,1,5.9,6.55,85.8,3,15,35,117,1,3.3,69,300,4.35,2,2,2,2,6,247,11,7,2,20,7,17,0,0,6,35,0,0,0,33:23,Los Angeles Chargers
7,7,7,2010-10-24,Sun,,NWE,L,20,23,,19,32,59.4,128,1,4.0,4.63,78.6,4,31,22,51,1,2.3,58,179,3.09,3,3,2,2,4,153,8,3,4,15,3,12,1,2,7,51,0,0,0,25:35,Los Angeles Chargers
8,8,8,2010-10-31,Sun,,TEN,W,33,25,,18,36,50.0,305,2,8.5,9.58,97.6,0,0,19,65,1,3.4,55,370,6.73,1,1,2,2,6,279,11,2,2,15,4,13,1,2,10,80,0,0,0,22:13,Los Angeles Chargers
9,9,9,2010-11-07,Sun,@,HOU,W,29,23,,21,32,65.6,252,0,7.9,6.47,76.6,2,15,34,140,2,4.1,68,392,5.76,3,3,2,2,2,70,12,10,3,25,6,13,0,2,4,31,0,1,1,33:49,Los Angeles Chargers
10,10,11,2010-11-22,Mon,,DEN,W,35,14,,24,38,63.2,172,1,4.5,3.87,71.4,5,45,15,63,1,4.2,58,235,4.05,0,0,2,2,9,335,12,3,1,16,1,12,1,1,8,56,0,1,1,25:41,Los Angeles Chargers
11,11,12,2010-11-28,Sun,@,IND,W,36,14,,31,48,64.6,279,2,5.8,2.90,59.3,1,6,13,24,0,1.8,62,303,4.89,0,0,2,2,4,166,16,0,0,16,3,12,1,2,1,15,1,4,5,24:22,Los Angeles Chargers
12,12,13,2010-12-05,Sun,,OAK,L,13,28,,10,16,62.5,117,1,7.3,8.56,105.5,1,0,52,251,3,4.8,69,368,5.33,0,0,4,4,4,160,7,14,1,22,8,15,2,2,13,105,1,0,1,38:39,Los Angeles Chargers
13,13,14,2010-12-12,Sun,,KAN,W,31,0,,9,20,45.0,19,0,1.0,0.95,52.1,4,29,17,48,0,2.8,41,67,1.63,0,0,0,0,8,365,3,2,0,5,0,11,1,1,2,15,0,0,0,19:50,Los Angeles Chargers
14,14,15,2010-12-16,Thu,,SFO,W,34,7,,19,29,65.5,131,0,4.5,2.97,61.1,6,34,15,61,1,4.1,50,192,3.84,0,0,1,1,6,282,6,3,2,11,2,12,0,3,5,60,0,1,1,22:49,Los Angeles Chargers
15,15,16,2010-12-26,Sun,@,CIN,L,20,34,,16,21,76.2,269,4,12.8,16.62,157.2,0,0,38,102,1,2.7,59,371,6.29,0,0,5,4,4,129,13,5,0,18,8,14,1,2,6,57,1,0,1,30:09,Los Angeles Chargers
16,16,17,2011-01-02,Sun,@,DEN,W,33,28,,16,36,44.4,191,2,5.3,3.92,56.6,3,14,29,146,1,5.0,68,337,4.96,0,0,4,4,5,257,12,6,0,18,5,14,1,3,5,45,0,2,2,25:38,Los Angeles Chargers
1,1,1,2010-09-12,Sun,,ARI,L,13,17,,22,41,53.7,266,1,6.5,6.98,82.0,2,31,21,112,1,5.3,64,378,5.91,1,1,2,2,6,262,13,6,2,21,5,13,0,0,10,72,4,0,4,27:09,Los Angeles Rams
2,2,2,2010-09-19,Sun,@,OAK,L,14,16,,19,36,52.8,231,1,6.4,4.47,58.9,2,18,40,173,0,4.3,78,404,5.18,4,3,1,1,3,129,14,6,5,25,7,17,0,1,12,90,0,2,2,36:49,Los Angeles Rams
3,3,3,2010-09-26,Sun,,WAS,W,30,16,,19,32,59.4,233,1,7.3,6.50,79.3,1,3,17,116,0,6.8,50,349,6.98,3,3,1,1,5,141,8,4,3,15,1,10,0,0,9,65,1,1,2,25:10,Los Angeles Rams
4,4,4,2010-10-03,Sun,,SEA,W,20,3,,21,37,56.8,193,0,5.2,4.00,59.9,4,26,24,64,0,2.7,65,257,3.95,1,1,0,0,7,305,10,4,1,15,4,15,0,2,6,49,1,1,2,27:10,Los Angeles Rams
5,5,5,2010-10-10,Sun,@,DET,L,6,44,,22,34,64.7,233,3,6.9,8.62,114.0,1,5,26,89,0,3.4,61,322,5.28,3,3,5,5,3,134,14,4,2,20,6,13,0,0,11,78,0,0,0,26:44,Los Angeles Rams
6,6,6,2010-10-17,Sun,,SDG,W,20,17,,22,37,59.5,208,1,5.6,4.95,72.8,7,41,17,79,1,4.6,61,287,4.70,2,1,2,2,6,357,15,6,1,22,4,12,0,0,6,31,0,1,1,26:37,Los Angeles Rams
7,7,7,2010-10-24,Sun,@,TAM,L,17,18,,23,40,57.5,189,1,4.7,5.23,78.0,3,23,21,124,0,5.9,64,313,4.89,4,4,0,0,4,160,10,6,1,17,5,15,2,2,12,92,0,0,0,31:19,Los Angeles Rams
8,8,8,2010-10-31,Sun,,CAR,W,20,10,,23,37,62.2,176,1,4.8,1.65,48.9,3,18,17,25,0,1.5,57,201,3.53,1,1,1,1,5,222,12,2,0,14,7,14,0,0,6,30,1,3,4,23:32,Los Angeles Rams
9,9,10,2010-11-14,Sun,@,SFO,L,20,23,OT,17,28,60.7,323,1,11.5,12.25,112.6,5,33,26,98,1,3.8,59,421,7.14,3,3,2,2,8,376,11,5,3,19,0,11,1,1,14,105,0,0,0,30:18,Los Angeles Rams
10,10,11,2010-11-21,Sun,,ATL,L,17,34,,26,39,66.7,253,2,6.5,7.51,101.8,0,0,31,138,1,4.5,70,391,5.59,4,4,2,2,4,180,17,5,2,24,9,17,0,0,3,30,0,0,0,35:55,Los Angeles Rams
11,11,12,2010-11-28,Sun,@,DEN,W,36,33,,24,41,58.5,330,3,8.0,9.51,108.8,3,17,18,119,1,6.6,62,449,7.24,2,2,3,3,4,201,16,8,0,24,1,9,1,2,6,60,2,0,2,25:43,Los Angeles Rams
12,12,13,2010-12-05,Sun,@,ARI,W,19,6,,11,29,37.9,119,0,4.1,1.00,22.1,4,29,19,105,0,5.5,52,224,4.31,2,2,0,0,6,263,9,5,0,14,1,11,0,0,6,54,0,2,2,26:14,Los Angeles Rams
13,13,14,2010-12-12,Sun,@,NOR,L,13,31,,25,40,62.5,213,3,5.3,4.58,80.5,1,8,29,132,0,4.6,70,345,4.93,1,1,4,4,2,90,13,8,1,22,11,16,0,1,5,55,1,2,3,33:01,Los Angeles Rams
14,14,15,2010-12-19,Sun,,KAN,L,13,27,,15,29,51.7,173,1,6.0,5.10,67.2,3,11,42,210,2,5.0,74,383,5.18,2,2,3,3,6,285,10,9,2,21,5,17,1,2,5,40,0,1,1,31:44,Los Angeles Rams
15,15,16,2010-12-26,Sun,,SFO,W,25,17,,17,34,50.0,246,1,7.2,6.50,71.4,4,27,21,85,0,4.0,59,331,5.61,2,1,2,2,6,323,10,2,0,12,4,16,1,1,8,87,1,1,2,26:52,Los Angeles Rams
16,16,17,2011-01-02,Sun,@,SEA,L,6,16,,22,36,61.1,192,1,5.3,5.89,84.5,0,0,35,141,0,4.0,71,333,4.69,3,3,1,1,7,243,9,8,2,19,4,15,0,0,7,70,1,0,1,34:45,Los Angeles Rams
1,1,1,2010-09-12,Sun,@,TEN,L,13,38,,13,17,76.5,140,2,8.2,10.59,139.3,2,14,39,205,3,5.3,58,345,5.95,1,1,5,5,4,200,6,10,1,17,8,15,0,0,8,81,1,0,1,31:04,Las Vegas Raiders
2,2,2,2010-09-19,Sun,,STL,W,16,14,,14,25,56.0,135,2,5.4,5.20,81.2,3,32,21,75,0,3.6,49,210,4.29,1,0,2,2,7,319,9,3,4,16,2,10,0,0,8,92,0,1,1,23:11,Las Vegas Raiders
3,3,3,2010-09-26,Sun,@,ARI,L,23,24,,12,26,46.2,108,2,4.2,3.96,67.5,2,14,26,119,0,4.6,54,227,4.20,1,1,3,3,6,295,7,7,4,18,5,13,1,1,7,104,2,1,3,27:02,Las Vegas Raiders
4,4,4,2010-10-03,Sun,,HOU,L,24,31,,16,29,55.2,192,2,6.6,8.00,98.6,0,0,36,249,2,6.9,65,441,6.78,2,1,4,4,6,252,11,10,0,21,6,13,0,0,5,26,0,0,0,29:29,Las Vegas Raiders
5,5,5,2010-10-10,Sun,,SDG,W,35,27,,27,42,64.3,415,2,9.9,10.83,112.7,3,16,26,91,1,3.5,71,506,7.13,2,2,3,3,3,42,19,5,5,29,5,12,0,1,7,53,3,0,3,32:46,Las Vegas Raiders
6,6,6,2010-10-17,Sun,@,SFO,L,9,17,,16,33,48.5,191,2,5.8,7.00,86.8,2,5,31,158,0,5.1,66,349,5.29,1,1,2,2,8,346,8,7,2,17,7,17,0,0,11,143,0,0,0,33:21,Las Vegas Raiders
7,7,7,2010-10-24,Sun,@,DEN,W,59,14,,12,29,41.4,165,2,5.7,5.52,68.9,4,33,17,75,0,4.4,50,240,4.80,0,0,2,2,7,364,7,2,2,11,2,11,0,2,5,64,2,1,3,21:21,Las Vegas Raiders
8,8,8,2010-10-31,Sun,,SEA,W,33,3,,13,32,40.6,117,0,3.7,2.25,38.2,8,46,19,47,0,2.5,59,164,2.78,3,1,0,0,9,406,5,2,3,10,1,16,1,1,7,55,0,1,1,23:56,Las Vegas Raiders
9,9,9,2010-11-07,Sun,,KAN,W,23,20,OT,20,35,57.1,200,2,5.7,5.57,80.7,3,16,34,104,0,3.1,72,304,4.22,2,2,2,2,9,384,9,6,6,21,3,15,0,1,12,100,1,1,2,33:10,Las Vegas Raiders
10,10,11,2010-11-21,Sun,@,PIT,L,3,35,,18,29,62.1,269,3,9.3,11.34,126.9,2,6,33,162,2,4.9,64,431,6.73,0,0,5,5,7,315,11,7,0,18,7,14,0,0,14,163,1,0,1,32:47,Las Vegas Raiders
11,11,12,2010-11-28,Sun,,MIA,L,17,33,,17,30,56.7,285,2,9.5,9.33,97.2,3,22,49,186,1,3.8,82,471,5.74,6,4,3,3,2,93,13,9,2,24,9,19,1,1,5,35,0,1,1,41:38,Las Vegas Raiders
12,12,13,2010-12-05,Sun,@,SDG,W,28,13,,23,39,59.0,265,1,6.8,6.15,77.4,4,15,8,21,0,2.6,51,286,5.61,3,2,1,1,2,101,13,0,5,18,3,10,0,2,3,19,1,1,2,21:21,Las Vegas Raiders
13,13,14,2010-12-12,Sun,@,JAX,L,31,38,,11,22,50.0,151,3,6.9,7.55,93.0,2,8,34,234,2,6.9,58,385,6.64,1,1,5,5,5,207,8,10,1,19,5,12,0,0,6,52,0,1,1,29:55,Las Vegas Raiders
14,14,15,2010-12-19,Sun,,DEN,W,39,23,,8,16,50.0,129,1,8.1,9.31,98.2,2,9,33,106,1,3.2,51,235,4.61,3,3,2,2,7,307,5,3,1,9,2,12,0,0,10,93,1,0,1,26:03,Las Vegas Raiders
15,15,16,2010-12-26,Sun,,IND,L,26,31,,16,30,53.3,179,3,6.0,4.97,76.9,0,0,39,191,1,4.9,69,370,5.36,1,1,4,4,6,257,11,10,6,27,4,11,0,0,4,42,0,2,2,29:59,Las Vegas Raiders
16,16,17,2011-01-02,Sun,@,KAN,W,31,10,,13,36,36.1,86,0,2.4,-0.11,21.5,7,56,29,115,1,4.0,72,201,2.79,1,1,1,1,6,226,8,7,2,17,7,18,0,2,5,39,0,2,2,26:32,Las Vegas Raiders
1,1,1,2010-09-12,Sun,@,BUF,W,15,10,,18,34,52.9,116,1,3.4,4.00,70.2,3,23,17,50,0,2.9,54,166,3.07,2,1,1,1,7,298,6,3,0,9,3,14,1,3,5,35,0,0,0,23:07,Miami Dolphins
2,2,2,2010-09-19,Sun,@,MIN,W,14,10,,22,36,61.1,208,0,5.8,2.03,42.4,3,17,33,156,1,4.7,72,364,5.06,1,1,1,1,2,88,11,11,0,22,5,14,1,4,7,44,1,3,4,35:48,Miami Dolphins
3,3,3,2010-09-26,Sun,,NYJ,L,23,31,,15,28,53.6,256,3,9.1,11.29,120.5,0,0,29,146,1,5.0,57,402,7.05,2,1,4,4,4,168,11,7,2,20,6,11,0,0,9,81,0,0,0,27:12,Miami Dolphins
4,4,4,2010-10-04,Mon,,NWE,L,14,41,,19,24,79.2,146,1,6.1,6.92,105.9,3,7,32,119,1,3.7,59,265,4.49,2,2,5,5,3,123,9,9,1,19,5,11,1,1,3,31,0,0,0,27:43,Miami Dolphins
5,5,6,2010-10-17,Sun,@,GNB,W,23,20,OT,18,33,54.5,283,1,8.6,7.82,80.7,5,30,21,76,1,3.6,59,359,6.08,2,2,2,2,5,190,12,3,1,16,3,13,2,2,7,45,0,1,1,28:03,Miami Dolphins
6,6,7,2010-10-24,Sun,,PIT,L,22,23,,19,27,70.4,290,2,10.7,12.22,130.2,3,12,27,58,0,2.1,57,348,6.11,3,3,2,2,3,142,12,2,1,15,6,15,0,0,5,34,2,0,2,30:49,Miami Dolphins
7,7,8,2010-10-31,Sun,@,CIN,W,22,14,,17,38,44.7,156,2,4.1,3.97,63.0,0,0,26,106,0,4.1,64,262,4.09,0,0,2,2,9,359,7,7,2,16,6,16,1,1,4,36,0,1,1,26:31,Miami Dolphins
8,8,9,2010-11-07,Sun,@,BAL,L,10,26,,21,28,75.0,256,2,9.1,10.57,126.5,4,23,39,146,0,3.7,71,402,5.66,5,4,2,2,0,0,15,8,0,23,6,13,1,2,5,40,0,0,0,38:22,Miami Dolphins
9,9,10,2010-11-14,Sun,,TEN,W,29,17,,18,38,47.4,124,1,3.3,2.61,53.0,2,19,25,135,1,5.4,65,259,3.98,1,1,2,2,5,209,9,4,2,15,5,16,0,1,5,55,2,1,3,26:56,Miami Dolphins
10,10,11,2010-11-18,Thu,,CHI,L,0,16,,16,25,64.0,133,0,5.3,3.52,60.9,3,23,40,135,1,3.4,68,268,3.94,3,3,1,1,4,175,11,7,1,19,10,18,0,0,5,45,0,1,1,37:51,Miami Dolphins
11,11,12,2010-11-28,Sun,@,OAK,W,33,17,,17,32,53.1,247,1,7.7,5.53,62.9,1,5,12,16,0,1.3,45,263,5.84,1,1,2,2,4,167,8,2,1,11,2,9,0,2,4,20,1,2,3,18:22,Miami Dolphins
12,12,13,2010-12-05,Sun,,CLE,L,10,13,,24,34,70.6,200,1,5.9,6.47,95.2,2,17,22,52,0,2.4,58,252,4.34,3,2,1,1,9,438,8,3,1,12,2,14,0,0,4,45,0,0,0,29:24,Miami Dolphins
13,13,14,2010-12-12,Sun,@,NYJ,W,10,6,,17,44,38.6,193,0,4.4,3.36,43.1,6,23,31,87,0,2.8,81,280,3.46,2,2,0,0,8,307,10,4,0,14,6,21,0,3,6,50,1,1,2,33:48,Miami Dolphins
14,14,15,2010-12-19,Sun,,BUF,L,14,17,,16,26,61.5,211,2,8.1,7.92,96.8,2,12,27,71,0,2.6,55,282,5.13,1,1,2,2,6,217,12,3,0,15,4,12,1,1,5,44,0,1,1,28:37,Miami Dolphins
15,15,16,2010-12-26,Sun,,DET,L,27,34,,14,26,53.8,208,2,8.0,9.54,105.9,2,14,21,67,1,3.2,49,275,5.61,2,2,4,4,6,278,10,4,0,14,4,12,0,0,6,53,0,0,0,22:45,Miami Dolphins
16,16,17,2011-01-02,Sun,@,NWE,L,7,38,,17,29,58.6,321,3,11.1,13.14,131.5,0,0,45,181,1,4.0,74,502,6.78,1,1,5,5,2,96,15,7,2,24,11,17,0,2,5,72,1,0,1,36:19,Miami Dolphins
1,1,1,2010-09-09,Thu,@,NOR,L,9,14,,27,36,75.0,229,1,6.4,6.92,100.3,1,8,25,79,1,3.2,62,308,4.97,2,0,2,2,5,216,12,6,0,18,3,11,0,0,3,20,0,0,0,33:43,Minnesota Vikings
2,2,2,2010-09-19,Sun,,MIA,L,10,14,,9,15,60.0,106,1,7.1,8.40,103.7,2,8,29,120,0,4.1,46,226,4.91,0,0,2,2,6,242,5,6,1,12,5,11,0,0,2,15,2,0,2,24:12,Minnesota Vikings
3,3,3,2010-09-26,Sun,,DET,W,24,10,,29,43,67.4,232,1,5.4,3.77,69.1,1,5,19,63,0,3.3,63,295,4.68,2,1,1,1,7,300,12,3,2,17,3,12,1,1,8,67,1,2,3,28:08,Minnesota Vikings
4,4,5,2010-10-11,Mon,@,NYJ,L,20,29,,21,44,47.7,173,0,3.9,3.93,58.2,2,18,32,155,1,4.8,78,328,4.21,5,5,2,2,7,324,12,8,0,20,5,17,0,0,6,55,0,0,0,33:55,Minnesota Vikings
5,5,6,2010-10-17,Sun,,DAL,W,24,21,,24,32,75.0,220,3,6.9,5.94,98.4,0,0,28,94,0,3.4,60,314,5.23,0,0,3,3,5,244,9,7,0,16,9,17,1,1,11,91,0,2,2,32:10,Minnesota Vikings
6,6,7,2010-10-24,Sun,@,GNB,L,24,28,,21,35,60.0,295,2,8.4,7.00,82.4,0,0,23,84,1,3.7,58,379,6.53,0,0,4,4,2,90,14,5,1,20,6,11,1,3,2,20,0,2,2,28:56,Minnesota Vikings
7,7,8,2010-10-31,Sun,@,NWE,L,18,28,,16,27,59.3,240,1,8.9,9.63,100.8,0,0,27,122,3,4.5,54,362,6.70,0,0,4,4,5,237,9,9,0,18,6,11,0,0,6,47,0,0,0,24:52,Minnesota Vikings
8,8,9,2010-11-07,Sun,,ARI,W,27,24,OT,16,27,59.3,172,1,6.4,7.11,90.4,6,24,21,53,0,2.5,54,225,4.17,1,1,3,3,8,376,9,3,1,13,3,13,0,0,7,39,1,0,1,27:13,Minnesota Vikings
9,9,10,2010-11-14,Sun,@,CHI,L,13,27,,22,35,62.9,230,3,6.6,5.71,86.6,2,7,37,130,0,3.5,74,360,4.86,3,2,3,3,4,154,13,5,0,18,11,19,0,0,11,116,0,2,2,34:39,Minnesota Vikings
10,10,11,2010-11-21,Sun,,GNB,L,3,31,,23,32,71.9,283,4,8.8,11.34,138.4,3,23,30,91,0,3.0,65,374,5.75,1,1,4,4,5,196,15,5,0,20,8,15,0,1,1,5,0,0,0,33:16,Minnesota Vikings
11,11,12,2010-11-28,Sun,@,WAS,W,17,13,,21,35,60.0,187,1,5.3,4.63,72.0,4,24,13,29,0,2.2,52,216,4.15,2,2,1,1,6,263,9,1,0,10,7,15,0,0,6,35,0,1,1,26:55,Minnesota Vikings
12,12,13,2010-12-05,Sun,,BUF,W,38,14,,15,25,60.0,155,1,6.2,5.20,74.6,1,3,23,84,0,3.7,49,239,4.88,0,0,2,2,6,265,7,3,0,10,3,12,1,1,6,54,4,1,5,26:03,Minnesota Vikings
13,13,14,2010-12-13,Mon,,NYG,L,3,21,,22,37,59.5,182,1,4.9,3.03,58.6,1,5,28,213,2,7.6,66,395,5.98,0,0,3,3,7,324,12,8,1,21,3,13,0,1,7,55,0,2,2,32:42,Minnesota Vikings
14,14,15,2010-12-20,Mon,,CHI,L,14,40,,14,24,58.3,189,3,7.9,8.50,105.7,1,5,33,104,0,3.2,58,293,5.05,4,4,4,4,3,125,9,6,2,17,2,10,0,1,5,72,0,1,1,31:30,Minnesota Vikings
15,15,16,2010-12-28,Tue,@,PHI,W,24,14,,25,43,58.1,224,1,5.2,4.63,70.3,6,39,22,107,1,4.9,71,331,4.66,1,0,2,2,5,214,15,7,2,24,4,11,1,1,12,62,2,1,3,29:39,Minnesota Vikings
16,16,17,2011-01-02,Sun,@,DET,L,13,20,,28,39,71.8,250,1,6.4,5.77,86.5,1,8,27,107,1,4.0,67,357,5.33,2,2,2,2,4,178,16,5,1,22,9,15,0,0,5,33,1,1,2,30:52,Minnesota Vikings
1,1,1,2010-09-12,Sun,,CIN,W,38,24,,34,50,68.0,341,2,6.8,6.72,92.2,1,4,25,87,1,3.5,76,428,5.63,1,1,3,3,3,139,21,5,0,26,8,15,3,3,2,5,1,1,2,31:50,New England Patriots
2,2,2,2010-09-19,Sun,@,NYJ,L,14,28,,21,30,70.0,200,3,6.7,8.67,121.5,3,20,32,136,0,4.3,65,336,5.17,2,2,2,2,4,205,14,6,3,23,6,13,1,1,6,58,0,0,0,32:32,New England Patriots
3,3,3,2010-09-26,Sun,,BUF,W,38,30,,20,28,71.4,240,2,8.6,6.79,91.4,1,7,24,134,0,5.6,53,374,7.06,4,3,3,3,1,33,12,7,0,19,5,10,0,0,6,45,0,2,2,27:48,New England Patriots
4,4,4,2010-10-04,Mon,@,MIA,W,41,14,,30,44,68.2,308,2,7.0,3.82,65.3,2,12,21,92,0,4.4,67,400,5.97,1,0,2,2,2,27,15,7,1,23,10,15,0,1,6,40,0,4,4,32:17,New England Patriots
5,5,6,2010-10-17,Sun,,BAL,W,23,20,OT,27,35,77.1,278,2,7.9,9.09,118.5,3,7,34,99,0,2.9,72,377,5.24,2,2,2,2,9,404,13,4,4,21,5,16,0,0,8,67,0,0,0,40:14,New England Patriots
6,6,7,2010-10-24,Sun,@,SDG,W,23,20,,34,50,68.0,325,1,6.5,6.00,84.2,2,11,19,38,1,2.0,71,363,5.11,3,2,2,2,2,96,18,4,1,23,7,15,1,1,6,69,3,1,4,34:25,New England Patriots
7,7,8,2010-10-31,Sun,,MIN,W,28,18,,26,38,68.4,285,1,7.5,6.84,88.2,1,10,28,125,1,4.5,67,410,6.12,1,1,1,1,4,189,13,7,3,23,4,11,1,2,5,35,0,1,1,35:08,New England Patriots
8,8,9,2010-11-07,Sun,@,CLE,L,14,34,,14,19,73.7,174,0,9.2,9.16,101.6,0,0,44,230,4,5.2,63,404,6.41,2,2,4,4,3,107,10,12,0,22,7,13,1,1,4,28,1,0,1,38:08,New England Patriots
9,9,10,2010-11-14,Sun,@,PIT,W,39,26,,30,49,61.2,349,3,7.1,7.43,94.7,5,38,16,76,0,4.8,70,425,6.07,2,1,1,1,5,226,22,4,1,27,5,12,0,0,6,45,0,1,1,28:32,New England Patriots
10,10,11,2010-11-21,Sun,,IND,W,31,28,,38,52,73.1,396,4,7.6,6.56,96.3,0,0,20,71,0,3.6,72,467,6.49,0,0,4,4,2,81,22,5,1,28,11,14,0,0,6,48,0,3,3,29:21,New England Patriots
11,11,12,2010-11-25,Thu,@,DET,W,45,24,,27,46,58.7,277,1,6.0,4.50,65.2,2,8,27,129,2,4.8,75,406,5.41,2,1,3,3,3,141,13,11,1,25,7,14,2,3,8,66,0,2,2,31:05,New England Patriots
12,12,13,2010-12-06,Mon,,NYJ,W,45,3,,17,33,51.5,149,0,4.5,0.42,25.9,1,15,31,152,0,4.9,65,301,4.63,2,1,0,0,3,92,10,8,0,18,3,12,2,3,4,56,0,3,3,28:59,New England Patriots
13,13,14,2010-12-12,Sun,@,CHI,W,36,7,,12,26,46.2,138,0,5.3,1.85,30.6,2,14,14,47,1,3.4,42,185,4.40,0,0,1,1,5,161,8,3,1,12,3,8,0,0,4,30,2,2,4,20:19,New England Patriots
14,14,15,2010-12-19,Sun,,GNB,W,31,27,,24,37,64.9,226,3,6.1,6.51,97.4,5,25,38,143,0,3.8,80,369,4.61,2,2,3,3,4,165,13,9,4,26,11,19,0,1,2,15,1,1,2,40:48,New England Patriots
15,15,16,2010-12-26,Sun,@,BUF,W,34,3,,18,37,48.6,244,0,6.6,2.95,36.3,3,7,20,125,0,6.3,60,369,6.15,1,1,0,0,2,68,12,3,1,16,3,10,1,3,6,40,4,3,7,27:30,New England Patriots
16,16,17,2011-01-02,Sun,,MIA,W,38,7,,16,37,43.2,206,1,5.6,4.89,59.1,5,34,16,44,0,2.8,58,250,4.31,1,0,1,1,6,288,10,4,2,16,4,13,0,1,5,40,1,1,2,23:41,New England Patriots
1,1,1,2010-09-09,Thu,,MIN,W,14,9,,15,27,55.6,162,1,6.0,5.07,70.3,1,9,23,91,0,4.0,51,253,4.96,1,1,1,0,7,310,7,5,0,12,5,13,0,0,6,60,0,1,1,26:17,New Orleans Saints
2,2,2,2010-09-20,Mon,@,SFO,W,25,22,,23,32,71.9,275,1,8.6,6.41,82.2,0,0,26,142,2,5.5,58,417,7.19,0,0,2,2,3,141,12,10,2,24,5,9,0,0,5,40,2,2,4,27:20,New Orleans Saints
3,3,3,2010-09-26,Sun,,ATL,L,24,27,OT,19,30,63.3,215,2,7.2,8.50,106.9,2,13,50,202,1,4.0,82,417,5.09,2,2,3,3,4,158,12,10,3,25,9,18,2,3,6,40,1,0,1,45:50,New Orleans Saints
4,4,4,2010-10-03,Sun,,CAR,W,16,14,,11,21,52.4,133,1,6.3,7.29,88.0,3,13,23,118,1,5.1,47,251,5.34,0,0,2,2,6,261,7,3,0,10,4,12,1,2,4,66,1,0,1,21:38,New Orleans Saints
5,5,5,2010-10-10,Sun,@,ARI,L,20,30,,18,29,62.1,153,0,5.3,3.72,61.4,4,21,24,41,0,1.7,57,194,3.40,3,3,3,3,5,189,8,3,1,12,4,15,1,1,3,20,0,1,1,29:59,New Orleans Saints
6,6,6,2010-10-17,Sun,@,TAM,W,31,6,,27,47,57.4,235,1,5.0,5.43,77.9,1,1,18,42,0,2.3,66,277,4.20,2,0,0,0,3,137,15,3,3,21,6,15,2,3,5,30,1,0,1,28:31,New Orleans Saints
7,7,7,2010-10-24,Sun,,CLE,L,17,30,,10,17,58.8,85,0,5.0,5.00,71.9,1,2,28,125,1,4.5,46,210,4.57,3,3,3,3,4,168,3,7,2,12,2,11,1,1,4,30,0,0,0,24:26,New Orleans Saints
8,8,8,2010-10-31,Sun,,PIT,W,20,10,,17,28,60.7,171,0,6.1,4.50,63.2,3,24,21,108,1,5.1,52,279,5.37,2,1,1,1,4,192,6,7,0,13,3,10,0,1,4,38,1,1,2,25:54,New Orleans Saints
9,9,9,2010-11-07,Sun,@,CAR,W,34,3,,17,36,47.2,68,0,1.9,0.64,42.4,4,39,24,127,0,5.3,64,195,3.05,2,1,0,0,7,329,4,6,5,15,1,12,1,2,10,65,1,1,2,25:19,New Orleans Saints
10,10,11,2010-11-21,Sun,,SEA,W,34,19,,32,44,72.7,366,1,8.3,8.77,104.9,0,0,17,58,0,3.4,61,424,6.95,4,4,1,1,2,78,17,4,0,21,7,12,0,0,8,79,2,0,2,26:15,New Orleans Saints
11,11,12,2010-11-25,Thu,@,DAL,W,30,27,,30,42,71.4,313,0,7.5,6.38,82.7,1,0,32,144,3,4.5,75,457,6.09,3,2,3,3,2,110,16,7,1,24,7,15,1,3,4,19,2,1,3,34:41,New Orleans Saints
12,12,13,2010-12-05,Sun,@,CIN,W,34,30,,23,33,69.7,215,1,6.5,7.12,97.4,3,34,26,96,2,3.7,62,311,5.02,3,3,2,1,2,113,11,7,3,21,5,14,2,3,7,43,0,0,0,32:33,New Orleans Saints
13,13,14,2010-12-12,Sun,,STL,W,31,13,,18,32,56.3,191,0,6.0,3.16,47.8,3,40,24,136,1,5.7,59,327,5.54,3,2,1,1,4,219,7,7,0,14,1,11,2,2,4,39,1,2,3,26:59,New Orleans Saints
14,14,15,2010-12-19,Sun,@,BAL,L,24,30,,10,20,50.0,148,2,7.4,9.40,107.9,3,24,39,208,1,5.3,62,356,5.74,3,3,3,3,5,193,6,8,3,17,5,14,1,1,10,68,0,0,0,31:29,New Orleans Saints
15,15,16,2010-12-27,Mon,@,ATL,W,17,14,,15,29,51.7,140,1,4.8,5.52,76.8,1,8,22,75,0,3.4,52,215,4.13,0,0,2,2,8,349,8,2,4,14,3,12,0,0,1,10,2,0,2,23:25,New Orleans Saints
16,16,17,2011-01-02,Sun,,TAM,L,13,23,,21,27,77.8,233,2,8.6,10.11,127.3,3,22,24,84,0,3.5,54,317,5.87,3,3,2,2,1,46,11,5,2,18,3,10,1,1,7,54,2,0,2,29:03,New Orleans Saints
1,1,1,2010-09-12,Sun,,CAR,W,31,18,,14,35,40.0,148,1,4.2,0.94,26.8,4,34,24,89,0,3.7,63,237,3.76,3,3,1,1,4,173,10,2,2,14,8,17,0,1,7,63,2,3,5,25:21,New York Giants
2,2,2,2010-09-19,Sun,@,IND,L,14,38,,20,26,76.9,250,3,9.6,11.92,144.7,1,5,43,160,1,3.7,70,410,5.86,1,1,5,5,5,205,14,10,0,24,4,11,0,0,6,55,1,0,1,35:06,New York Giants
3,3,3,2010-09-26,Sun,,TEN,L,10,29,,10,16,62.5,110,1,6.9,8.13,103.6,1,8,41,161,2,3.9,58,271,4.67,2,2,3,3,5,214,8,7,2,17,6,13,0,0,8,80,0,0,0,28:22,New York Giants
4,4,4,2010-10-03,Sun,,CHI,W,17,3,,15,26,57.7,51,0,2.0,-1.50,30.6,10,63,16,59,0,3.7,52,110,2.12,1,1,0,0,9,375,3,2,1,6,0,13,0,1,8,40,1,2,3,26:35,New York Giants
5,5,5,2010-10-10,Sun,@,HOU,W,34,10,,16,34,47.1,171,0,5.0,3.71,50.0,3,25,15,24,1,1.6,52,195,3.75,1,1,1,1,7,312,9,2,0,11,2,11,0,1,8,67,1,1,2,21:09,New York Giants
6,6,6,2010-10-17,Sun,,DET,W,28,20,,28,49,57.1,302,2,6.2,6.06,80.5,2,11,21,64,0,3.0,72,366,5.08,2,2,2,2,5,235,11,5,0,16,9,20,2,2,11,91,2,1,3,27:18,New York Giants
7,7,7,2010-10-25,Mon,@,DAL,W,41,35,,21,40,52.5,213,3,5.3,6.83,93.0,3,13,13,41,0,3.2,56,254,4.54,2,2,3,3,6,310,11,3,0,14,0,10,1,2,5,42,2,0,2,22:29,New York Giants
8,8,9,2010-11-07,Sun,@,SEA,W,41,7,,12,23,52.2,113,1,4.9,1.87,44.3,0,0,14,49,0,3.5,37,162,4.38,0,0,1,1,5,209,4,3,1,8,1,8,1,2,9,70,1,2,3,17:26,New York Giants
9,9,10,2010-11-14,Sun,,DAL,L,20,33,,13,22,59.1,327,3,14.9,15.55,124.1,0,0,28,100,0,3.6,50,427,8.54,3,2,4,3,3,160,9,5,1,15,3,11,0,1,5,60,0,1,1,22:09,New York Giants
10,10,11,2010-11-21,Sun,@,PHI,L,17,27,,24,38,63.2,244,0,6.4,6.42,81.5,3,14,26,148,2,5.7,67,392,5.85,5,4,1,1,3,134,12,5,0,17,3,14,2,2,10,119,2,0,2,34:04,New York Giants
11,11,12,2010-11-28,Sun,,JAX,W,24,20,,20,35,57.1,121,0,3.5,2.17,52.2,4,41,34,207,2,6.1,73,328,4.49,2,2,2,2,3,130,9,15,2,26,10,16,0,0,3,20,1,1,2,35:27,New York Giants
12,12,13,2010-12-05,Sun,,WAS,W,31,7,,26,44,59.1,264,1,6.0,4.41,65.0,4,32,16,74,0,4.6,64,338,5.28,1,0,1,1,6,200,12,5,2,19,5,12,0,0,5,35,4,2,6,25:32,New York Giants
13,13,14,2010-12-13,Mon,@,MIN,W,21,3,,17,35,48.6,103,0,2.9,1.66,43.2,4,23,22,61,0,2.8,61,164,2.69,1,1,0,0,10,458,6,2,2,10,2,16,3,3,10,71,0,1,1,27:18,New York Giants
14,14,15,2010-12-19,Sun,,PHI,L,31,38,,21,35,60.0,221,3,6.3,6.74,95.1,3,21,21,197,1,9.4,59,418,7.08,1,1,5,5,6,247,8,10,1,19,4,11,0,0,5,30,2,1,3,26:31,New York Giants
15,15,16,2010-12-26,Sun,@,GNB,L,17,45,,25,37,67.6,396,4,10.7,12.86,139.0,2,8,35,119,2,3.4,74,515,6.96,1,1,6,6,5,208,19,7,1,27,6,13,0,0,3,31,1,0,1,37:01,New York Giants
16,16,17,2011-01-02,Sun,@,WAS,W,17,14,,26,44,59.1,318,2,7.2,7.11,87.1,2,18,20,67,0,3.4,66,385,5.83,1,0,2,2,4,174,14,5,1,20,3,12,0,2,4,25,3,1,4,27:40,New York Giants
1,1,1,2010-09-13,Mon,,BAL,L,9,10,,20,38,52.6,233,0,6.1,4.95,60.5,2,15,35,49,1,1.4,75,282,3.76,1,1,1,1,6,244,12,2,6,20,11,19,0,0,5,38,2,1,3,38:32,New York Jets
2,2,2,2010-09-19,Sun,,NWE,W,28,14,,20,36,55.6,239,2,6.6,5.25,71.4,1,9,20,52,0,2.6,57,291,5.11,1,0,2,2,3,146,11,5,4,20,5,11,1,1,6,79,1,2,3,27:28,New York Jets
3,3,3,2010-09-26,Sun,@,MIA,W,31,23,,26,45,57.8,352,2,7.8,7.71,88.4,2,11,23,84,0,3.7,70,436,6.23,3,3,2,2,4,138,20,3,1,24,7,15,0,1,6,52,0,1,1,32:48,New York Jets
4,4,4,2010-10-03,Sun,@,BUF,W,38,14,,12,27,44.4,109,2,4.0,5.52,80.6,3,19,16,114,0,7.1,46,223,4.85,0,0,2,2,9,395,6,5,1,12,0,10,1,1,3,32,2,0,2,19:31,New York Jets
5,5,5,2010-10-11,Mon,,MIN,W,29,20,,14,34,41.2,240,3,7.1,7.50,83.0,4,24,24,96,0,4.0,62,336,5.42,0,0,2,2,7,297,12,3,1,16,7,15,0,0,8,51,2,1,3,26:05,New York Jets
6,6,6,2010-10-17,Sun,@,DEN,W,24,20,,14,34,41.2,201,1,5.9,6.50,70.8,1,8,37,145,1,3.9,72,346,4.81,3,2,2,2,6,301,10,7,4,21,7,18,0,1,5,81,2,0,2,30:23,New York Jets
7,7,8,2010-10-31,Sun,,GNB,L,0,9,,15,34,44.1,156,0,4.6,4.59,58.0,2,14,26,81,0,3.1,62,237,3.82,4,3,0,0,8,352,10,2,1,13,2,14,0,0,3,15,0,0,0,28:37,New York Jets
8,8,9,2010-11-07,Sun,@,DET,W,23,20,OT,20,37,54.1,228,2,6.2,7.24,90.8,2,12,28,78,1,2.8,67,306,4.57,0,0,3,2,9,424,12,3,6,21,5,15,0,0,11,102,0,0,0,32:46,New York Jets
9,9,10,2010-11-14,Sun,@,CLE,W,26,20,OT,18,31,58.1,196,1,6.3,6.97,87.6,3,9,25,107,1,4.3,59,303,5.14,2,2,2,2,5,229,11,6,2,19,4,12,0,0,4,52,2,0,2,27:36,New York Jets
10,10,11,2010-11-21,Sun,,HOU,W,30,27,,19,33,57.6,246,1,7.5,8.06,91.2,1,8,26,97,2,3.7,60,343,5.72,2,2,3,3,6,244,12,5,0,17,4,12,0,0,3,25,1,0,1,25:41,New York Jets
11,11,12,2010-11-25,Thu,,CIN,W,26,10,,17,39,43.6,117,1,3.0,1.21,38.1,3,18,20,46,0,2.3,62,163,2.63,2,1,1,1,7,290,10,1,2,13,4,15,0,0,2,25,1,2,3,26:31,New York Jets
12,12,13,2010-12-06,Mon,@,NWE,L,3,45,,21,29,72.4,304,4,10.5,13.24,145.7,3,22,26,101,2,3.9,58,405,6.98,1,1,6,6,3,140,13,8,2,23,4,10,2,2,1,10,0,0,0,31:01,New York Jets
13,13,14,2010-12-12,Sun,,MIA,L,6,10,,5,19,26.3,30,1,1.6,2.63,57.1,5,25,32,101,0,3.2,56,131,2.34,1,1,1,1,10,564,3,2,1,6,3,15,0,0,5,36,3,0,3,26:12,New York Jets
14,14,15,2010-12-19,Sun,@,PIT,W,22,17,,23,44,52.3,232,1,5.3,5.73,75.2,3,32,25,146,1,5.8,72,378,5.25,1,1,2,2,4,152,14,10,1,25,11,17,0,0,3,35,0,0,0,31:18,New York Jets
15,15,16,2010-12-26,Sun,@,CHI,L,34,38,,13,25,52.0,202,3,8.1,8.68,102.0,2,13,27,120,2,4.4,54,322,5.96,2,1,5,5,4,176,8,7,1,16,3,9,0,0,6,31,0,1,1,26:09,New York Jets
16,16,17,2011-01-02,Sun,,BUF,W,38,7,,12,26,46.2,125,0,4.8,-2.12,21.0,3,5,18,37,0,2.1,47,162,3.45,0,0,1,1,6,296,5,1,0,6,4,12,0,0,3,15,2,4,6,24:25,New York Jets
1,1,1,2010-09-12,Sun,,GNB,L,20,27,,19,31,61.3,167,2,5.4,3.77,70.2,3,21,33,132,1,4.0,67,299,4.46,2,2,3,3,4,166,13,8,1,22,6,14,0,0,2,15,0,2,2,31:55,Philadelphia Eagles
2,2,2,2010-09-19,Sun,@,DET,W,35,32,,25,45,55.6,329,2,7.3,6.20,75.1,2,6,26,115,2,4.4,73,444,6.08,1,1,3,3,4,210,13,8,1,22,6,15,0,2,9,51,0,2,2,29:08,Philadelphia Eagles
3,3,3,2010-09-26,Sun,@,JAX,W,28,3,,13,30,43.3,52,0,1.7,0.23,36.8,7,53,32,139,0,4.3,69,191,2.77,1,1,0,0,8,384,6,9,1,16,5,17,1,2,4,67,0,1,1,32:53,Philadelphia Eagles
4,4,4,2010-10-03,Sun,,WAS,L,12,17,,8,19,42.1,124,1,6.5,5.21,60.0,1,1,35,169,1,4.8,55,293,5.33,1,1,2,2,5,186,5,8,3,16,5,11,0,0,5,30,0,1,1,27:03,Philadelphia Eagles
5,5,5,2010-10-10,Sun,@,SFO,W,27,24,,25,39,64.1,290,3,7.4,6.67,90.8,2,19,22,74,0,3.4,63,364,5.78,2,1,3,3,3,161,18,3,0,21,8,13,0,0,10,65,3,2,5,29:12,Philadelphia Eagles
6,6,6,2010-10-17,Sun,,ATL,W,31,17,,23,42,54.8,228,2,5.4,5.31,76.3,3,22,19,65,0,3.4,64,293,4.58,2,1,2,2,6,227,13,3,4,20,4,14,1,1,2,30,1,1,2,25:57,Philadelphia Eagles
7,7,7,2010-10-24,Sun,@,TEN,L,19,37,,17,31,54.8,253,3,8.2,7.19,87.2,3,23,26,75,0,2.9,60,328,5.47,3,3,4,4,4,192,8,4,3,15,4,13,0,0,6,37,1,2,3,26:36,Philadelphia Eagles
8,8,9,2010-11-07,Sun,,IND,W,26,24,,31,51,60.8,276,1,5.4,4.04,65.5,3,18,19,62,2,3.3,73,338,4.63,1,1,3,3,5,189,14,6,7,27,6,14,0,1,7,59,0,2,2,28:10,Philadelphia Eagles
9,9,10,2010-11-15,Mon,@,WAS,W,59,28,,17,31,54.8,270,2,8.7,5.65,66.0,2,25,18,105,2,5.8,51,375,7.35,0,0,4,4,6,300,10,4,1,15,0,10,1,1,6,41,0,3,3,21:49,Philadelphia Eagles
10,10,11,2010-11-21,Sun,,NYG,W,27,17,,20,33,60.6,147,2,4.5,1.58,53.5,0,0,19,61,0,3.2,52,208,4.00,1,1,2,2,4,208,8,3,2,13,5,11,0,1,6,54,2,3,5,25:56,Philadelphia Eagles
11,11,12,2010-11-28,Sun,@,CHI,L,26,31,,14,21,66.7,218,4,10.4,14.19,140.5,4,29,28,131,0,4.7,53,349,6.58,1,1,4,4,5,218,14,3,1,18,3,10,0,0,6,56,0,0,0,28:02,Philadelphia Eagles
12,12,13,2010-12-02,Thu,,HOU,W,34,24,,22,36,61.1,323,2,9.0,8.83,97.3,2,14,26,108,1,4.2,64,431,6.73,1,1,3,3,2,72,18,6,3,27,6,10,0,1,4,25,1,1,2,28:11,Philadelphia Eagles
13,13,14,2010-12-12,Sun,@,DAL,W,30,27,,24,35,68.6,239,2,6.8,5.40,82.9,1,3,24,110,1,4.6,60,349,5.82,2,2,3,3,5,239,13,6,3,22,3,11,1,1,5,40,0,2,2,32:09,Philadelphia Eagles
14,14,15,2010-12-19,Sun,@,NYG,W,38,31,,23,39,59.0,264,4,6.8,7.67,102.9,2,25,31,100,0,3.2,72,364,5.06,1,1,4,4,7,258,16,3,1,20,8,17,0,0,4,35,1,1,2,33:29,Philadelphia Eagles
15,15,16,2010-12-28,Tue,,MIN,L,14,24,,17,26,65.4,176,0,6.8,6.77,84.8,2,19,31,161,2,5.2,59,337,5.71,1,1,3,3,6,232,11,8,2,21,6,13,0,0,5,74,1,0,1,30:21,Philadelphia Eagles
16,16,17,2011-01-02,Sun,,DAL,L,13,14,,11,27,40.7,113,1,4.2,4.93,65.8,2,14,34,159,0,4.7,63,272,4.32,1,0,2,2,8,357,5,9,0,14,5,16,1,2,6,45,1,0,1,29:10,Philadelphia Eagles
1,1,1,2010-09-12,Sun,,ATL,W,15,9,OT,27,44,61.4,237,0,5.4,4.36,66.2,2,15,25,58,0,2.3,71,295,4.15,4,3,0,0,7,281,11,6,1,18,6,16,0,0,3,24,0,1,1,30:29,Pittsburgh Steelers
2,2,2,2010-09-19,Sun,@,TEN,W,19,11,,24,35,68.6,192,1,5.5,2.20,55.9,4,23,22,46,0,2.1,61,238,3.90,1,1,0,0,5,244,12,2,0,14,4,14,1,1,11,72,4,3,7,26:20,Pittsburgh Steelers
3,3,3,2010-09-26,Sun,@,TAM,W,38,13,,26,37,70.3,228,0,6.2,4.95,75.1,4,23,21,75,1,3.6,62,303,4.89,2,2,1,1,5,155,12,5,1,18,6,14,1,1,4,45,1,1,2,33:06,Pittsburgh Steelers
4,4,4,2010-10-03,Sun,,BAL,L,14,17,,24,37,64.9,250,1,6.8,6.08,82.0,1,6,27,70,1,2.6,65,320,4.92,2,1,2,2,3,126,14,4,4,22,4,11,0,1,7,52,1,1,2,30:31,Pittsburgh Steelers
5,5,6,2010-10-17,Sun,,CLE,W,28,10,,23,33,69.7,258,1,7.8,5.70,77.6,6,23,21,69,0,3.3,60,327,5.45,1,1,1,1,5,204,14,2,1,17,6,13,0,0,3,41,1,2,3,28:04,Pittsburgh Steelers
6,6,7,2010-10-24,Sun,@,MIA,W,23,22,,23,36,63.9,249,1,6.9,6.22,81.8,1,8,21,64,0,3.0,58,313,5.40,5,5,1,1,3,145,13,2,0,15,3,12,0,1,3,35,1,1,2,29:11,Pittsburgh Steelers
7,7,8,2010-10-31,Sun,@,NOR,L,10,20,,34,44,77.3,288,2,6.5,6.43,99.4,2,17,21,30,0,1.4,67,318,4.75,2,2,2,2,4,175,14,3,2,19,7,16,1,1,3,35,1,1,2,34:06,Pittsburgh Steelers
8,8,9,2010-11-08,Mon,@,CIN,W,27,21,,22,36,61.1,218,2,6.1,5.92,85.2,4,30,18,54,1,3.0,58,272,4.69,2,0,3,3,5,166,10,3,5,18,3,12,0,1,3,30,1,1,2,27:41,Pittsburgh Steelers
9,9,10,2010-11-14,Sun,,NWE,L,26,39,,30,43,69.8,350,3,8.1,9.53,117.4,0,0,24,103,1,4.3,67,453,6.76,2,2,4,3,5,201,20,5,1,26,3,10,0,0,10,113,0,0,0,31:28,Pittsburgh Steelers
10,10,11,2010-11-21,Sun,,OAK,W,35,3,,20,43,46.5,121,0,2.8,0.72,34.0,6,47,16,61,0,3.8,65,182,2.80,1,1,0,0,8,390,8,4,5,17,3,14,0,1,7,55,1,2,3,27:13,Pittsburgh Steelers
11,11,12,2010-11-28,Sun,@,BUF,W,19,16,OT,23,45,51.1,255,1,5.7,5.11,66.4,2,10,17,74,0,4.4,64,329,5.14,3,3,1,1,5,182,14,3,2,19,4,13,1,1,4,20,1,1,2,27:23,Pittsburgh Steelers
12,12,13,2010-12-05,Sun,@,BAL,W,13,10,,17,33,51.5,226,1,6.8,7.45,83.6,4,40,20,43,0,2.2,57,269,4.72,1,1,1,1,6,239,9,2,3,14,4,13,1,2,9,53,1,0,1,25:52,Pittsburgh Steelers
13,13,14,2010-12-12,Sun,,CIN,W,23,7,,20,32,62.5,156,1,4.9,1.28,45.8,3,22,14,34,0,2.4,49,190,3.88,0,0,1,1,5,217,10,2,2,14,2,8,1,1,4,25,0,3,3,25:29,Pittsburgh Steelers
14,14,15,2010-12-19,Sun,,NYJ,L,17,22,,19,29,65.5,170,0,5.9,5.86,81.1,1,0,27,106,1,3.9,57,276,4.84,2,2,2,2,4,147,8,8,1,17,6,13,1,1,3,19,0,0,0,28:42,Pittsburgh Steelers
15,15,16,2010-12-23,Thu,,CAR,W,27,3,,10,23,43.5,45,0,2.0,0.00,32.7,4,27,22,74,0,3.4,49,119,2.43,1,1,0,0,8,272,3,4,0,7,3,13,0,1,6,62,1,1,2,24:36,Pittsburgh Steelers
16,16,17,2011-01-02,Sun,@,CLE,W,41,9,,21,43,48.8,182,1,4.2,1.56,39.1,4,28,17,43,0,2.5,64,225,3.52,1,1,0,0,3,131,10,6,1,17,6,17,3,3,6,46,0,3,3,26:46,Pittsburgh Steelers
1,1,1,2010-09-12,Sun,,SFO,W,31,6,,26,45,57.8,214,0,4.8,2.76,51.5,2,11,19,49,0,2.6,66,263,3.98,2,2,0,0,6,249,10,4,0,14,1,15,2,3,8,60,0,2,2,32:45,Seattle Seahawks
2,2,2,2010-09-19,Sun,@,DEN,L,14,31,,25,35,71.4,304,2,8.7,9.83,116.8,1,3,38,65,2,1.7,74,369,4.99,1,1,4,4,4,205,16,5,2,23,14,20,0,0,3,35,0,0,0,37:27,Seattle Seahawks
3,3,3,2010-09-26,Sun,,SDG,W,27,20,,29,53,54.7,429,2,8.1,7.15,78.3,4,26,21,89,0,4.2,78,518,6.64,1,1,1,1,5,207,22,5,0,27,6,14,0,2,11,83,3,2,5,36:04,Seattle Seahawks
4,4,4,2010-10-03,Sun,@,STL,L,3,20,,23,41,56.1,261,2,6.4,6.24,81.5,4,28,28,88,0,3.1,73,349,4.78,2,2,2,2,7,321,14,3,2,19,7,16,0,1,5,41,0,1,1,32:50,Seattle Seahawks
5,5,6,2010-10-17,Sun,@,CHI,W,23,20,,17,39,43.6,246,0,6.3,6.31,64.7,6,44,14,61,1,4.4,59,307,5.20,3,2,2,2,8,305,11,3,1,15,0,12,1,1,2,18,0,0,0,25:37,Seattle Seahawks
6,6,7,2010-10-24,Sun,,ARI,W,22,10,,12,33,36.4,114,0,3.5,2.09,34.2,2,18,20,113,1,5.7,55,227,4.13,1,1,1,1,5,178,6,6,1,13,2,12,0,1,5,32,4,1,5,22:43,Seattle Seahawks
7,7,8,2010-10-31,Sun,@,OAK,L,3,33,,15,27,55.6,306,2,11.3,12.81,120.3,2,4,39,239,1,6.1,68,545,8.01,5,4,3,3,5,264,9,8,1,18,5,17,1,1,11,105,0,0,0,36:04,Seattle Seahawks
8,8,9,2010-11-07,Sun,,NYG,L,7,41,,21,32,65.6,290,3,9.1,10.94,125.8,0,0,47,197,2,4.2,79,487,6.16,2,2,5,5,1,50,15,12,3,30,6,13,1,2,5,40,1,0,1,42:34,Seattle Seahawks
9,9,10,2010-11-14,Sun,@,ARI,W,36,18,,23,45,51.1,286,1,6.4,5.80,69.3,5,36,14,41,1,2.9,64,327,5.11,1,1,1,1,6,243,16,2,1,19,2,11,0,2,10,50,1,1,2,24:55,Seattle Seahawks
10,10,11,2010-11-21,Sun,@,NOR,L,19,34,,29,43,67.4,382,4,8.9,8.65,106.9,0,0,29,112,1,3.9,72,494,6.86,1,0,4,4,1,40,20,5,1,26,11,15,0,1,3,24,0,2,2,33:45,Seattle Seahawks
11,11,12,2010-11-28,Sun,,KAN,L,24,42,,22,32,68.8,233,4,7.3,9.78,129.3,0,0,48,270,2,5.6,80,503,6.29,1,0,6,6,5,182,15,13,0,28,11,17,0,0,5,50,1,0,1,41:03,Seattle Seahawks
12,12,13,2010-12-05,Sun,,CAR,W,31,14,,18,34,52.9,152,0,4.5,3.15,52.6,3,17,30,131,2,4.4,67,283,4.22,0,0,2,2,7,319,8,10,0,18,5,15,1,2,8,53,0,1,1,30:30,Seattle Seahawks
13,13,14,2010-12-12,Sun,@,SFO,L,21,40,,17,27,63.0,241,3,8.9,11.15,128.8,2,14,27,95,0,3.5,56,336,6.00,4,4,4,4,5,247,8,2,0,10,7,17,0,0,2,15,0,0,0,30:53,Seattle Seahawks
14,14,15,2010-12-19,Sun,,ATL,L,18,34,,20,35,57.1,168,3,4.8,5.23,86.4,1,6,37,98,0,2.6,73,266,3.64,2,2,4,4,4,180,12,6,3,21,9,19,2,2,4,35,0,1,1,35:25,Seattle Seahawks
15,15,16,2010-12-26,Sun,@,TAM,L,15,38,,23,28,82.1,231,5,8.3,11.82,140.6,2,21,26,208,0,8.0,56,439,7.84,2,1,5,5,3,135,16,6,0,22,6,11,0,0,3,22,0,0,0,31:28,Seattle Seahawks
16,16,17,2011-01-02,Sun,,STL,W,16,6,,19,36,52.8,137,0,3.8,2.56,50.3,3,18,15,47,0,3.1,54,184,3.41,2,2,0,0,9,396,8,1,1,10,2,14,0,1,6,46,0,1,1,25:15,Seattle Seahawks
1,1,1,2010-09-12,Sun,@,SEA,L,6,31,,18,23,78.3,165,2,7.2,6.96,107.4,1,5,23,77,1,3.3,47,242,5.15,1,1,4,4,5,207,9,3,2,14,5,11,0,0,5,35,0,1,1,27:15,San Francisco 49ers
2,2,2,2010-09-20,Mon,,NOR,L,22,25,,28,38,73.7,237,2,6.2,7.29,107.0,2,17,24,50,0,2.1,64,287,4.48,3,3,2,2,6,280,14,1,2,17,6,14,0,0,5,54,0,0,0,32:40,San Francisco 49ers
3,3,3,2010-09-26,Sun,@,KAN,L,10,31,,16,27,59.3,250,3,9.3,9.81,111.7,0,0,39,207,1,5.3,66,457,6.92,2,1,4,4,4,177,11,10,0,21,7,14,1,2,7,40,0,1,1,33:50,San Francisco 49ers
4,4,4,2010-10-03,Sun,@,ATL,L,14,16,,26,43,60.5,259,1,6.0,4.40,65.9,3,14,29,98,0,3.4,75,357,4.76,3,3,1,1,5,165,12,9,2,23,5,14,1,1,4,60,0,2,2,29:19,San Francisco 49ers
5,5,5,2010-10-10,Sun,,PHI,L,24,27,,21,31,67.7,227,1,7.3,7.97,99.8,4,26,27,125,1,4.6,62,352,5.68,3,2,3,3,4,161,12,5,0,17,3,12,0,1,5,30,1,0,1,30:48,San Francisco 49ers
6,6,6,2010-10-17,Sun,,OAK,W,17,9,,8,21,38.1,69,0,3.3,-1.00,7.9,2,14,30,110,0,3.7,53,179,3.38,3,3,0,0,6,321,4,4,2,10,5,15,0,0,8,60,0,2,2,26:39,San Francisco 49ers
7,7,7,2010-10-24,Sun,@,CAR,L,20,23,,28,41,68.3,303,2,7.4,7.27,95.9,1,5,34,76,0,2.2,76,379,4.99,3,3,2,2,3,122,16,2,4,22,7,15,0,1,4,35,2,1,3,36:05,San Francisco 49ers
8,8,8,2010-10-31,Sun,,DEN,W,24,16,,28,40,70.0,339,1,8.5,7.85,93.6,4,31,17,59,1,3.5,61,398,6.52,1,1,2,1,7,236,16,3,3,22,2,10,0,0,8,60,1,1,2,26:26,San Francisco 49ers
9,9,10,2010-11-14,Sun,,STL,W,23,20,OT,30,42,71.4,228,1,5.4,5.90,92.2,3,23,24,104,1,4.3,69,332,4.81,2,2,2,2,10,437,12,6,4,22,2,14,0,0,12,135,0,0,0,35:03,San Francisco 49ers
10,10,11,2010-11-21,Sun,,TAM,L,0,21,,14,22,63.6,137,2,6.2,8.05,111.4,2,6,42,162,1,3.9,66,299,4.53,1,0,3,3,5,197,9,10,1,20,7,14,0,1,3,35,0,0,0,36:24,San Francisco 49ers
11,11,12,2010-11-29,Mon,@,ARI,W,27,6,,16,35,45.7,190,0,5.4,4.14,50.9,1,6,11,13,0,1.2,47,203,4.32,2,2,0,0,6,283,8,0,0,8,2,11,0,1,6,61,1,1,2,20:59,San Francisco 49ers
12,12,13,2010-12-05,Sun,@,GNB,L,16,34,,21,30,70.0,274,3,9.1,11.13,131.8,4,24,34,136,1,4.0,68,410,6.03,3,2,4,4,3,130,9,11,1,21,9,15,0,0,5,40,0,0,0,37:11,San Francisco 49ers
13,13,14,2010-12-12,Sun,,SEA,W,40,21,,27,42,64.3,277,2,6.6,3.26,59.4,1,8,22,84,0,3.8,65,361,5.55,1,0,3,3,2,82,16,4,0,20,4,10,0,2,8,75,1,4,5,29:07,San Francisco 49ers
14,14,15,2010-12-16,Thu,@,SDG,L,7,34,,19,25,76.0,266,3,10.6,13.04,149.3,1,7,41,108,1,2.6,67,374,5.58,2,2,4,4,3,146,15,7,2,24,7,14,1,1,4,35,0,0,0,37:11,San Francisco 49ers
15,15,16,2010-12-26,Sun,@,STL,L,17,25,,28,37,75.7,275,1,7.4,7.97,105.1,1,17,28,60,1,2.1,66,335,5.08,3,3,2,2,7,297,11,6,2,19,4,14,0,0,5,41,1,0,1,33:08,San Francisco 49ers
16,16,17,2011-01-02,Sun,,ARI,W,38,7,,30,53,56.6,201,1,3.8,2.47,55.6,6,41,22,78,0,3.5,81,279,3.44,0,0,1,1,8,330,14,5,0,19,9,20,0,3,8,43,0,2,2,32:48,San Francisco 49ers
1,1,1,2010-09-12,Sun,,CLE,W,17,14,,21,38,55.3,236,1,6.2,4.37,60.9,0,0,23,104,1,4.5,61,340,5.57,1,0,2,2,6,266,9,5,1,15,5,13,0,1,5,47,1,2,3,27:39,Tampa Bay Buccaneers
2,2,2,2010-09-19,Sun,@,CAR,W,20,7,,13,29,44.8,159,1,5.5,3.07,45.0,4,25,33,119,0,3.6,66,278,4.21,0,0,1,1,5,205,10,6,0,16,5,16,3,4,4,48,1,2,3,29:11,Tampa Bay Buccaneers
3,3,3,2010-09-26,Sun,,PIT,L,13,38,,12,17,70.6,186,3,10.9,9.18,106.5,0,0,32,201,1,6.3,49,387,7.90,1,1,5,5,1,62,7,10,0,17,4,9,0,1,2,20,0,2,2,26:54,Tampa Bay Buccaneers
4,4,5,2010-10-10,Sun,@,CIN,W,24,21,,21,36,58.3,209,2,5.8,3.17,58.7,0,0,28,149,0,5.3,64,358,5.59,2,2,1,1,6,308,10,10,0,20,4,13,0,0,9,60,1,3,4,29:35,Tampa Bay Buccaneers
5,5,6,2010-10-17,Sun,,NOR,L,6,31,,21,32,65.6,263,3,8.2,8.69,109.2,0,0,32,212,1,6.6,64,475,7.42,2,1,4,4,1,46,13,14,0,27,9,12,0,0,9,80,0,1,1,31:29,Tampa Bay Buccaneers
6,6,7,2010-10-24,Sun,,STL,W,18,17,,13,26,50.0,124,2,4.8,6.31,89.3,1,2,32,161,0,5.0,59,285,4.83,1,1,2,2,4,144,9,9,1,19,7,14,0,0,6,45,1,0,1,28:41,Tampa Bay Buccaneers
7,7,8,2010-10-31,Sun,@,ARI,W,38,35,,24,40,60.0,296,2,7.4,3.90,60.0,1,9,23,100,2,4.3,64,396,6.19,0,0,5,5,4,172,14,6,2,22,7,13,1,2,3,12,0,4,4,29:31,Tampa Bay Buccaneers
8,8,9,2010-11-07,Sun,@,ATL,L,21,27,,24,36,66.7,235,1,6.5,7.08,94.1,0,0,33,130,2,3.9,69,365,5.29,2,2,3,3,3,96,16,9,1,26,8,14,1,1,4,53,0,0,0,34:06,Tampa Bay Buccaneers
9,9,10,2010-11-14,Sun,,CAR,W,31,16,,16,29,55.2,182,0,6.3,6.28,74.2,2,9,31,118,1,3.8,62,300,4.84,3,3,1,1,5,158,9,6,3,18,6,15,0,1,7,71,1,0,1,28:40,Tampa Bay Buccaneers
10,10,11,2010-11-21,Sun,@,SFO,W,21,0,,16,31,51.6,118,0,3.8,2.35,47.5,6,30,18,71,0,3.9,55,189,3.44,0,0,0,0,6,227,5,3,3,11,3,12,0,3,3,18,1,1,2,23:36,Tampa Bay Buccaneers
11,11,12,2010-11-28,Sun,@,BAL,L,10,17,,25,35,71.4,257,2,7.3,7.20,99.3,4,32,26,92,0,3.5,65,349,5.37,1,1,2,2,7,305,12,5,1,18,3,12,0,0,4,30,0,1,1,31:02,Tampa Bay Buccaneers
12,12,13,2010-12-05,Sun,,ATL,L,24,28,,18,36,50.0,205,2,5.7,4.31,62.8,0,0,27,85,1,3.1,63,290,4.60,0,0,4,4,5,204,12,5,3,20,6,11,0,0,6,55,0,2,2,28:00,Tampa Bay Buccaneers
13,13,14,2010-12-12,Sun,@,WAS,W,17,16,,22,35,62.9,211,2,6.0,7.17,98.6,2,17,28,188,0,6.7,65,399,6.14,3,1,1,1,5,193,13,9,0,22,6,16,2,2,4,25,1,0,1,31:08,Tampa Bay Buccaneers
14,14,15,2010-12-19,Sun,,DET,L,20,23,OT,23,38,60.5,252,1,6.6,7.16,88.9,0,0,28,181,1,6.5,66,433,6.56,3,3,2,2,4,158,16,10,0,26,6,12,0,0,7,57,0,0,0,33:05,Tampa Bay Buccaneers
15,15,16,2010-12-26,Sun,,SEA,W,38,15,,14,22,63.6,84,0,3.8,3.82,71.0,3,6,28,90,2,3.2,53,174,3.28,0,0,1,1,7,260,5,5,0,10,5,15,2,2,1,10,0,0,0,28:32,Tampa Bay Buccaneers
16,16,17,2011-01-02,Sun,@,NOR,W,23,13,,24,41,58.5,199,1,4.9,4.24,69.1,3,13,22,106,0,4.8,66,305,4.62,2,2,1,1,3,113,11,6,3,20,8,16,0,0,5,45,2,1,3,30:57,Tampa Bay Buccaneers
1,1,1,2010-09-12,Sun,,OAK,W,38,13,,22,37,59.5,150,1,4.1,3.38,66.3,4,30,26,136,0,5.2,67,286,4.27,3,2,1,1,4,219,9,8,4,21,3,14,0,2,10,77,1,1,2,28:56,Tennessee Titans
2,2,2,2010-09-19,Sun,,PIT,L,11,19,,9,17,52.9,21,0,1.2,1.24,58.7,4,22,33,106,0,3.2,54,127,2.35,4,4,1,1,8,348,0,6,1,7,2,15,0,0,5,35,1,0,1,33:40,Tennessee Titans
3,3,3,2010-09-26,Sun,@,NYG,W,29,10,,34,48,70.8,364,0,7.6,5.71,75.3,2,22,20,107,1,5.4,70,471,6.73,3,1,1,1,0,0,16,7,3,26,6,12,0,2,11,86,1,2,3,31:38,Tennessee Titans
4,4,4,2010-10-03,Sun,,DEN,L,20,26,,35,50,70.0,308,2,6.2,6.06,91.1,6,33,20,19,0,1.0,76,327,4.30,4,4,2,2,5,208,17,3,2,22,3,15,1,2,6,74,0,1,1,35:18,Tennessee Titans
5,5,5,2010-10-10,Sun,@,DAL,W,34,27,,31,46,67.4,370,3,8.0,6.41,86.3,6,36,23,141,0,6.1,75,511,6.81,3,2,3,3,2,72,19,4,2,25,7,14,1,2,12,133,0,3,3,36:44,Tennessee Titans
6,6,6,2010-10-18,Mon,@,JAX,W,30,3,,21,36,58.3,173,0,4.8,1.06,36.0,2,16,25,76,0,3.0,63,249,3.95,1,1,0,0,3,112,8,7,2,17,3,13,2,4,7,55,1,3,4,27:15,Tennessee Titans
7,7,7,2010-10-24,Sun,,PHI,W,37,19,,26,48,54.2,227,1,4.7,3.27,56.5,1,4,24,99,0,4.1,73,326,4.47,4,4,1,1,5,242,15,6,0,21,10,18,0,0,10,100,2,2,4,33:24,Tennessee Titans
8,8,8,2010-10-31,Sun,@,SDG,L,25,33,,27,36,75.0,300,2,8.3,8.19,106.2,1,5,34,156,2,4.6,71,456,6.42,2,2,3,3,4,168,13,6,4,23,12,18,0,0,8,62,0,1,1,37:47,Tennessee Titans
9,9,10,2010-11-14,Sun,@,MIA,L,17,29,,24,37,64.9,316,2,8.5,8.41,98.5,1,7,30,88,1,2.9,68,404,5.94,3,3,2,2,3,145,14,6,1,21,9,17,0,1,4,63,0,1,1,33:04,Tennessee Titans
10,10,11,2010-11-21,Sun,,WAS,L,16,19,OT,30,50,60.0,358,1,7.2,6.66,80.2,3,18,33,107,0,3.2,86,465,5.41,6,4,1,1,4,126,23,6,3,32,8,16,0,0,3,20,0,1,1,40:09,Tennessee Titans
11,11,12,2010-11-28,Sun,@,HOU,L,0,20,,25,35,71.4,158,2,4.5,5.66,99.5,2,20,39,188,0,4.8,76,346,4.55,2,2,2,2,4,199,12,9,3,24,9,18,1,2,6,68,0,0,0,39:41,Tennessee Titans
12,12,13,2010-12-05,Sun,,JAX,L,6,17,,14,19,73.7,119,0,6.3,6.26,89.6,1,7,53,258,2,4.9,73,377,5.16,3,1,2,2,2,86,7,16,0,23,6,15,2,3,4,31,0,0,0,39:54,Tennessee Titans
13,13,14,2010-12-09,Thu,,IND,L,28,30,,25,35,71.4,312,2,8.9,10.06,117.8,1,7,32,87,1,2.7,68,399,5.87,3,3,3,3,3,126,14,5,2,21,8,15,1,1,7,60,0,0,0,32:31,Tennessee Titans
14,14,15,2010-12-19,Sun,,HOU,W,31,17,,35,54,64.8,293,2,5.4,5.33,83.3,4,32,17,30,0,1.8,75,323,4.31,1,1,2,2,4,144,20,4,2,26,5,13,1,3,9,66,0,1,1,32:29,Tennessee Titans
15,15,16,2010-12-26,Sun,@,KAN,L,14,34,,25,36,69.4,306,3,8.5,8.92,111.6,1,6,40,152,0,3.8,77,458,5.95,3,2,4,4,5,232,13,9,1,23,9,18,0,0,7,84,1,1,2,39:04,Tennessee Titans
16,16,17,2011-01-02,Sun,@,IND,L,20,23,,27,41,65.9,257,2,6.3,7.24,99.3,1,7,25,101,0,4.0,67,358,5.34,3,3,2,2,5,191,14,5,5,24,4,11,0,0,5,25,1,0,1,28:43,Tennessee Titans
1,1,1,2010-09-12,Sun,,DAL,W,13,7,,31,48,64.6,277,1,5.8,6.19,86.9,1,5,22,103,0,4.7,71,380,5.35,1,0,1,1,6,244,15,8,1,24,5,13,1,1,12,81,1,0,1,34:03,Washington Commanders
2,2,2,2010-09-19,Sun,,HOU,L,27,30,OT,38,52,73.1,468,3,9.0,9.29,111.7,5,29,24,58,0,2.4,81,526,6.49,4,3,3,3,3,121,23,6,0,29,6,14,1,2,5,45,0,1,1,39:49,Washington Commanders
3,3,3,2010-09-26,Sun,@,STL,L,16,30,,23,37,62.2,232,1,6.3,5.59,77.8,1,3,37,133,2,3.6,75,365,4.87,4,3,3,3,3,138,15,7,2,24,7,16,2,2,9,99,1,1,2,34:50,Washington Commanders
4,4,4,2010-10-03,Sun,@,PHI,W,17,12,,27,42,64.3,243,1,5.8,5.19,77.8,1,7,25,110,0,4.4,68,353,5.19,2,2,0,0,5,248,14,5,2,21,5,14,2,2,8,80,1,1,2,32:57,Washington Commanders
5,5,5,2010-10-10,Sun,,GNB,W,16,13,OT,27,46,58.7,270,1,5.9,5.33,73.6,4,23,17,157,0,9.2,67,427,6.37,4,2,1,1,6,284,13,4,0,17,2,13,0,1,9,63,1,1,2,32:40,Washington Commanders
6,6,6,2010-10-17,Sun,,IND,L,24,27,,25,38,65.8,299,2,7.9,8.92,107.2,1,8,29,170,1,5.9,68,469,6.90,4,2,3,3,4,187,17,5,0,22,3,10,0,0,3,15,3,0,3,27:30,Washington Commanders
7,7,7,2010-10-24,Sun,@,CHI,W,17,14,,26,40,65.0,256,1,6.4,2.40,51.7,4,25,16,66,0,4.1,60,322,5.37,0,0,2,2,7,254,14,4,1,19,2,10,0,0,6,51,2,4,6,30:48,Washington Commanders
8,8,8,2010-10-31,Sun,@,DET,L,25,37,,26,45,57.8,202,4,4.5,5.27,89.3,1,10,25,102,0,4.1,71,304,4.28,1,1,2,2,9,418,10,6,3,19,4,17,1,1,7,65,1,1,2,32:10,Washington Commanders
9,9,10,2010-11-15,Mon,,PHI,L,28,59,,20,28,71.4,332,4,11.9,14.71,150.6,1,1,38,260,3,6.8,67,592,8.84,1,1,8,8,4,159,14,14,0,28,8,13,0,0,6,35,0,0,0,38:11,Washington Commanders
10,10,11,2010-11-21,Sun,@,TEN,W,19,16,OT,15,25,60.0,222,0,8.9,7.08,72.4,1,5,25,151,0,6.0,51,373,7.31,3,3,1,1,5,169,8,7,0,15,3,11,0,0,11,81,1,1,2,26:34,Washington Commanders
11,11,12,2010-11-28,Sun,,MIN,L,13,17,,15,23,65.2,162,0,7.0,7.04,85.8,2,10,38,137,2,3.6,63,299,4.75,1,1,2,2,7,306,8,8,1,17,6,15,0,0,3,15,0,0,0,33:05,Washington Commanders
12,12,13,2010-12-05,Sun,@,NYG,L,7,31,,15,25,60.0,161,0,6.4,4.64,62.2,0,0,36,197,4,5.5,61,358,5.87,1,1,4,4,7,309,9,12,1,22,2,10,0,0,5,35,0,1,1,34:28,Washington Commanders
13,13,14,2010-12-12,Sun,,TAM,L,16,17,,15,25,60.0,262,1,10.5,11.28,109.1,1,4,26,103,0,4.0,52,365,7.02,3,3,0,0,4,176,11,4,0,15,5,12,0,0,2,14,2,0,2,28:52,Washington Commanders
14,14,15,2010-12-19,Sun,@,DAL,L,30,33,,25,37,67.6,300,2,8.1,9.19,110.2,2,5,31,134,1,4.3,70,434,6.20,5,4,3,3,2,82,16,8,1,25,5,13,0,1,9,70,0,0,0,35:21,Washington Commanders
15,15,16,2010-12-26,Sun,@,JAX,W,20,17,OT,22,38,57.9,258,1,6.8,4.95,65.5,4,41,23,78,1,3.4,65,336,5.17,2,1,2,2,7,318,11,4,0,15,7,17,0,0,7,66,0,2,2,32:54,Washington Commanders
16,16,17,2011-01-02,Sun,,NYG,L,14,17,,17,29,58.6,243,1,8.4,7.52,83.0,0,0,32,82,1,2.6,61,325,5.33,2,1,2,2,7,291,9,4,1,14,5,16,0,0,2,24,0,1,1,32:20,Washington Commanders
