rk,gtm,week,date,day,game_location,opp,result,pts,pts_opp,ot,pass_cmp,pass_att,pass_cmp_pct,pass_yds,pass_td,pass_ya,pass_aya,pass_rate,pass_sk,pass_sk_yds,rush_att,rush_yds,rush_td,rush_ya,plays,total_yds,ypp,fga,fgm,xpa,xpm,punt,punt_yds,first_downs_pass,first_downs_rush,first_downs_pen,first_downs_total,third_down_conv,third_down_att,fourth_down_conv,fourth_down_att,pen,pen_yds,fumbles_lost,turnovers_int,turnovers_total,time_of_poss,team_name
1,1,1,2011-09-11,Sun,,CAR,W,28,21,,24,37,64.9,403,2,10.9,10.76,108.3,4,19,27,74,1,2.7,68,477,7.01,0,0,3,3,7,289,17,7,2,26,3,11,0,1,10,74,0,1,1,32:47,Arizona Cardinals
2,2,2,2011-09-18,Sun,@,WAS,L,21,22,,25,43,58.1,283,2,6.6,5.42,74.1,1,8,35,172,0,4.9,79,455,5.76,4,3,1,1,3,118,13,10,5,28,6,17,1,1,3,15,0,2,2,38:30,Arizona Cardinals
3,3,3,2011-09-25,Sun,@,SEA,L,10,13,,18,31,58.1,139,0,4.5,3.03,55.7,4,32,30,122,1,4.1,65,261,4.02,2,2,1,1,8,358,8,7,1,16,6,16,0,0,8,39,0,1,1,28:11,Arizona Cardinals
4,4,4,2011-10-02,Sun,,NYG,L,27,31,,27,40,67.5,306,2,7.7,8.65,106.9,1,15,24,54,2,2.3,65,360,5.54,1,1,4,4,5,223,16,5,3,24,6,13,0,0,7,55,2,0,2,28:01,Arizona Cardinals
5,5,5,2011-10-09,Sun,@,MIN,L,10,34,,10,21,47.6,160,0,7.6,7.62,73.5,1,9,37,172,4,4.6,59,332,5.63,3,2,4,4,4,190,7,11,2,20,3,10,0,0,5,35,1,0,1,28:59,Arizona Cardinals
6,6,7,2011-10-23,Sun,,PIT,L,20,32,,26,39,66.7,354,3,9.1,10.62,121.1,2,7,28,91,0,3.3,69,445,6.45,3,3,3,3,3,118,17,5,4,26,6,12,0,0,9,69,0,0,0,35:47,Arizona Cardinals
7,7,8,2011-10-30,Sun,@,BAL,L,27,30,,31,51,60.8,298,0,5.8,4.96,68.9,3,38,26,107,3,4.1,80,405,5.06,3,3,3,3,5,219,15,10,5,30,4,11,0,0,11,99,1,1,2,29:42,Arizona Cardinals
8,8,9,2011-11-06,Sun,,STL,W,19,13,OT,23,36,63.9,233,0,6.5,5.22,70.7,4,22,35,150,0,4.3,75,383,5.11,4,3,0,0,7,352,10,11,2,23,3,14,0,1,9,71,0,1,1,36:58,Arizona Cardinals
9,9,10,2011-11-13,Sun,@,PHI,W,21,17,,16,34,47.1,123,0,3.6,0.97,31.9,2,5,24,166,1,6.9,60,289,4.82,1,1,2,2,8,342,4,8,3,15,3,15,0,1,11,97,0,2,2,28:18,Arizona Cardinals
10,10,11,2011-11-20,Sun,@,SFO,L,7,23,,20,38,52.6,267,2,7.0,6.89,81.8,0,0,49,164,0,3.3,87,431,4.95,6,3,2,2,3,136,14,8,3,25,8,21,2,2,7,87,0,1,1,44:16,Arizona Cardinals
11,11,12,2011-11-27,Sun,@,STL,W,23,20,,17,32,53.1,186,1,5.8,6.44,81.0,2,17,22,86,0,3.9,56,272,4.86,3,2,2,2,7,329,8,4,0,12,3,13,0,0,8,49,2,0,2,26:01,Arizona Cardinals
12,12,13,2011-12-04,Sun,,DAL,W,19,13,OT,28,42,66.7,261,1,6.2,6.69,91.5,5,38,20,75,0,3.8,67,336,5.01,4,2,1,1,5,191,14,6,0,20,4,12,0,0,7,49,0,0,0,33:42,Arizona Cardinals
13,13,14,2011-12-11,Sun,,SFO,W,21,19,,18,37,48.6,143,0,3.9,3.86,58.7,5,32,21,90,1,4.3,63,233,3.70,5,4,1,1,7,372,8,2,2,12,3,17,1,2,5,35,0,0,0,30:56,Arizona Cardinals
14,14,15,2011-12-18,Sun,,CLE,W,20,17,OT,18,31,58.1,213,1,6.9,7.52,89.9,2,13,29,120,1,4.1,62,333,5.37,1,1,2,2,7,278,7,9,0,16,5,14,0,0,9,74,1,0,1,31:22,Arizona Cardinals
15,15,16,2011-12-24,Sat,@,CIN,L,16,23,,18,31,58.1,136,2,4.4,5.68,90.3,2,18,34,165,0,4.9,67,301,4.49,5,3,2,2,5,215,8,8,5,21,5,14,0,0,6,47,2,0,2,31:39,Arizona Cardinals
16,16,17,2012-01-01,Sun,,SEA,W,23,20,OT,21,35,60.0,191,1,5.5,4.74,72.4,4,31,34,178,1,5.2,73,369,5.05,3,2,2,2,8,357,8,7,4,19,3,16,0,0,7,55,0,1,1,33:42,Arizona Cardinals
1,1,1,2011-09-11,Sun,@,CHI,L,12,30,,22,32,68.8,289,2,9.0,8.88,104.8,5,23,27,88,0,3.3,64,377,5.89,3,3,3,3,6,288,11,4,2,17,6,16,0,0,8,56,0,1,1,33:19,Atlanta Falcons
2,2,2,2011-09-18,Sun,,PHI,W,35,31,,26,37,70.3,314,2,8.5,8.35,102.8,0,0,30,133,2,4.4,67,447,6.67,2,1,4,4,4,179,12,11,4,27,5,11,0,1,4,20,2,1,3,30:03,Atlanta Falcons
3,3,3,2011-09-25,Sun,@,TAM,L,13,16,,22,32,68.8,180,0,5.6,2.81,56.8,0,0,36,115,1,3.2,68,295,4.34,3,3,1,1,3,129,10,8,2,20,5,14,1,1,9,66,0,2,2,35:52,Atlanta Falcons
4,4,4,2011-10-02,Sun,@,SEA,W,30,28,,25,38,65.8,319,3,8.4,7.61,96.3,0,0,15,53,1,3.5,53,372,7.02,1,0,4,4,3,149,14,4,2,20,6,11,0,0,6,40,0,2,2,19:50,Atlanta Falcons
5,5,5,2011-10-09,Sun,,GNB,L,14,25,,26,39,66.7,369,2,9.5,10.49,114.2,4,27,20,57,0,2.9,63,426,6.76,4,4,1,1,2,85,14,5,0,19,9,15,0,0,6,55,1,0,1,33:11,Atlanta Falcons
6,6,6,2011-10-16,Sun,,CAR,W,31,17,,21,35,60.0,229,0,6.5,2.69,43.6,1,8,26,139,2,5.3,62,368,5.94,1,1,2,2,2,81,12,10,2,24,8,12,1,1,7,85,0,3,3,29:26,Atlanta Falcons
7,7,7,2011-10-23,Sun,@,DET,W,23,16,,15,32,46.9,159,1,5.0,5.59,72.3,3,24,20,104,0,5.2,55,263,4.78,3,3,1,1,6,263,8,4,1,13,1,12,1,2,10,84,1,0,1,25:03,Atlanta Falcons
8,8,9,2011-11-06,Sun,@,IND,W,31,7,,17,33,51.5,103,0,3.1,1.76,45.4,2,15,21,83,0,4.0,56,186,3.32,0,0,1,1,9,451,6,4,0,10,4,14,0,0,6,32,1,1,2,22:14,Atlanta Falcons
9,9,10,2011-11-13,Sun,,NOR,L,23,26,OT,30,43,69.8,322,2,7.5,8.42,106.9,0,0,16,41,0,2.6,59,363,6.15,5,4,2,2,5,202,16,1,1,18,4,13,0,0,8,79,0,0,0,30:03,Atlanta Falcons
10,10,11,2011-11-20,Sun,,TEN,W,23,17,,22,44,50.0,257,2,5.8,5.73,73.8,1,7,14,41,0,2.9,59,298,5.05,1,1,2,2,5,225,13,4,0,17,8,14,1,1,10,86,0,1,1,23:01,Atlanta Falcons
11,11,12,2011-11-27,Sun,,MIN,W,24,14,,17,25,68.0,162,1,6.5,7.28,99.1,4,24,24,64,1,2.7,53,226,4.26,0,0,2,2,7,331,8,4,0,12,4,13,1,2,6,49,0,0,0,25:21,Atlanta Falcons
12,12,13,2011-12-04,Sun,@,HOU,L,10,17,,12,25,48.0,175,1,7.0,7.80,84.6,3,13,44,162,1,3.7,72,337,4.68,2,1,2,2,5,264,9,9,2,20,9,18,1,1,5,35,1,0,1,35:04,Atlanta Falcons
13,13,14,2011-12-11,Sun,@,CAR,W,31,23,,19,39,48.7,259,2,6.6,5.36,66.1,2,17,23,157,1,6.8,64,416,6.50,1,0,3,3,6,256,13,5,1,19,5,13,0,1,5,50,0,2,2,29:17,Atlanta Falcons
14,14,15,2011-12-15,Thu,,JAX,W,41,14,,12,22,54.5,91,1,4.1,3.00,61.0,5,50,19,116,0,6.1,46,207,4.50,0,0,2,2,7,304,8,4,0,12,3,10,0,0,5,40,3,1,4,21:29,Atlanta Falcons
15,15,16,2011-12-26,Mon,@,NOR,L,16,45,,23,39,59.0,299,4,7.7,7.41,96.0,1,8,23,164,1,7.1,63,463,7.35,1,1,6,6,2,104,17,7,2,26,10,13,0,0,4,46,0,2,2,26:41,Atlanta Falcons
16,16,17,2012-01-01,Sun,,TAM,W,45,24,,31,45,68.9,259,2,5.8,3.64,70.5,2,15,14,35,0,2.5,61,294,4.82,1,1,1,1,3,149,15,3,0,18,6,12,0,1,2,20,1,3,4,29:52,Atlanta Falcons
1,1,1,2011-09-11,Sun,@,KAN,W,41,7,,22,36,61.1,105,1,2.9,2.22,63.2,2,14,18,108,0,6.0,56,213,3.80,1,0,1,1,8,328,8,4,1,13,3,13,0,0,1,3,2,1,3,22:58,Buffalo Bills
2,2,2,2011-09-18,Sun,,OAK,W,38,35,,23,33,69.7,323,2,9.8,9.64,108.5,0,0,30,131,3,4.4,63,454,7.21,0,0,5,5,3,155,17,9,0,26,8,12,1,1,8,85,1,1,2,29:13,Buffalo Bills
3,3,3,2011-09-25,Sun,,NWE,W,34,31,,30,45,66.7,387,4,8.6,6.38,86.1,0,0,26,108,0,4.2,71,495,6.97,1,1,4,4,3,140,21,6,3,30,3,9,2,2,8,93,0,4,4,31:15,Buffalo Bills
4,4,4,2011-10-02,Sun,@,CIN,L,20,23,,18,36,50.0,287,1,8.0,6.03,63.1,2,11,32,171,1,5.3,70,458,6.54,3,3,2,2,5,192,12,12,1,25,5,12,0,0,3,15,0,2,2,31:21,Buffalo Bills
5,5,5,2011-10-09,Sun,,PHI,W,31,24,,26,40,65.0,315,2,7.9,4.38,66.1,0,0,20,174,1,8.7,60,489,8.15,1,1,3,3,2,72,16,7,1,24,2,9,1,1,5,46,1,4,5,26:22,Buffalo Bills
6,6,6,2011-10-16,Sun,@,NYG,L,24,27,,21,32,65.6,292,0,9.1,9.13,94.8,0,0,33,122,3,3.7,65,414,6.37,3,2,3,3,3,161,12,9,3,24,5,11,0,0,7,79,0,0,0,30:47,Buffalo Bills
7,7,8,2011-10-30,Sun,,WAS,W,23,0,,20,33,60.6,152,0,4.6,1.88,46.5,10,56,11,26,0,2.4,54,178,3.30,1,0,0,0,6,284,10,0,0,10,4,14,0,2,4,59,0,2,2,25:09,Buffalo Bills
8,8,9,2011-11-06,Sun,,NYJ,L,11,27,,20,28,71.4,222,1,7.9,7.04,91.7,1,8,39,126,2,3.2,68,348,5.12,3,2,3,3,2,71,14,8,2,24,6,11,0,0,9,60,1,1,2,37:52,Buffalo Bills
9,9,10,2011-11-13,Sun,@,DAL,L,7,44,,23,26,88.5,270,3,10.4,12.69,148.4,0,0,35,163,1,4.7,61,433,7.10,3,3,5,5,1,52,15,8,1,24,8,12,0,0,8,74,0,0,0,34:32,Buffalo Bills
10,10,11,2011-11-20,Sun,@,MIA,L,8,35,,14,20,70.0,147,3,7.4,10.35,130.6,1,13,35,95,1,2.7,56,242,4.32,0,0,5,5,7,337,8,7,1,16,5,12,0,0,4,50,0,0,0,31:06,Buffalo Bills
11,11,12,2011-11-27,Sun,@,NYJ,L,24,28,,17,35,48.6,180,4,5.1,6.14,90.2,0,0,23,138,0,6.0,58,318,5.48,0,0,4,4,5,208,11,7,2,20,5,11,1,1,4,40,1,1,2,23:49,Buffalo Bills
12,12,13,2011-12-04,Sun,,TEN,L,17,23,,16,25,64.0,130,0,5.2,5.20,77.1,1,10,31,187,2,6.0,57,317,5.56,3,3,2,2,5,239,6,12,0,18,2,11,1,1,3,20,0,0,0,28:14,Buffalo Bills
13,13,14,2011-12-11,Sun,@,SDG,L,10,37,,24,33,72.7,216,3,6.5,8.36,120.3,2,24,32,150,1,4.7,67,366,5.46,1,1,5,4,3,119,15,7,1,23,8,14,1,1,5,50,1,0,1,35:33,Buffalo Bills
14,14,15,2011-12-18,Sun,,MIA,L,23,30,,10,20,50.0,194,2,9.7,11.70,117.5,2,23,38,254,1,6.7,60,448,7.47,3,3,3,3,6,278,6,8,3,17,3,13,0,1,5,62,3,0,3,28:49,Buffalo Bills
15,15,16,2011-12-24,Sat,,DEN,W,40,14,,13,29,44.8,152,1,5.2,1.28,33.2,4,33,35,133,1,3.8,68,285,4.19,0,0,2,2,7,306,8,7,3,18,2,13,2,3,7,58,0,3,3,30:31,Buffalo Bills
16,16,17,2012-01-01,Sun,@,NWE,L,21,49,,24,36,66.7,342,3,9.5,9.92,113.4,4,18,29,138,2,4.8,69,480,6.96,2,2,5,5,2,97,17,9,2,28,6,12,0,0,4,77,0,1,1,29:38,Buffalo Bills
1,1,1,2011-09-11,Sun,@,ARI,L,21,28,,18,27,66.7,295,2,10.9,12.41,127.9,2,14,25,99,1,4.0,54,394,7.30,1,0,4,4,5,210,10,4,1,15,5,12,0,0,6,61,1,0,1,27:13,Carolina Panthers
2,2,2,2011-09-18,Sun,,GNB,L,23,30,,19,30,63.3,295,2,9.8,11.17,118.1,1,13,21,124,1,5.9,52,419,8.06,3,3,3,3,3,116,9,5,2,16,5,12,0,1,7,57,1,0,1,27:26,Carolina Panthers
3,3,3,2011-09-25,Sun,,JAX,W,16,10,,12,21,57.1,129,1,6.1,4.95,71.3,2,10,34,128,0,3.8,57,257,4.51,1,1,1,1,6,234,4,7,2,13,3,14,1,2,8,60,0,1,1,30:26,Carolina Panthers
4,4,4,2011-10-02,Sun,@,CHI,L,29,34,,9,17,52.9,93,0,5.5,2.82,44.5,1,9,31,224,2,7.2,49,317,6.47,2,2,4,4,4,157,5,9,1,15,3,10,1,1,5,45,0,1,1,26:31,Carolina Panthers
5,5,5,2011-10-09,Sun,,NOR,L,27,30,,32,45,71.1,343,2,7.6,7.51,98.7,2,16,28,101,1,3.6,75,444,5.92,3,3,3,3,2,90,20,6,1,27,12,17,0,0,9,82,0,1,1,34:40,Carolina Panthers
6,6,6,2011-10-16,Sun,@,ATL,L,17,31,,14,22,63.6,159,1,7.2,8.14,100.4,1,4,35,166,3,4.7,58,325,5.60,1,1,4,4,3,129,8,13,3,24,7,11,0,0,4,57,0,0,0,30:34,Carolina Panthers
7,7,7,2011-10-23,Sun,,WAS,W,33,20,,22,37,59.5,261,1,7.1,6.38,78.8,3,18,23,92,1,4.0,63,353,5.60,2,2,2,2,1,37,14,6,2,22,5,12,0,2,3,26,2,1,3,24:30,Carolina Panthers
8,8,8,2011-10-30,Sun,,MIN,L,21,24,,18,28,64.3,229,1,8.2,8.89,101.6,4,7,33,132,2,4.0,65,361,5.55,2,1,3,3,4,179,13,8,1,22,7,14,0,0,4,43,1,0,1,32:05,Carolina Panthers
9,9,10,2011-11-13,Sun,,TEN,L,3,30,,15,27,55.6,211,1,7.8,6.89,77.9,1,8,35,172,1,4.9,63,383,6.08,3,3,3,3,5,221,9,8,5,22,3,13,0,0,9,92,0,1,1,32:36,Carolina Panthers
10,10,11,2011-11-20,Sun,@,DET,L,35,49,,28,36,77.8,326,5,9.1,9.33,120.8,2,9,29,169,2,5.8,67,495,7.39,0,0,7,7,2,96,17,9,3,29,6,11,0,0,8,56,1,2,3,33:07,Carolina Panthers
11,11,12,2011-11-27,Sun,@,IND,W,27,19,,15,29,51.7,218,1,7.5,5.10,59.3,2,8,23,105,1,4.6,54,323,5.98,2,2,1,1,5,228,10,5,2,17,1,9,1,1,2,15,0,2,2,23:43,Carolina Panthers
12,12,13,2011-12-04,Sun,@,TAM,W,38,19,,16,27,59.3,207,1,7.7,6.74,80.3,2,22,27,78,0,2.9,56,285,5.09,4,4,1,1,2,82,11,3,1,15,5,13,0,1,9,73,0,1,1,27:19,Carolina Panthers
13,13,14,2011-12-11,Sun,,ATL,L,23,31,,22,38,57.9,308,4,8.1,10.21,119.2,3,12,28,86,0,3.1,69,394,5.71,2,1,4,4,6,287,14,4,0,18,8,17,0,0,5,50,0,0,0,30:43,Carolina Panthers
14,14,15,2011-12-18,Sun,@,HOU,W,28,13,,19,30,63.3,208,0,6.9,3.93,56.0,2,4,25,150,1,6.0,57,358,6.28,3,2,1,1,2,59,11,7,0,18,2,9,0,0,6,60,1,2,3,27:26,Carolina Panthers
15,15,16,2011-12-24,Sat,,TAM,W,48,16,,28,38,73.7,258,1,6.8,6.13,89.6,3,16,19,59,1,3.1,60,317,5.28,1,1,1,1,1,59,13,6,4,23,5,11,1,3,7,64,3,1,4,32:57,Carolina Panthers
16,16,17,2012-01-01,Sun,@,NOR,L,17,45,,31,38,81.6,409,5,10.8,12.21,140.1,0,0,35,208,1,5.9,73,617,8.45,1,1,6,6,1,64,23,10,0,33,6,9,0,1,6,60,0,1,1,34:34,Carolina Panthers
1,1,1,2011-09-11,Sun,,ATL,W,30,12,,31,47,66.0,276,0,5.9,4.91,72.7,5,43,14,110,0,7.9,66,386,5.85,2,2,0,0,5,192,14,3,3,25,4,13,0,1,9,65,2,1,3,26:41,Chicago Bears
2,2,2,2011-09-18,Sun,@,NOR,L,13,30,,26,37,70.3,264,3,7.1,8.76,117.4,1,6,29,118,0,4.1,67,382,5.70,3,3,3,3,5,229,11,5,0,16,8,17,1,1,7,41,1,0,1,36:14,Chicago Bears
3,3,3,2011-09-25,Sun,,GNB,L,17,27,,28,38,73.7,292,3,7.7,8.08,110.9,2,5,29,100,0,3.4,69,392,5.68,2,2,3,3,6,229,17,6,1,24,5,13,0,0,7,35,1,1,2,37:29,Chicago Bears
4,4,4,2011-10-02,Sun,,CAR,W,34,29,,27,46,58.7,374,1,8.1,7.59,83.1,0,0,26,169,2,6.5,72,543,7.54,5,3,2,2,2,79,14,9,1,24,2,12,1,2,8,52,0,1,1,33:29,Chicago Bears
5,5,5,2011-10-10,Mon,@,DET,L,13,24,,19,26,73.1,214,2,8.2,8.04,106.9,1,5,20,181,1,9.1,47,395,8.40,1,1,3,3,5,162,9,5,2,16,5,11,0,0,12,94,0,1,1,20:57,Chicago Bears
6,6,6,2011-10-16,Sun,,MIN,W,39,10,,28,42,66.7,233,0,5.5,5.55,80.8,5,43,17,53,1,3.1,64,286,4.47,2,1,1,1,5,186,12,3,0,15,6,15,0,2,5,40,0,0,0,29:20,Chicago Bears
7,7,7,2011-10-23,Sun,@,TAM,W,24,18,,29,52,55.8,250,2,4.8,2.12,49.4,1,14,11,30,0,2.7,64,280,4.38,1,1,1,1,8,381,13,2,1,16,4,14,0,0,8,69,0,4,4,26:48,Chicago Bears
8,8,9,2011-11-07,Mon,@,PHI,W,30,24,,21,39,53.8,211,0,5.4,4.26,58.8,1,2,23,119,2,5.2,63,330,5.24,1,1,3,3,2,71,12,7,1,20,8,14,1,3,6,44,1,1,2,26:33,Chicago Bears
9,9,10,2011-11-13,Sun,,DET,W,37,13,,33,63,52.4,313,1,5.0,2.43,45.3,2,16,19,80,0,4.2,84,393,4.68,2,2,1,1,5,245,17,4,1,22,4,17,1,2,4,53,2,4,6,30:54,Chicago Bears
10,10,11,2011-11-20,Sun,,SDG,W,31,20,,21,31,67.7,280,2,9.0,7.42,90.8,0,0,17,52,0,3.1,48,332,6.92,3,2,2,2,3,118,13,1,1,15,5,11,0,0,3,20,1,2,3,26:50,Chicago Bears
11,11,12,2011-11-27,Sun,@,OAK,L,20,25,,21,37,56.8,268,0,7.2,6.03,68.3,4,33,27,73,1,2.7,68,341,5.01,6,6,1,1,5,273,12,5,0,17,3,15,1,1,6,44,0,1,1,30:02,Chicago Bears
12,12,13,2011-12-04,Sun,,KAN,L,3,10,,17,31,54.8,139,1,4.5,5.13,77.2,2,18,37,113,0,3.1,70,252,3.60,1,1,1,1,11,447,7,5,1,13,7,20,1,1,8,60,1,0,1,32:42,Chicago Bears
13,13,14,2011-12-11,Sun,@,DEN,L,10,13,OT,21,40,52.5,221,1,5.5,4.90,66.8,5,15,34,124,0,3.6,79,345,4.37,3,2,1,1,8,363,13,5,2,22,5,17,0,0,4,29,1,1,2,34:39,Chicago Bears
14,14,15,2011-12-18,Sun,,SEA,L,14,38,,19,31,61.3,226,1,7.3,7.94,94.3,1,1,33,60,2,1.8,65,286,4.40,1,1,5,5,5,201,11,5,2,18,6,16,0,2,6,36,1,0,1,31:37,Chicago Bears
15,15,16,2011-12-25,Sun,@,GNB,L,21,35,,21,29,72.4,282,5,9.7,13.17,142.5,1,1,21,81,0,3.9,51,363,7.12,0,0,5,5,4,176,15,3,1,19,5,9,0,0,0,0,0,0,0,24:12,Chicago Bears
16,16,17,2012-01-01,Sun,@,MIN,W,17,13,,21,42,50.0,222,0,5.3,2.07,36.0,2,6,27,79,1,2.9,71,301,4.24,3,2,1,1,6,276,9,7,0,16,3,15,1,2,5,38,0,3,3,31:14,Chicago Bears
1,1,1,2011-09-11,Sun,@,CLE,W,27,17,,19,40,47.5,202,2,5.1,4.93,69.0,2,11,26,83,0,3.2,68,285,4.19,1,1,2,2,8,288,11,5,1,17,4,15,1,2,11,72,0,1,1,29:37,Cincinnati Bengals
2,2,2,2011-09-18,Sun,@,DEN,L,22,24,,15,25,60.0,187,2,7.5,9.08,109.9,2,8,36,131,1,3.6,63,318,5.05,1,1,3,3,6,335,8,9,2,19,5,12,0,0,7,55,2,0,2,30:15,Cincinnati Bengals
3,3,3,2011-09-25,Sun,,SFO,L,8,13,,20,30,66.7,176,0,5.9,5.87,82.1,5,25,29,50,1,1.7,64,226,3.53,2,2,1,1,7,320,9,6,1,16,5,15,0,1,12,70,1,0,1,35:20,Cincinnati Bengals
4,4,4,2011-10-02,Sun,,BUF,W,23,20,,20,34,58.8,190,0,5.6,5.59,74.4,1,9,21,83,1,4.0,56,273,4.88,2,2,2,2,8,413,6,6,0,12,4,14,0,0,4,26,0,0,0,28:39,Cincinnati Bengals
5,5,5,2011-10-09,Sun,@,JAX,W,30,20,,15,28,53.6,200,1,7.1,7.86,88.4,3,21,27,96,1,3.6,58,296,5.10,2,2,2,2,7,264,7,5,0,12,6,16,0,0,2,15,2,0,2,27:27,Cincinnati Bengals
6,6,6,2011-10-16,Sun,,IND,W,27,17,,23,34,67.6,179,1,5.3,4.53,77.9,1,9,23,94,1,4.1,58,273,4.71,2,1,2,2,4,208,10,7,1,18,6,12,0,0,2,11,2,1,3,26:24,Cincinnati Bengals
7,7,8,2011-10-30,Sun,@,SEA,W,34,12,,25,47,53.2,350,0,7.4,6.49,68.6,4,25,20,61,1,3.1,71,411,5.79,2,2,0,0,6,320,14,5,1,20,5,15,1,2,11,80,1,1,2,28:33,Cincinnati Bengals
8,8,9,2011-11-06,Sun,@,TEN,W,24,17,,24,41,58.5,250,2,6.1,7.07,92.5,2,22,20,78,0,3.9,63,328,5.21,1,1,2,2,7,320,14,3,2,19,5,14,1,1,7,100,1,0,1,27:05,Cincinnati Bengals
9,9,10,2011-11-13,Sun,,PIT,L,17,24,,21,33,63.6,223,1,6.8,6.00,80.7,5,22,30,105,2,3.5,68,328,4.82,1,1,3,3,5,257,18,6,0,24,5,12,0,0,4,31,0,1,1,33:53,Cincinnati Bengals
10,10,11,2011-11-20,Sun,@,BAL,L,24,31,,17,27,63.0,268,2,9.9,9.74,105.2,1,2,28,105,2,3.8,56,373,6.66,1,1,4,4,8,391,9,4,0,13,5,14,0,0,6,69,0,1,1,27:07,Cincinnati Bengals
11,11,12,2011-11-27,Sun,,CLE,W,23,20,,16,34,47.1,140,2,4.1,3.97,65.8,2,11,30,134,0,4.5,66,274,4.15,3,2,2,2,5,215,7,9,1,17,6,15,0,1,3,15,0,1,1,28:26,Cincinnati Bengals
12,12,13,2011-12-04,Sun,@,PIT,L,7,35,,15,23,65.2,159,2,6.9,8.65,114.2,3,17,33,136,2,4.1,59,295,5.00,1,0,5,5,5,271,10,9,3,22,2,10,0,0,4,29,0,0,0,32:44,Cincinnati Bengals
13,13,14,2011-12-11,Sun,,HOU,L,19,20,,26,44,59.1,268,2,6.1,5.98,82.4,5,32,28,144,0,5.1,77,412,5.35,3,2,2,2,2,103,17,7,1,25,9,16,0,1,5,50,3,1,4,31:44,Cincinnati Bengals
14,14,15,2011-12-18,Sun,@,STL,W,20,13,,25,36,69.4,210,1,5.8,6.39,93.5,3,19,24,95,0,4.0,63,305,4.84,3,2,1,1,7,300,13,2,3,18,2,13,0,1,10,109,0,0,0,29:57,Cincinnati Bengals
15,15,16,2011-12-24,Sat,,ARI,W,23,16,,23,44,52.3,257,2,5.8,3.68,56.7,5,40,18,59,0,3.3,67,316,4.72,1,1,1,1,6,230,12,4,1,17,4,14,1,2,6,87,0,3,3,28:21,Cincinnati Bengals
16,16,17,2012-01-01,Sun,,BAL,L,16,24,,15,19,78.9,126,1,6.6,7.68,111.8,1,4,32,221,2,6.9,52,347,6.67,1,1,3,3,7,327,5,7,3,15,5,13,0,0,7,59,0,0,0,29:26,Cincinnati Bengals
1,1,1,2011-09-11,Sun,,CIN,L,17,27,,15,27,55.6,155,2,5.7,7.22,97.0,4,18,33,139,1,4.2,64,294,4.59,2,2,3,3,8,382,8,6,3,17,7,17,0,0,3,22,0,0,0,30:23,Cleveland Browns
2,2,2,2011-09-18,Sun,@,IND,W,27,19,,19,38,50.0,176,1,4.6,3.97,60.9,2,15,26,109,0,4.2,66,285,4.32,4,4,1,1,4,208,12,6,1,19,4,14,0,0,4,21,1,1,2,25:26,Cleveland Browns
3,3,3,2011-09-25,Sun,,MIA,W,17,16,,19,29,65.5,231,1,8.0,7.10,87.0,5,24,38,138,0,3.6,72,369,5.13,4,3,1,1,3,151,10,9,3,22,4,13,1,2,10,93,1,1,2,37:51,Cleveland Browns
4,4,4,2011-10-02,Sun,,TEN,L,13,31,,10,21,47.6,220,3,10.5,11.19,105.2,0,0,29,112,0,3.9,50,332,6.64,1,1,4,4,6,237,7,6,0,13,4,12,0,0,5,45,0,1,1,23:07,Cleveland Browns
5,5,6,2011-10-16,Sun,@,OAK,L,17,24,,15,24,62.5,178,1,7.4,8.25,99.0,2,9,40,151,1,3.8,66,329,4.98,1,1,3,3,4,194,8,9,1,18,8,16,2,3,5,35,1,0,1,34:41,Cleveland Browns
6,6,7,2011-10-23,Sun,,SEA,W,6,3,,12,30,40.0,69,0,2.3,0.80,34.0,4,28,16,68,0,4.3,50,137,2.74,1,1,0,0,7,351,5,2,2,9,2,12,0,1,8,68,1,1,2,17:04,Cleveland Browns
7,7,8,2011-10-30,Sun,@,SFO,L,10,20,,15,24,62.5,174,1,7.3,8.08,98.3,1,3,39,174,1,4.5,64,348,5.44,2,2,2,2,5,268,10,7,2,19,6,15,0,1,5,40,0,0,0,32:52,Cleveland Browns
8,8,9,2011-11-06,Sun,@,HOU,L,12,30,,14,23,60.9,119,0,5.2,3.22,56.2,0,0,40,261,3,6.5,63,380,6.03,3,3,3,3,2,95,7,14,0,21,9,14,1,1,2,15,0,1,1,35:15,Cleveland Browns
9,9,10,2011-11-13,Sun,,STL,L,12,13,,15,25,60.0,148,1,5.9,4.92,73.4,1,7,32,133,0,4.2,58,281,4.84,2,2,1,1,5,236,8,8,1,17,4,12,0,0,7,55,1,1,2,27:33,Cleveland Browns
10,10,11,2011-11-20,Sun,,JAX,W,14,10,,22,41,53.7,195,0,4.8,4.76,66.6,1,15,29,108,1,3.7,71,303,4.27,1,1,1,1,5,203,9,10,4,23,7,15,0,0,9,81,0,0,0,30:53,Cleveland Browns
11,11,12,2011-11-27,Sun,@,CIN,L,20,23,,21,31,67.7,257,1,8.3,8.94,103.8,2,13,32,132,1,4.1,65,389,5.98,3,3,2,2,4,191,13,4,1,18,6,14,0,1,5,35,1,0,1,31:34,Cleveland Browns
12,12,13,2011-12-04,Sun,,BAL,L,10,24,,10,23,43.5,158,0,6.9,6.87,66.9,1,0,55,290,2,5.3,79,448,5.67,3,1,3,3,3,108,7,16,1,24,9,19,1,2,4,18,1,0,1,37:34,Cleveland Browns
13,13,14,2011-12-08,Thu,@,PIT,L,3,14,,16,23,69.6,269,2,11.7,11.48,119.7,2,11,28,147,0,5.3,53,416,7.85,0,0,2,2,4,165,11,7,2,20,2,8,0,1,12,97,2,1,3,27:42,Cleveland Browns
14,14,15,2011-12-18,Sun,@,ARI,L,17,20,OT,28,46,60.9,289,1,6.3,5.74,77.2,4,24,24,74,1,3.1,74,363,4.91,2,2,2,2,7,312,16,5,3,24,8,16,0,0,2,13,0,1,1,32:42,Cleveland Browns
15,15,16,2011-12-24,Sat,@,BAL,L,14,20,,11,24,45.8,122,2,5.1,4.88,71.9,1,10,37,162,0,4.4,62,284,4.58,2,2,2,2,5,223,6,7,2,15,7,17,0,0,5,51,0,1,1,32:18,Cleveland Browns
16,16,17,2012-01-01,Sun,,PIT,L,9,13,,23,40,57.5,199,0,5.0,4.98,70.7,2,22,36,161,1,4.5,78,360,4.62,3,2,1,1,4,181,12,8,2,22,8,16,1,2,4,37,2,0,2,39:11,Cleveland Browns
1,1,1,2011-09-11,Sun,@,NYJ,L,24,27,,26,44,59.1,315,2,7.2,7.05,86.8,4,20,16,45,0,2.8,64,360,5.63,2,2,3,3,6,239,18,1,0,19,6,14,0,0,0,0,1,1,2,26:07,Dallas Cowboys
2,2,2,2011-09-18,Sun,@,SFO,W,27,24,OT,16,24,66.7,132,2,5.5,5.29,91.0,6,47,24,74,1,3.1,54,206,3.81,1,1,3,3,6,332,10,3,1,14,8,16,0,0,5,25,0,1,1,30:43,Dallas Cowboys
3,3,3,2011-09-26,Mon,,WAS,W,18,16,,22,37,59.5,233,1,6.3,5.62,75.6,3,17,22,65,0,3.0,62,298,4.81,4,3,1,1,5,232,16,3,1,20,3,12,0,0,4,35,1,1,2,28:24,Dallas Cowboys
4,4,4,2011-10-02,Sun,,DET,L,30,34,,21,43,48.8,240,2,5.6,5.47,71.9,0,0,17,63,0,3.7,60,303,5.05,2,2,4,4,6,262,13,3,2,18,4,13,0,0,10,75,0,1,1,23:21,Dallas Cowboys
5,5,6,2011-10-16,Sun,@,NWE,L,16,20,,27,41,65.9,270,2,6.6,5.37,80.3,3,19,25,101,0,4.0,69,371,5.38,2,2,2,2,2,96,16,7,2,25,8,13,0,0,5,35,2,2,4,27:11,Dallas Cowboys
6,6,7,2011-10-23,Sun,,STL,W,34,7,,20,33,60.6,195,0,5.9,4.55,64.6,1,1,21,70,1,3.3,55,265,4.82,0,0,1,1,5,237,8,4,1,13,5,13,0,2,4,16,1,1,2,26:04,Dallas Cowboys
7,7,8,2011-10-30,Sun,@,PHI,L,7,34,,21,28,75.0,256,2,9.1,10.57,126.5,4,23,38,239,2,6.3,70,495,7.07,2,2,4,4,2,92,15,15,1,31,7,12,1,1,6,33,0,0,0,42:09,Dallas Cowboys
8,8,9,2011-11-06,Sun,,SEA,W,23,13,,17,30,56.7,219,0,7.3,2.80,40.1,1,2,30,162,1,5.4,61,381,6.25,3,2,1,1,3,183,10,6,2,18,2,10,1,2,10,88,0,3,3,30:33,Dallas Cowboys
9,9,10,2011-11-13,Sun,,BUF,W,44,7,,20,31,64.5,136,1,4.4,0.68,45.3,1,10,17,135,0,7.9,49,271,5.53,1,0,1,1,3,156,7,8,5,20,2,7,0,1,3,12,1,3,4,25:28,Dallas Cowboys
10,10,11,2011-11-20,Sun,@,WAS,W,27,24,OT,25,38,65.8,279,2,7.3,7.21,94.1,3,13,24,60,1,2.5,65,339,5.22,3,1,3,3,5,243,13,2,3,18,6,15,0,0,6,59,1,1,2,33:20,Dallas Cowboys
11,11,12,2011-11-24,Thu,,MIA,W,20,19,,19,32,59.4,263,1,8.2,8.84,96.2,4,25,25,89,0,3.6,61,352,5.77,5,4,1,1,4,198,11,4,3,18,3,12,0,0,6,55,1,0,1,31:28,Dallas Cowboys
12,12,13,2011-12-04,Sun,@,ARI,L,13,19,OT,16,25,64.0,224,1,9.0,9.76,106.1,5,23,25,103,1,4.1,55,327,5.95,2,2,1,1,7,351,10,5,1,16,4,13,0,0,6,41,0,0,0,29:35,Dallas Cowboys
13,13,14,2011-12-11,Sun,,NYG,L,34,37,,27,47,57.4,400,2,8.5,8.40,90.7,0,0,31,110,2,3.5,78,510,6.54,2,2,3,3,4,178,17,8,3,28,6,14,1,1,6,55,0,1,1,34:19,Dallas Cowboys
14,14,15,2011-12-17,Sat,@,TAM,W,31,15,,17,27,63.0,132,1,4.9,5.63,87.3,3,16,13,58,0,4.5,43,190,4.42,0,0,1,1,4,204,6,1,0,7,5,12,1,3,6,46,1,0,1,22:01,Dallas Cowboys
15,15,16,2011-12-24,Sat,,PHI,L,7,20,,18,32,56.3,281,2,8.8,10.03,106.4,2,12,26,105,0,4.0,60,386,6.43,2,2,2,2,6,256,13,5,2,20,5,13,0,0,5,47,1,0,1,27:37,Dallas Cowboys
16,16,17,2012-01-01,Sun,@,NYG,L,14,31,,24,33,72.7,331,3,10.0,11.85,134.8,2,15,31,106,1,3.4,66,437,6.62,2,1,4,4,4,161,16,3,1,20,7,15,0,1,3,28,0,0,0,34:33,Dallas Cowboys
1,1,1,2011-09-12,Mon,,OAK,L,20,23,,13,22,59.1,99,1,4.5,5.41,85.2,1,6,39,190,1,4.9,62,289,4.66,3,3,2,2,6,349,7,10,3,20,5,14,0,0,15,131,1,0,1,32:35,Denver Broncos
2,2,2,2011-09-18,Sun,,CIN,W,24,22,,27,41,65.9,310,2,7.6,8.54,104.7,2,22,20,72,0,3.6,63,382,6.06,3,3,1,1,5,205,14,2,2,18,1,11,0,2,7,69,0,0,0,29:45,Denver Broncos
3,3,3,2011-09-25,Sun,@,TEN,L,14,17,,27,36,75.0,295,2,8.2,9.31,117.2,2,16,23,38,0,1.7,61,333,5.46,1,1,2,2,4,176,14,2,1,17,8,15,1,1,11,80,2,0,2,30:54,Denver Broncos
4,4,4,2011-10-02,Sun,@,GNB,L,23,49,,29,39,74.4,396,4,10.2,9.90,119.2,2,12,28,111,2,4.0,69,507,7.35,0,0,7,7,1,49,18,7,1,26,9,13,0,1,3,27,0,2,2,33:01,Denver Broncos
5,5,5,2011-10-09,Sun,,SDG,L,24,29,,18,29,62.1,212,1,7.3,6.45,81.4,5,38,43,206,1,4.8,77,418,5.43,5,5,2,2,3,147,11,11,3,25,8,16,0,0,0,0,1,1,2,40:08,Denver Broncos
6,6,7,2011-10-23,Sun,@,MIA,W,18,15,OT,22,33,66.7,173,1,5.2,5.85,89.6,4,24,31,94,0,3.0,68,267,3.93,3,3,0,0,8,397,9,5,1,15,3,14,0,0,2,20,1,0,1,33:19,Denver Broncos
7,7,8,2011-10-30,Sun,,DET,L,10,45,,22,32,68.8,263,3,8.2,10.09,124.9,2,9,28,113,1,4.0,62,376,6.06,1,1,6,6,7,284,13,6,2,21,4,12,0,0,4,45,0,0,0,29:34,Denver Broncos
8,8,9,2011-11-06,Sun,@,OAK,W,38,24,,19,35,54.3,316,3,9.0,6.89,77.8,2,16,26,100,0,3.8,63,416,6.60,1,1,3,3,6,303,14,4,3,21,4,12,0,0,15,130,0,3,3,28:09,Denver Broncos
9,9,10,2011-11-13,Sun,@,KAN,W,17,10,,18,34,52.9,124,1,3.6,4.24,71.2,4,16,24,134,0,5.6,62,258,4.16,1,1,1,1,7,339,8,6,3,17,2,11,0,2,4,40,0,0,0,26:22,Denver Broncos
10,10,11,2011-11-17,Thu,,NYJ,W,17,13,,24,40,60.0,235,0,5.9,4.75,66.1,3,17,28,83,0,3.0,71,318,4.48,4,2,1,1,6,230,13,6,3,22,3,14,1,1,2,15,1,1,2,32:12,Denver Broncos
11,11,12,2011-11-27,Sun,@,SDG,W,16,13,OT,19,36,52.8,159,1,4.4,4.97,73.7,3,29,36,185,0,5.1,75,344,4.59,4,2,1,1,6,308,10,9,1,20,6,17,0,0,4,30,0,0,0,37:23,Denver Broncos
12,12,13,2011-12-04,Sun,@,MIN,W,35,32,,30,48,62.5,360,3,7.5,6.88,88.9,3,29,30,129,0,4.3,81,489,6.04,3,3,3,3,6,297,17,6,4,27,6,15,0,0,6,54,1,2,3,37:51,Denver Broncos
13,13,14,2011-12-11,Sun,,CHI,W,13,10,OT,12,19,63.2,86,0,4.5,4.53,73.6,4,29,38,159,1,4.2,61,245,4.02,1,1,1,1,11,526,5,7,0,12,2,15,0,0,8,69,1,0,1,31:47,Denver Broncos
14,14,15,2011-12-18,Sun,,NWE,L,23,41,,23,34,67.6,310,2,9.1,10.29,116.1,2,10,36,141,3,3.9,72,451,6.26,2,2,5,5,4,162,15,8,3,26,5,12,1,2,4,30,0,0,0,33:41,Denver Broncos
15,15,16,2011-12-24,Sat,@,BUF,L,14,40,,15,27,55.6,191,0,7.1,7.07,77.9,1,5,28,160,1,5.7,56,351,6.27,6,4,4,4,4,201,6,7,1,14,2,12,0,0,8,69,0,0,0,29:29,Denver Broncos
16,16,17,2012-01-01,Sun,,KAN,L,3,7,,15,29,51.7,175,0,6.0,6.03,70.3,1,5,30,106,1,3.5,60,281,4.68,1,0,1,1,8,377,8,5,1,14,5,15,0,0,6,36,1,0,1,27:02,Denver Broncos
1,1,1,2011-09-11,Sun,@,TAM,W,27,20,,29,46,63.0,259,1,5.6,5.09,76.3,2,7,16,56,0,3.5,64,315,4.92,2,2,2,2,5,261,15,1,1,17,6,14,1,2,6,39,1,1,2,23:35,Detroit Lions
2,2,2,2011-09-18,Sun,,KAN,W,48,3,,15,23,65.2,116,0,5.0,-0.83,37.9,2,17,29,151,0,5.2,54,267,4.94,2,1,0,0,5,198,6,5,1,12,2,11,0,0,8,70,3,3,6,27:36,Detroit Lions
3,3,3,2011-09-25,Sun,@,MIN,W,26,23,OT,22,36,61.1,189,1,5.3,5.81,84.1,4,22,23,132,1,5.7,63,321,5.10,3,3,2,2,6,267,10,5,1,16,4,14,0,1,10,79,0,0,0,27:50,Detroit Lions
4,4,4,2011-10-02,Sun,@,DAL,W,34,30,,34,47,72.3,321,3,6.8,5.23,85.5,1,10,27,113,0,4.2,75,434,5.79,3,3,3,3,3,161,19,4,2,25,5,13,0,2,7,33,0,3,3,36:39,Detroit Lions
5,5,5,2011-10-10,Mon,,CHI,W,24,13,,28,38,73.7,237,1,6.2,6.76,98.2,3,12,25,122,0,4.9,66,359,5.44,2,2,1,1,5,221,14,5,4,23,4,13,0,1,14,104,0,0,0,39:03,Detroit Lions
6,6,6,2011-10-16,Sun,,SFO,L,19,25,,17,32,53.1,111,1,3.5,2.69,58.2,2,14,29,203,1,7.0,63,314,4.98,3,3,2,2,9,430,6,7,1,14,2,14,1,1,15,120,1,1,2,29:39,Detroit Lions
7,7,7,2011-10-23,Sun,,ATL,L,16,23,,20,35,57.1,199,1,5.7,3.69,59.1,3,19,31,129,1,4.2,69,328,4.75,3,3,2,2,5,177,11,4,7,22,7,17,0,0,11,80,0,2,2,34:57,Detroit Lions
8,8,8,2011-10-30,Sun,@,DEN,W,45,10,,18,39,46.2,117,1,3.0,2.36,50.9,7,55,30,195,0,6.5,76,312,4.11,1,1,1,1,7,353,9,9,1,19,2,14,0,3,5,55,2,1,3,30:26,Detroit Lions
9,9,10,2011-11-13,Sun,@,CHI,L,13,37,,9,20,45.0,107,0,5.4,5.35,61.9,2,16,35,109,1,3.1,57,216,3.79,4,3,4,4,6,280,5,4,3,12,3,13,1,1,4,37,1,0,1,29:06,Detroit Lions
10,10,11,2011-11-20,Sun,,CAR,W,49,35,,22,38,57.9,272,1,7.2,2.95,49.3,1,8,26,137,2,5.3,65,409,6.29,2,2,3,3,3,122,12,7,5,24,3,10,0,0,7,70,0,4,4,26:53,Detroit Lions
11,11,12,2011-11-24,Thu,,GNB,L,15,27,,22,33,66.7,296,2,9.0,10.18,115.2,2,11,18,53,1,2.9,53,349,6.58,2,2,3,3,5,207,11,3,4,18,2,10,0,0,7,54,0,0,0,29:12,Detroit Lions
12,12,13,2011-12-04,Sun,@,NOR,L,17,31,,26,36,72.2,338,3,9.4,11.06,129.2,2,4,23,100,1,4.3,61,438,7.18,1,1,4,4,4,179,16,4,1,21,6,12,0,1,3,30,0,0,0,24:54,Detroit Lions
13,13,14,2011-12-11,Sun,,MIN,W,34,28,,23,44,52.3,156,3,3.5,1.84,54.7,4,43,35,269,1,7.7,83,425,5.12,0,0,4,4,2,97,12,17,0,29,8,14,3,3,5,37,3,3,6,28:46,Detroit Lions
14,14,15,2011-12-18,Sun,@,OAK,W,28,27,,32,40,80.0,345,1,8.6,9.13,110.9,3,22,22,132,1,6.0,65,477,7.34,3,2,3,3,5,235,15,7,4,26,1,9,0,1,10,86,1,0,1,31:33,Detroit Lions
15,15,16,2011-12-24,Sat,,SDG,W,38,10,,28,53,52.8,299,1,5.6,4.32,60.2,0,0,17,68,0,4.0,70,367,5.24,1,1,1,1,4,166,14,6,0,20,6,15,2,3,1,10,0,2,2,27:39,Detroit Lions
16,16,17,2012-01-01,Sun,@,GNB,L,41,45,,31,44,70.5,469,6,10.7,12.36,135.3,3,11,24,81,0,3.4,71,550,7.75,2,1,6,6,4,176,20,3,4,27,6,12,0,0,6,78,1,1,2,31:40,Detroit Lions
1,1,1,2011-09-08,Thu,,NOR,W,42,34,,32,49,65.3,396,3,8.1,9.31,110.6,3,23,21,81,0,3.9,73,477,6.53,2,2,4,4,2,98,20,5,2,27,9,14,0,1,3,15,1,0,1,27:06,Green Bay Packers
2,2,2,2011-09-18,Sun,@,CAR,W,30,23,,28,46,60.9,404,1,8.8,6.28,69.5,4,28,21,71,1,3.4,71,475,6.69,3,3,2,2,2,75,18,6,2,26,6,13,0,1,6,50,1,3,4,32:34,Green Bay Packers
3,3,3,2011-09-25,Sun,@,CHI,W,27,17,,21,37,56.8,278,2,7.5,6.16,76.2,3,24,12,13,0,1.1,52,291,5.60,1,1,2,2,7,298,11,1,0,12,3,12,0,1,10,70,0,2,2,22:31,Green Bay Packers
4,4,4,2011-10-02,Sun,,DEN,W,49,23,,22,32,68.8,265,3,8.3,5.94,86.1,1,8,23,119,0,5.2,56,384,6.86,1,1,2,2,2,98,13,5,0,18,4,11,1,1,3,24,1,3,4,26:59,Green Bay Packers
5,5,5,2011-10-09,Sun,@,ATL,W,25,14,,18,32,56.3,156,1,4.9,2.69,53.6,1,11,22,95,1,4.3,55,251,4.56,0,0,2,2,5,189,11,5,2,18,5,11,0,0,5,44,0,2,2,26:49,Green Bay Packers
6,6,6,2011-10-16,Sun,,STL,W,24,3,,29,45,64.4,306,0,6.8,5.80,74.9,3,22,24,118,0,4.9,72,424,5.89,2,1,0,0,5,162,14,8,0,22,3,13,1,4,7,45,0,1,1,30:41,Green Bay Packers
7,7,7,2011-10-23,Sun,@,MIN,W,33,27,,13,32,40.6,217,2,6.8,5.22,59.0,2,2,31,218,1,7.0,65,435,6.69,2,2,3,3,4,161,12,9,1,22,9,16,0,0,9,91,0,2,2,27:54,Green Bay Packers
8,8,9,2011-11-06,Sun,@,SDG,W,45,38,,26,46,56.5,375,4,8.2,6.96,85.0,2,10,21,85,1,4.0,69,460,6.67,1,1,5,5,2,98,20,5,3,28,5,11,0,0,8,64,0,3,3,30:15,Green Bay Packers
9,9,10,2011-11-14,Mon,,MIN,W,45,7,,16,34,47.1,162,0,4.8,3.44,48.9,3,28,22,104,1,4.7,59,266,4.51,1,0,1,1,6,263,8,6,0,14,5,14,0,2,10,80,0,1,1,26:42,Green Bay Packers
10,10,11,2011-11-20,Sun,,TAM,W,35,26,,28,38,73.7,334,2,8.8,7.47,95.7,2,8,20,121,1,6.1,60,455,7.58,2,2,2,2,3,140,17,5,0,22,5,11,0,1,9,55,0,2,2,31:21,Green Bay Packers
11,11,12,2011-11-24,Thu,@,DET,W,27,15,,32,45,71.1,273,1,6.1,3.51,66.2,1,3,21,136,1,6.5,67,409,6.10,1,0,1,1,4,148,15,7,1,23,5,10,0,0,11,82,0,3,3,30:48,Green Bay Packers
12,12,13,2011-12-04,Sun,@,NYG,W,38,35,,23,40,57.5,347,3,8.7,9.05,100.7,1,0,20,100,1,5.0,61,447,7.33,2,2,3,3,4,177,15,7,2,24,5,11,0,0,6,55,1,1,2,26:57,Green Bay Packers
13,13,14,2011-12-11,Sun,,OAK,W,46,16,,24,43,55.8,240,1,5.6,1.86,40.8,1,7,29,117,1,4.0,73,357,4.89,0,0,2,2,5,247,14,9,0,23,5,13,1,2,11,89,1,4,5,31:20,Green Bay Packers
14,14,15,2011-12-18,Sun,@,KAN,L,14,19,,23,31,74.2,299,0,9.6,9.65,104.1,0,0,39,139,1,3.6,70,438,6.26,4,4,1,1,2,99,18,5,0,23,4,12,0,1,7,55,0,0,0,36:11,Green Bay Packers
15,15,16,2011-12-25,Sun,,CHI,W,35,21,,19,28,67.9,242,1,8.6,6.14,76.8,0,0,42,199,0,4.7,70,441,6.30,3,2,1,1,2,98,13,11,0,24,6,12,0,0,6,28,0,2,2,35:48,Green Bay Packers
16,16,17,2012-01-01,Sun,,DET,W,45,41,,36,59,61.0,502,5,8.5,8.68,102.5,2,18,15,73,0,4.9,76,575,7.57,2,1,4,4,3,141,27,2,3,32,4,11,1,2,11,101,2,2,4,28:20,Green Bay Packers
1,1,1,2011-09-11,Sun,,IND,W,34,7,,16,31,51.6,172,1,5.5,6.19,79.0,3,25,16,64,0,4.0,50,236,4.72,1,0,1,1,6,281,10,4,1,15,1,9,0,1,6,60,2,0,2,23:16,Houston Texans
2,2,2,2011-09-18,Sun,@,MIA,W,23,13,,12,30,40.0,153,1,5.1,4.27,53.9,2,17,28,153,0,5.5,60,306,5.10,4,2,1,1,3,181,11,5,2,18,4,12,0,1,3,20,1,1,2,25:54,Houston Texans
3,3,3,2011-09-25,Sun,@,NOR,L,33,40,,31,44,70.5,354,3,8.0,7.36,98.1,2,16,22,100,2,4.5,68,454,6.68,1,1,3,3,3,148,20,5,2,27,8,13,0,0,4,26,0,2,2,29:54,Houston Texans
4,4,4,2011-10-02,Sun,,PIT,W,17,10,,16,30,53.3,178,0,5.9,4.43,57.4,5,28,22,118,1,5.4,57,296,5.19,2,1,1,1,4,202,10,8,2,20,5,12,0,1,5,45,0,1,1,28:17,Houston Texans
5,5,5,2011-10-09,Sun,,OAK,L,20,25,,15,35,42.9,184,2,5.3,5.11,66.8,3,6,22,94,0,4.3,60,278,4.63,4,4,1,1,7,346,6,4,1,11,3,15,1,1,11,89,0,1,1,25:35,Houston Texans
6,6,6,2011-10-16,Sun,@,BAL,L,14,29,,20,33,60.6,289,0,8.8,7.39,76.5,2,16,30,113,2,3.8,65,402,6.18,5,5,2,2,2,90,15,6,3,24,3,11,0,0,5,25,1,1,2,32:12,Houston Texans
7,7,7,2011-10-23,Sun,@,TEN,W,41,7,,15,31,48.4,95,1,3.1,0.81,39.0,2,21,15,53,0,3.5,48,148,3.08,0,0,1,1,7,319,6,2,3,11,2,10,1,1,8,76,0,2,2,22:02,Houston Texans
8,8,8,2011-10-30,Sun,,JAX,W,24,14,,10,32,31.3,90,1,2.8,0.63,25.0,1,7,25,84,1,3.4,58,174,3.00,0,0,2,2,8,374,8,5,0,13,5,14,1,1,5,39,0,2,2,24:41,Houston Texans
9,9,9,2011-11-06,Sun,,CLE,W,30,12,,14,22,63.6,128,1,5.8,4.68,75.6,4,18,21,44,0,2.1,47,172,3.66,2,2,0,0,4,175,7,2,1,10,4,12,2,2,4,35,1,1,2,24:45,Houston Texans
10,10,10,2011-11-13,Sun,@,TAM,W,37,9,,15,35,42.9,141,1,4.0,0.74,28.4,4,29,18,90,0,5.0,57,231,4.05,1,1,0,0,6,265,6,4,2,12,3,13,0,1,6,49,1,3,4,24:54,Houston Texans
11,11,12,2011-11-27,Sun,@,JAX,W,20,13,,20,40,50.0,150,0,3.8,2.63,49.0,7,48,24,105,0,4.4,71,255,3.59,3,2,1,1,9,380,7,4,3,14,5,19,0,1,4,30,0,1,1,31:39,Houston Texans
12,12,13,2011-12-04,Sun,,ATL,W,17,10,,20,47,42.6,267,1,5.7,4.19,50.6,0,0,18,70,0,3.9,65,337,5.18,1,1,1,1,4,202,13,3,2,18,6,14,0,2,7,43,0,2,2,24:56,Houston Texans
13,13,14,2011-12-11,Sun,@,CIN,W,20,19,,16,28,57.1,184,1,6.6,7.29,89.0,1,5,29,101,0,3.5,58,285,4.91,4,4,1,1,4,186,8,6,2,16,5,13,1,1,3,27,2,0,2,28:16,Houston Texans
14,14,15,2011-12-18,Sun,,CAR,L,13,28,,14,24,58.3,150,2,6.3,7.92,104.5,2,10,34,166,2,4.9,60,316,5.27,0,0,4,4,5,252,8,11,1,20,9,14,0,0,7,40,0,0,0,32:34,Houston Texans
15,15,16,2011-12-22,Thu,@,IND,L,16,19,,23,41,56.1,225,1,5.5,5.98,79.8,3,19,32,95,0,3.0,76,320,4.21,5,4,1,1,5,209,16,2,6,24,7,17,0,0,4,35,1,0,1,32:55,Houston Texans
16,16,17,2012-01-01,Sun,,TEN,L,22,23,,22,35,62.9,275,2,7.9,9.00,106.2,3,22,22,86,0,3.9,60,361,6.02,3,3,2,2,6,286,15,2,0,17,6,14,0,0,6,47,1,0,1,25:22,Houston Texans
1,1,1,2011-09-11,Sun,@,HOU,L,7,34,,17,24,70.8,217,1,9.0,6.13,78.0,1,3,41,167,2,4.1,66,384,5.82,2,2,4,4,2,89,13,12,1,26,5,11,0,0,4,30,1,2,3,36:44,Indianapolis Colts
2,2,2,2011-09-18,Sun,,CLE,L,19,27,,22,32,68.8,197,1,6.2,6.78,95.4,1,14,34,106,2,3.1,67,303,4.52,2,2,3,3,5,201,9,8,1,18,8,16,1,1,3,49,1,0,1,34:34,Indianapolis Colts
3,3,3,2011-09-25,Sun,,PIT,L,20,23,,25,37,67.6,341,1,9.2,8.54,94.5,3,23,28,67,0,2.4,68,408,6.00,4,3,2,2,3,112,14,4,1,19,8,15,0,0,4,38,2,1,3,33:58,Indianapolis Colts
4,4,4,2011-10-03,Mon,@,TAM,L,17,24,,25,39,64.1,274,1,7.0,7.54,93.3,2,13,36,192,2,5.3,77,466,6.05,2,1,3,3,5,220,14,10,1,25,7,17,2,2,14,106,0,0,0,39:00,Indianapolis Colts
5,5,5,2011-10-09,Sun,,KAN,L,24,28,,21,29,72.4,242,4,8.3,11.10,136.8,2,15,38,194,0,5.1,69,436,6.32,0,0,4,4,6,269,14,11,1,26,8,14,0,0,5,39,0,0,0,33:07,Indianapolis Colts
6,6,6,2011-10-16,Sun,@,CIN,L,17,27,,25,32,78.1,264,1,8.3,8.88,111.5,0,0,31,94,1,3.0,63,358,5.68,3,2,3,3,5,221,12,4,1,17,6,14,0,0,11,111,0,0,0,33:36,Indianapolis Colts
7,7,7,2011-10-23,Sun,@,NOR,L,7,62,,31,35,88.6,321,5,9.2,12.03,144.5,2,4,38,236,2,6.2,75,557,7.43,2,2,8,8,1,53,19,16,1,36,6,8,0,0,1,10,0,0,0,38:19,Indianapolis Colts
8,8,8,2011-10-30,Sun,@,TEN,L,10,27,,23,33,69.7,215,1,6.5,7.12,97.4,1,9,31,96,1,3.1,65,311,4.78,2,2,3,3,8,330,11,4,2,17,7,17,0,0,3,40,0,0,0,31:28,Indianapolis Colts
9,9,9,2011-11-06,Sun,,ATL,L,7,31,,14,24,58.3,269,3,11.2,11.83,119.6,1,6,41,163,1,4.0,66,432,6.55,1,1,4,4,7,321,10,11,0,21,6,14,0,0,1,10,0,1,1,37:46,Indianapolis Colts
10,10,10,2011-11-13,Sun,,JAX,L,3,17,,14,21,66.7,110,1,5.2,4.05,75.5,2,8,41,141,1,3.4,64,251,3.92,2,1,2,2,6,232,8,9,1,18,6,15,0,0,5,55,0,1,1,35:21,Indianapolis Colts
11,11,12,2011-11-27,Sun,,CAR,L,19,27,,20,27,74.1,176,0,6.5,6.52,91.0,3,32,35,201,3,5.7,65,377,5.80,3,2,3,3,4,181,9,13,0,22,6,12,0,0,6,92,1,0,1,36:17,Indianapolis Colts
12,12,13,2011-12-04,Sun,@,NWE,L,24,31,,29,38,76.3,289,2,7.6,8.66,114.9,1,0,24,73,2,3.0,63,362,5.75,1,1,4,4,4,187,19,5,0,24,6,11,0,0,3,20,0,0,0,24:21,Indianapolis Colts
13,13,14,2011-12-11,Sun,@,BAL,L,10,24,,23,31,74.2,212,2,6.8,6.68,100.5,2,15,37,146,1,3.9,70,358,5.11,1,1,3,3,3,145,13,11,0,24,7,13,0,1,5,40,1,1,2,36:08,Indianapolis Colts
14,14,15,2011-12-18,Sun,,TEN,W,27,13,,38,56,67.9,322,1,5.8,4.50,73.7,1,9,19,66,0,3.5,76,388,5.11,2,2,1,1,7,329,18,2,1,21,6,16,0,1,7,70,1,2,3,31:57,Indianapolis Colts
15,15,16,2011-12-22,Thu,,HOU,W,19,16,,13,16,81.3,112,0,7.0,7.00,95.8,4,20,31,171,1,5.5,51,283,5.55,3,3,1,1,6,253,6,7,1,14,1,10,0,0,11,84,1,0,1,27:05,Indianapolis Colts
16,16,17,2012-01-01,Sun,@,JAX,L,13,19,,11,19,57.9,71,1,3.7,4.79,83.4,3,21,35,190,0,5.4,57,261,4.58,4,4,1,1,2,87,4,9,2,15,5,13,0,1,1,10,1,0,1,30:48,Indianapolis Colts
1,1,1,2011-09-11,Sun,,TEN,W,16,14,,21,34,61.8,249,2,7.3,7.18,91.4,2,14,13,43,0,3.3,49,292,5.96,1,0,2,2,7,291,11,1,1,13,4,11,0,0,7,60,0,1,1,20:22,Jacksonville Jaguars
2,2,2,2011-09-18,Sun,@,NYJ,L,3,32,,17,24,70.8,182,2,7.6,5.50,85.8,1,0,32,101,1,3.2,57,283,4.96,3,3,3,3,5,194,8,5,2,15,3,12,0,0,7,60,0,2,2,33:23,Jacksonville Jaguars
3,3,3,2011-09-25,Sun,@,CAR,L,10,16,,18,34,52.9,158,1,4.6,5.24,75.4,0,0,28,107,0,3.8,62,265,4.27,2,2,0,0,8,307,10,5,1,16,6,16,0,0,8,69,0,0,0,29:34,Jacksonville Jaguars
4,4,4,2011-10-02,Sun,,NOR,L,10,23,,31,44,70.5,326,1,7.4,5.82,80.3,3,25,34,177,1,5.2,81,503,6.21,5,3,2,2,1,58,20,9,1,30,7,14,1,1,6,50,0,2,2,37:05,Jacksonville Jaguars
5,5,5,2011-10-09,Sun,,CIN,L,20,30,,21,33,63.6,162,2,4.9,4.76,83.1,2,17,31,77,1,2.5,66,239,3.62,1,1,4,3,7,334,11,2,0,13,8,19,2,3,4,33,0,1,1,32:33,Jacksonville Jaguars
6,6,6,2011-10-16,Sun,@,PIT,L,13,17,,12,23,52.2,185,1,8.0,8.91,93.6,3,15,32,185,1,5.8,58,370,6.38,2,1,2,2,6,256,8,6,1,15,7,15,0,0,8,65,0,0,0,31:13,Jacksonville Jaguars
7,7,7,2011-10-24,Mon,,BAL,W,12,7,,21,38,55.3,112,1,2.9,2.29,58.4,3,25,12,34,0,2.8,53,146,2.75,1,0,1,1,9,470,8,1,2,11,2,12,0,0,10,85,1,1,2,23:45,Jacksonville Jaguars
8,8,8,2011-10-30,Sun,@,HOU,L,14,24,,16,30,53.3,202,1,6.7,7.40,85.7,2,23,39,156,2,4.0,71,358,5.04,2,1,3,3,6,272,14,6,0,20,10,17,0,0,7,60,2,0,2,35:19,Jacksonville Jaguars
9,9,10,2011-11-13,Sun,@,IND,W,17,3,,20,29,69.0,128,0,4.4,1.31,49.2,5,33,23,84,0,3.7,57,212,3.72,1,1,0,0,6,246,8,2,3,17,4,15,0,1,6,40,1,2,3,24:39,Jacksonville Jaguars
10,10,11,2011-11-20,Sun,@,CLE,L,10,14,,17,24,70.8,186,1,7.8,6.71,89.9,2,13,28,148,1,5.3,54,334,6.19,1,0,2,2,3,108,10,6,4,20,4,10,0,0,9,70,0,1,1,29:07,Jacksonville Jaguars
11,11,12,2011-11-27,Sun,,HOU,L,13,20,,18,28,64.3,127,1,4.5,5.25,86.5,0,0,31,88,1,2.8,59,215,3.64,2,2,2,2,10,436,4,5,0,9,2,15,0,0,7,80,1,0,1,28:21,Jacksonville Jaguars
12,12,13,2011-12-05,Mon,,SDG,L,14,38,,22,28,78.6,294,3,10.5,12.64,146.1,0,0,26,139,2,5.3,54,433,8.02,1,1,5,5,4,179,12,7,0,19,4,10,0,0,6,55,0,0,0,28:17,Jacksonville Jaguars
13,13,14,2011-12-11,Sun,,TAM,W,41,14,,17,32,53.1,170,0,5.3,1.09,29.4,3,14,24,110,2,4.6,59,280,4.75,0,0,2,2,5,189,7,7,1,15,3,11,1,2,12,97,4,3,7,27:11,Jacksonville Jaguars
14,14,15,2011-12-15,Thu,@,ATL,L,14,41,,24,32,75.0,276,3,8.6,10.50,131.8,1,4,35,97,1,2.8,68,373,5.49,2,2,5,5,5,204,13,6,1,20,6,15,0,1,4,31,0,0,0,38:31,Jacksonville Jaguars
15,15,16,2011-12-24,Sat,@,TEN,L,17,23,,24,40,60.0,342,1,8.6,6.80,75.2,1,8,25,65,1,2.6,66,407,6.17,3,3,2,2,4,172,14,3,3,20,3,12,0,0,0,0,1,2,3,30:59,Jacksonville Jaguars
16,16,17,2012-01-01,Sun,,IND,W,19,13,,27,40,67.5,242,1,6.1,4.30,71.0,3,22,22,56,0,2.5,65,298,4.58,2,2,1,1,3,136,17,2,0,19,6,14,0,1,4,40,1,2,3,29:12,Jacksonville Jaguars
1,1,1,2011-09-11,Sun,,BUF,L,7,41,,17,26,65.4,201,4,7.7,9.08,112.3,1,7,39,163,1,4.2,66,364,5.52,2,2,5,5,5,257,13,9,1,23,7,14,0,0,5,30,0,1,1,37:02,Kansas City Chiefs
2,2,2,2011-09-18,Sun,@,DET,L,3,48,,24,40,60.0,322,4,8.1,8.93,108.5,0,0,30,89,2,3.0,70,411,5.87,2,2,6,6,5,206,12,7,4,23,5,15,2,2,4,35,0,1,1,32:24,Kansas City Chiefs
3,3,3,2011-09-25,Sun,@,SDG,L,17,20,,24,38,63.2,258,0,6.8,4.42,61.1,2,8,30,117,2,3.9,70,375,5.36,2,2,2,2,2,95,17,4,1,22,8,14,0,1,4,40,0,2,2,34:43,Kansas City Chiefs
4,4,4,2011-10-02,Sun,,MIN,W,22,17,,18,30,60.0,190,2,6.3,6.17,86.8,2,12,30,151,0,5.0,62,341,5.50,1,1,2,2,4,213,12,5,0,17,5,14,2,3,6,45,0,1,1,32:10,Kansas City Chiefs
5,5,5,2011-10-09,Sun,@,IND,W,28,24,,15,27,55.6,277,2,10.3,11.74,115.8,0,0,27,78,1,2.9,54,355,6.57,1,1,3,3,5,277,12,3,0,15,5,12,0,1,4,40,0,0,0,26:53,Kansas City Chiefs
6,6,7,2011-10-23,Sun,@,OAK,W,28,0,,15,35,42.9,167,0,4.8,-2.94,18.1,1,10,27,155,0,5.7,63,322,5.11,0,0,0,0,6,289,8,7,3,18,4,13,0,1,14,120,0,6,6,26:23,Kansas City Chiefs
7,7,8,2011-10-31,Mon,,SDG,W,23,20,OT,26,41,63.4,345,0,8.4,6.22,69.7,3,24,27,102,1,3.8,71,447,6.30,5,4,0,0,3,168,17,5,0,22,5,14,0,0,12,105,2,2,4,37:29,Kansas City Chiefs
8,8,9,2011-11-06,Sun,,MIA,L,3,31,,17,23,73.9,244,3,10.6,13.22,147.5,0,0,24,107,1,4.5,47,351,7.47,1,1,4,4,5,221,12,3,2,17,3,10,0,0,7,49,0,0,0,25:21,Kansas City Chiefs
9,9,10,2011-11-13,Sun,,DEN,L,10,17,,2,8,25.0,69,1,8.6,11.13,102.6,0,0,55,244,1,4.4,63,313,4.97,2,1,2,2,7,307,2,13,1,16,5,14,0,0,8,65,0,0,0,33:38,Kansas City Chiefs
10,10,11,2011-11-21,Mon,@,NWE,L,3,34,,15,27,55.6,223,2,8.3,9.74,107.5,3,11,35,157,1,4.5,65,380,5.85,2,2,4,4,4,203,11,9,0,20,4,13,2,2,3,20,1,0,1,28:30,Kansas City Chiefs
11,11,12,2011-11-27,Sun,,PIT,L,9,13,,21,31,67.7,182,1,5.9,5.06,80.3,1,11,28,108,0,3.9,60,290,4.83,2,2,1,1,5,211,13,3,2,18,3,11,1,1,6,50,1,1,2,33:30,Kansas City Chiefs
12,12,13,2011-12-04,Sun,@,CHI,W,10,3,,11,24,45.8,88,0,3.7,-1.96,16.0,7,45,24,93,0,3.9,55,181,3.29,2,1,0,0,7,304,8,3,0,11,0,11,0,2,5,35,0,3,3,27:18,Kansas City Chiefs
13,13,14,2011-12-11,Sun,@,NYJ,L,10,37,,13,21,61.9,155,2,7.4,9.29,116.2,3,26,42,159,3,3.8,66,314,4.76,0,0,5,5,7,314,10,7,7,24,4,12,0,1,4,22,1,0,1,37:42,Kansas City Chiefs
14,14,15,2011-12-18,Sun,,GNB,W,19,14,,17,35,48.6,213,1,6.1,6.66,77.4,4,22,18,102,1,5.7,57,315,5.53,1,0,2,2,5,267,10,5,1,16,6,14,0,1,5,37,0,0,0,23:49,Kansas City Chiefs
15,15,16,2011-12-24,Sat,,OAK,L,13,16,OT,16,26,61.5,237,1,9.1,6.42,72.1,0,0,25,71,0,2.8,51,308,6.04,4,3,1,1,4,217,10,1,2,13,3,11,0,0,15,92,0,2,2,29:34,Kansas City Chiefs
16,16,17,2012-01-01,Sun,@,DEN,W,7,3,,6,22,27.3,50,0,2.3,0.23,20.6,2,10,47,216,0,4.6,71,266,3.75,1,1,0,0,9,402,2,12,2,16,5,18,0,1,6,49,1,1,2,32:58,Kansas City Chiefs
1,1,1,2011-09-11,Sun,,MIN,W,24,17,,7,15,46.7,28,1,1.9,0.20,47.9,2,11,26,159,0,6.1,43,187,4.35,1,1,2,2,6,289,3,7,0,10,4,11,0,0,9,78,0,1,1,22:43,Los Angeles Chargers
2,2,2,2011-09-18,Sun,@,NWE,L,21,35,,31,40,77.5,410,3,10.3,11.75,134.4,2,13,25,94,1,3.8,67,504,7.52,2,2,3,3,2,85,23,4,1,28,7,11,0,1,8,80,0,0,0,29:02,Los Angeles Chargers
3,3,3,2011-09-25,Sun,,KAN,W,20,17,,17,24,70.8,171,2,7.1,6.92,101.2,1,5,27,81,0,3.0,52,252,4.85,2,1,2,2,4,182,9,2,2,13,5,12,1,1,7,65,0,1,1,25:17,Los Angeles Chargers
4,4,4,2011-10-02,Sun,,MIA,W,26,16,,20,30,66.7,176,0,5.9,2.87,54.3,3,18,22,72,1,3.3,55,248,4.51,3,3,1,1,3,135,9,5,2,16,3,10,0,0,2,41,0,2,2,26:42,Los Angeles Chargers
5,5,5,2011-10-09,Sun,@,DEN,W,29,24,,10,23,43.5,113,1,4.9,3.83,55.2,0,0,23,162,1,7.0,46,275,5.98,1,1,1,1,6,322,5,8,0,13,2,9,0,0,4,53,0,1,1,19:52,Los Angeles Chargers
6,6,7,2011-10-23,Sun,@,NYJ,L,21,27,,18,33,54.5,156,3,4.7,5.18,84.9,2,17,31,162,0,5.2,66,318,4.82,2,2,3,3,3,110,11,10,4,25,8,13,0,0,8,60,1,1,2,32:46,Los Angeles Chargers
7,7,8,2011-10-31,Mon,@,KAN,L,20,23,OT,19,32,59.4,247,1,7.7,5.53,68.1,3,14,32,94,1,2.9,67,341,5.09,3,3,2,2,5,286,12,6,1,19,7,14,0,0,9,53,2,2,4,32:15,Los Angeles Chargers
8,8,9,2011-11-06,Sun,,GNB,L,38,45,,21,26,80.8,232,4,8.9,12.00,143.4,4,15,26,136,0,5.2,56,368,6.57,1,1,6,6,2,108,10,8,3,21,6,10,0,1,5,33,0,0,0,29:45,Los Angeles Chargers
9,9,10,2011-11-10,Thu,,OAK,L,17,24,,14,21,66.7,298,2,14.2,13.95,121.6,1,1,41,191,1,4.7,63,489,7.76,1,1,3,3,4,195,11,8,1,20,4,10,0,1,7,45,1,1,2,32:37,Los Angeles Chargers
10,10,11,2011-11-20,Sun,@,CHI,L,20,31,,18,32,56.3,286,2,8.9,8.78,94.0,0,0,32,92,2,2.9,64,378,5.91,1,1,4,4,3,137,15,7,1,23,8,14,0,1,6,61,0,1,1,33:10,Los Angeles Chargers
11,11,12,2011-11-27,Sun,,DEN,L,13,16,OT,9,18,50.0,141,1,7.8,8.94,94.9,1,2,51,208,0,4.1,70,349,4.99,3,3,1,1,9,391,7,10,1,18,5,16,0,0,9,63,0,0,0,37:08,Los Angeles Chargers
12,12,13,2011-12-05,Mon,@,JAX,W,38,14,,19,33,57.6,177,2,5.4,5.21,80.0,2,18,31,129,0,4.2,66,306,4.64,0,0,2,2,5,217,11,6,0,17,9,16,0,2,3,26,0,1,1,31:43,Los Angeles Chargers
13,13,14,2011-12-11,Sun,,BUF,W,37,10,,15,37,40.5,185,0,5.0,1.35,22.9,1,10,20,96,0,4.8,58,281,4.84,2,1,1,1,2,71,10,5,2,17,4,11,0,2,1,5,0,3,3,24:27,Los Angeles Chargers
14,14,15,2011-12-18,Sun,,BAL,W,34,14,,24,35,68.6,201,2,5.7,4.31,78.4,7,43,14,89,0,6.4,56,290,5.18,1,0,2,2,2,112,12,6,1,19,7,12,0,0,3,25,0,2,2,25:48,Los Angeles Chargers
15,15,16,2011-12-24,Sat,@,DET,L,10,38,,29,36,80.6,353,3,9.8,11.47,135.3,3,20,23,87,1,3.8,62,440,7.10,1,1,5,5,3,124,19,5,0,24,9,13,0,0,3,8,0,0,0,32:21,Los Angeles Chargers
16,16,17,2012-01-01,Sun,@,OAK,W,38,26,,28,43,65.1,417,2,9.7,9.58,102.6,0,0,24,103,0,4.3,67,520,7.76,4,4,2,2,1,58,19,5,4,28,8,13,0,0,8,64,0,1,1,29:33,Los Angeles Chargers
1,1,1,2011-09-11,Sun,,PHI,L,13,31,,14,32,43.8,167,2,5.2,6.47,81.1,3,20,32,236,1,7.4,67,403,6.01,1,1,4,4,3,109,11,12,4,27,8,13,0,1,8,91,1,0,1,30:14,Los Angeles Rams
2,2,2,2011-09-19,Mon,@,NYG,L,16,28,,19,30,63.3,204,2,6.8,6.63,91.5,3,19,38,119,1,3.1,71,323,4.55,0,0,4,4,7,322,10,9,3,22,5,15,1,2,5,55,0,1,1,34:12,Los Angeles Rams
3,3,3,2011-09-25,Sun,,BAL,L,7,37,,27,48,56.3,385,3,8.0,9.27,103.2,2,4,26,168,0,6.5,76,553,7.28,5,3,4,4,2,89,17,6,2,25,6,15,1,1,5,32,1,0,1,31:11,Los Angeles Rams
4,4,4,2011-10-02,Sun,,WAS,L,10,17,,15,29,51.7,143,1,4.9,2.52,48.5,0,0,40,196,1,4.9,69,339,4.91,1,1,2,2,7,321,8,8,0,16,9,18,0,0,10,96,0,2,2,35:10,Los Angeles Rams
5,5,6,2011-10-16,Sun,@,GNB,L,3,24,,18,29,62.1,309,3,10.7,11.17,118.3,1,7,31,90,0,2.9,61,399,6.54,1,1,3,3,5,222,12,7,1,20,4,13,1,1,3,16,0,1,1,29:19,Los Angeles Rams
6,6,7,2011-10-23,Sun,@,DAL,L,7,34,,14,24,58.3,151,2,6.3,7.96,104.7,2,15,34,294,2,8.6,60,445,7.42,2,2,4,4,3,145,10,12,2,24,3,8,0,0,6,30,1,0,1,33:56,Los Angeles Rams
7,7,8,2011-10-30,Sun,,NOR,W,31,21,,30,44,68.2,227,1,5.2,3.57,69.0,6,42,20,56,1,2.8,70,283,4.04,1,0,3,3,7,282,16,3,0,8,8,17,1,1,5,32,0,2,2,28:37,Los Angeles Rams
8,8,9,2011-11-06,Sun,@,ARI,L,13,19,OT,20,35,57.1,192,1,5.5,6.06,82.1,3,30,17,70,0,4.1,55,262,4.76,2,2,1,1,6,278,10,5,1,16,2,10,0,0,6,45,0,0,0,24:59,Los Angeles Rams
9,9,10,2011-11-13,Sun,@,CLE,W,13,12,,20,27,74.1,209,0,7.7,7.74,96.1,2,9,30,126,0,4.2,59,335,5.68,5,4,0,0,5,208,9,5,2,16,5,14,0,0,6,60,1,0,1,32:27,Los Angeles Rams
10,10,11,2011-11-20,Sun,,SEA,L,7,24,,15,25,60.0,163,1,6.5,3.72,59.2,4,40,39,126,2,3.2,68,289,4.25,1,1,3,3,9,447,8,7,1,16,7,17,0,0,13,100,0,2,2,35:00,Los Angeles Rams
11,11,12,2011-11-27,Sun,,ARI,L,20,23,,12,23,52.2,106,0,4.6,0.70,28.5,3,8,38,268,1,7.1,64,374,5.84,3,3,2,2,5,230,4,11,1,16,4,12,0,0,4,30,1,2,3,33:59,Los Angeles Rams
12,12,13,2011-12-04,Sun,@,SFO,L,0,26,,17,25,68.0,245,2,9.8,11.40,126.2,4,29,34,144,0,4.2,63,389,6.17,4,4,2,2,5,226,11,5,2,18,4,14,0,0,8,72,0,0,0,36:05,Los Angeles Rams
13,13,14,2011-12-12,Mon,@,SEA,L,13,30,,21,34,61.8,214,1,6.3,6.88,89.6,2,10,32,145,1,4.5,68,359,5.28,4,3,3,3,3,113,13,8,0,21,8,16,0,0,9,61,1,0,1,31:29,Los Angeles Rams
14,14,15,2011-12-18,Sun,,CIN,L,13,20,,15,26,57.7,173,0,6.7,4.92,61.9,1,6,34,110,2,3.2,61,283,4.64,2,2,2,2,5,169,7,7,5,19,3,11,0,1,11,101,0,1,1,30:03,Los Angeles Rams
15,15,16,2011-12-24,Sat,@,PIT,L,0,27,,15,22,68.2,208,0,9.5,7.41,79.4,0,0,28,169,3,6.0,50,377,7.54,2,2,3,3,4,191,9,8,0,17,1,7,0,0,7,50,0,1,1,29:15,Los Angeles Rams
16,16,17,2012-01-01,Sun,,SFO,L,27,34,,21,31,67.7,205,2,6.6,7.90,107.6,3,22,37,116,2,3.1,71,321,4.52,3,2,4,4,5,284,11,9,1,21,6,16,1,1,5,80,0,0,0,35:08,Los Angeles Rams
1,1,1,2011-09-12,Mon,@,DEN,W,23,20,,24,46,52.2,272,1,5.9,5.37,68.4,5,32,13,38,0,2.9,64,310,4.84,3,2,2,2,4,165,17,2,6,25,6,13,0,0,10,91,2,1,3,27:25,Las Vegas Raiders
2,2,2,2011-09-18,Sun,@,BUF,L,35,38,,28,46,60.9,258,3,5.6,5.93,88.9,1,6,24,223,2,9.3,71,481,6.77,2,1,5,5,2,99,17,12,5,34,4,11,2,2,3,26,0,1,1,30:47,Las Vegas Raiders
3,3,3,2011-09-25,Sun,,NYJ,W,34,24,,27,44,61.4,339,2,7.7,7.59,91.0,4,30,25,100,1,4.0,73,439,6.01,1,1,3,3,5,230,15,5,5,25,6,14,0,2,7,61,1,1,2,33:20,Las Vegas Raiders
4,4,4,2011-10-02,Sun,,NWE,L,19,31,,16,30,53.3,226,2,7.5,8.87,100.1,1,0,30,183,2,6.1,61,409,6.70,1,1,4,4,3,147,11,11,3,25,4,9,0,1,5,45,0,0,0,26:40,Las Vegas Raiders
5,5,5,2011-10-09,Sun,@,HOU,W,25,20,,24,51,47.1,403,2,7.9,6.92,71.0,3,13,25,70,0,2.8,79,473,5.99,3,2,2,2,8,298,16,2,3,21,8,20,0,0,6,50,0,2,2,34:25,Las Vegas Raiders
6,6,6,2011-10-16,Sun,,CLE,W,24,17,,21,45,46.7,203,2,4.5,5.40,74.6,2,12,21,65,0,3.1,68,268,3.94,1,1,2,2,6,271,16,2,0,18,8,16,0,1,5,34,1,0,1,25:19,Las Vegas Raiders
7,7,7,2011-10-23,Sun,,KAN,L,0,28,,15,30,50.0,161,0,5.4,2.37,38.3,0,0,39,139,2,3.6,69,300,4.35,0,0,4,4,7,368,9,9,4,22,7,15,0,0,10,98,0,2,2,33:37,Las Vegas Raiders
8,8,9,2011-11-06,Sun,,DEN,L,24,38,,10,22,45.5,113,2,5.1,6.95,91.7,1,11,39,299,2,7.7,62,412,6.65,2,1,5,5,5,238,4,12,4,20,3,12,0,1,11,93,0,0,0,31:51,Las Vegas Raiders
9,9,10,2011-11-10,Thu,@,SDG,W,24,17,,23,47,48.9,239,2,5.1,4.98,69.4,6,35,15,75,0,5.0,68,314,4.62,2,1,2,2,6,322,13,5,2,20,5,16,1,1,6,31,1,1,2,27:23,Las Vegas Raiders
10,10,11,2011-11-20,Sun,@,MIN,W,27,21,,19,33,57.6,187,2,5.7,2.79,56.0,5,24,24,124,1,5.2,62,311,5.02,0,0,3,3,3,133,9,4,7,20,6,15,0,2,9,50,2,3,5,24:16,Las Vegas Raiders
11,11,12,2011-11-27,Sun,,CHI,W,25,20,,18,36,50.0,229,2,6.4,3.72,54.1,4,25,27,172,0,6.4,67,401,5.99,2,2,2,2,5,225,10,8,0,18,6,14,0,0,7,61,0,3,3,29:58,Las Vegas Raiders
12,12,13,2011-12-04,Sun,@,MIA,L,14,34,,13,25,52.0,153,1,6.1,6.92,84.2,1,9,44,209,2,4.8,70,362,5.17,2,2,4,4,4,222,9,11,3,23,8,14,0,0,8,79,0,0,0,38:20,Las Vegas Raiders
13,13,14,2011-12-11,Sun,@,GNB,L,16,46,,17,32,53.1,255,2,8.0,7.81,87.4,4,26,24,136,2,5.7,60,391,6.52,4,4,5,4,1,40,13,6,3,22,3,11,0,0,5,35,0,1,1,28:40,Las Vegas Raiders
14,14,15,2011-12-18,Sun,,DET,L,27,28,,29,52,55.8,375,4,7.2,8.75,104.2,2,16,19,57,0,3.0,73,432,5.92,0,0,4,4,6,257,18,3,4,25,8,17,1,2,9,72,1,0,1,28:27,Las Vegas Raiders
15,15,16,2011-12-24,Sat,@,KAN,W,16,13,OT,21,36,58.3,300,1,8.3,6.39,71.5,0,0,30,135,0,4.5,66,435,6.59,4,2,1,1,3,146,14,7,5,26,3,12,0,1,11,88,0,2,2,32:39,Las Vegas Raiders
16,16,17,2012-01-01,Sun,,SDG,L,26,38,,19,26,73.1,310,3,11.9,12.50,135.1,0,0,31,153,1,4.9,57,463,8.12,2,1,5,5,0,0,15,6,4,25,7,10,0,1,8,68,0,1,1,30:27,Las Vegas Raiders
1,1,1,2011-09-12,Mon,,NWE,L,24,38,,32,48,66.7,516,4,10.8,11.48,121.5,1,1,22,106,1,4.8,71,622,8.76,2,1,5,5,4,152,20,6,1,27,8,13,0,0,7,50,0,1,1,28:27,Miami Dolphins
2,2,2,2011-09-18,Sun,,HOU,L,13,23,,21,29,72.4,207,2,7.1,8.52,115.2,3,23,36,138,0,3.8,68,345,5.07,3,3,2,2,6,287,10,9,0,19,5,15,1,1,4,76,0,0,0,34:06,Miami Dolphins
3,3,3,2011-09-25,Sun,@,CLE,L,16,17,,19,39,48.7,210,2,5.4,5.26,71.5,0,0,19,70,0,3.7,58,280,4.83,1,1,2,2,5,211,13,3,3,19,3,11,1,1,8,85,0,1,1,22:09,Miami Dolphins
4,4,4,2011-10-02,Sun,@,SDG,L,16,26,,21,31,67.7,295,1,9.5,10.16,108.9,2,12,28,116,1,4.1,61,411,6.74,4,4,2,2,3,151,13,7,1,21,7,14,0,0,8,80,0,0,0,33:18,Miami Dolphins
5,5,6,2011-10-17,Mon,@,NYJ,L,6,24,,14,25,56.0,192,1,7.7,8.48,94.1,2,9,29,104,1,3.6,56,296,5.29,1,1,3,3,8,388,7,5,1,13,6,15,0,0,6,49,1,0,1,30:21,Miami Dolphins
6,6,7,2011-10-23,Sun,,DEN,L,15,18,OT,13,27,48.1,131,2,4.9,6.33,87.1,6,30,40,177,0,4.4,73,308,4.22,3,1,1,1,9,435,8,9,1,18,4,16,0,0,5,30,1,0,1,34:17,Miami Dolphins
7,7,8,2011-10-30,Sun,@,NYG,L,17,20,,31,45,68.9,344,2,7.6,8.53,106.2,1,5,23,58,0,2.5,69,402,5.83,2,2,2,2,4,187,19,2,0,21,8,16,0,1,7,46,0,0,0,32:26,Miami Dolphins
8,8,9,2011-11-06,Sun,@,KAN,W,31,3,,20,39,51.3,227,0,5.8,5.82,69.1,5,26,34,116,0,3.4,78,343,4.40,1,1,0,0,5,229,11,5,4,20,8,20,2,6,8,70,0,0,0,34:39,Miami Dolphins
9,9,10,2011-11-13,Sun,,WAS,W,20,9,,21,32,65.6,185,0,5.8,2.97,54.8,3,30,16,61,0,3.8,51,246,4.82,5,3,0,0,2,93,11,3,2,16,5,13,0,0,6,51,0,2,2,26:27,Miami Dolphins
10,10,11,2011-11-20,Sun,,BUF,W,35,8,,21,44,47.7,204,0,4.6,2.59,42.2,2,11,19,41,0,2.2,65,245,3.77,2,2,0,0,7,295,10,2,2,14,0,12,0,2,3,27,0,2,2,28:54,Miami Dolphins
11,11,12,2011-11-24,Thu,@,DAL,L,19,20,,22,34,64.7,218,2,6.4,4.94,77.8,1,8,23,85,0,3.7,58,303,5.22,2,2,2,2,5,205,13,5,1,19,2,9,0,0,11,69,0,2,2,28:32,Miami Dolphins
12,12,13,2011-12-04,Sun,,OAK,W,34,14,,20,41,48.8,258,2,6.3,6.17,75.1,2,15,14,46,0,3.3,57,304,5.33,0,0,2,2,8,372,12,4,2,18,2,11,1,1,10,91,0,1,1,21:40,Miami Dolphins
13,13,14,2011-12-11,Sun,,PHI,L,10,26,,15,30,50.0,188,1,6.3,5.43,67.1,4,20,32,51,2,1.6,66,239,3.62,1,1,3,3,10,419,10,5,3,18,4,15,0,0,7,69,1,1,2,31:21,Miami Dolphins
14,14,15,2011-12-18,Sun,@,BUF,W,30,23,,31,47,66.0,291,2,6.2,4.17,70.4,3,25,19,113,1,5.9,69,404,5.86,2,1,2,2,8,384,14,6,1,21,0,11,1,1,11,92,0,3,3,31:11,Miami Dolphins
15,15,16,2011-12-24,Sat,@,NWE,L,24,27,,27,46,58.7,281,1,6.1,6.54,83.7,4,23,31,119,2,3.8,81,400,4.94,3,2,3,3,6,314,16,10,0,26,8,17,1,1,5,50,0,0,0,30:56,Miami Dolphins
16,16,17,2012-01-01,Sun,,NYJ,W,19,17,,22,33,66.7,245,2,7.4,4.55,70.9,2,3,27,129,0,4.8,62,374,6.03,1,1,2,2,5,191,11,7,2,20,4,11,0,0,6,40,0,3,3,28:53,Miami Dolphins
1,1,1,2011-09-11,Sun,@,SDG,L,17,24,,33,48,68.8,330,2,6.9,5.83,84.5,2,5,27,77,1,2.9,77,407,5.29,1,1,3,3,3,127,21,5,5,31,6,13,0,1,4,26,0,2,2,37:17,Minnesota Vikings
2,2,2,2011-09-18,Sun,,TAM,L,20,24,,22,31,71.0,230,1,7.4,6.61,89.4,2,13,19,105,2,5.5,52,335,6.44,1,1,3,3,4,183,12,6,1,19,7,12,0,0,6,53,0,1,1,26:30,Minnesota Vikings
3,3,3,2011-09-25,Sun,,DET,L,23,26,OT,32,46,69.6,338,2,7.3,8.22,105.2,5,40,19,20,0,1.1,70,358,5.11,4,4,2,2,7,325,16,1,2,19,7,17,0,0,7,65,0,0,0,34:09,Minnesota Vikings
4,4,4,2011-10-02,Sun,@,KAN,L,17,22,,18,29,62.1,247,1,8.5,9.21,100.8,3,13,28,103,0,3.7,60,350,5.83,5,5,1,1,3,146,9,5,1,15,6,15,0,0,6,57,0,0,0,27:50,Minnesota Vikings
5,5,5,2011-10-09,Sun,,ARI,W,34,10,,23,48,47.9,214,0,4.5,1.65,34.5,4,40,24,77,1,3.2,76,291,3.83,1,1,1,1,5,212,15,3,0,18,8,18,2,4,6,64,1,3,4,31:01,Minnesota Vikings
6,6,6,2011-10-16,Sun,@,CHI,L,10,39,,21,31,67.7,258,2,8.3,9.61,114.7,1,9,28,119,1,4.3,60,377,6.28,3,3,4,4,3,115,11,9,2,22,4,11,0,0,3,15,1,0,1,30:40,Minnesota Vikings
7,7,7,2011-10-23,Sun,,GNB,L,27,33,,24,30,80.0,307,3,10.2,12.23,142.6,4,28,26,114,0,4.4,60,421,7.02,4,4,3,3,3,178,16,6,3,25,2,8,0,0,6,44,1,0,1,32:06,Minnesota Vikings
8,8,8,2011-10-30,Sun,@,CAR,W,24,21,,22,35,62.9,265,3,7.6,9.29,114.6,3,25,27,140,0,5.2,65,405,6.23,1,0,3,3,4,174,11,9,1,21,6,12,1,1,6,60,2,0,2,27:55,Minnesota Vikings
9,9,10,2011-11-14,Mon,@,GNB,L,7,45,,25,32,78.1,266,4,8.3,10.81,140.9,3,22,31,90,1,2.9,66,356,5.39,1,1,6,6,2,99,15,4,4,23,7,13,2,2,1,5,1,0,1,33:18,Minnesota Vikings
10,10,11,2011-11-20,Sun,,OAK,L,21,27,,17,23,73.9,139,1,6.0,6.91,103.4,4,25,41,162,2,4.0,68,301,4.43,3,2,3,3,6,284,10,10,2,22,5,14,0,0,12,117,1,0,1,35:44,Minnesota Vikings
11,11,12,2011-11-27,Sun,@,ATL,L,14,24,,27,34,79.4,246,3,7.2,9.00,126.2,2,16,29,89,0,3.1,65,335,5.15,1,1,3,3,5,252,15,6,1,22,7,14,0,0,4,30,1,0,1,34:39,Minnesota Vikings
12,12,13,2011-12-04,Sun,,DEN,L,32,35,,10,15,66.7,186,2,12.4,15.07,148.9,2,16,32,150,1,4.7,49,336,6.86,2,2,3,3,6,307,7,6,0,13,3,11,0,0,8,73,2,0,2,22:09,Minnesota Vikings
13,13,14,2011-12-11,Sun,@,DET,L,28,34,,20,29,69.0,208,2,7.2,8.55,112.4,5,19,21,72,0,3.4,55,280,5.09,2,2,4,4,6,286,11,1,1,13,8,16,0,0,10,76,0,0,0,31:14,Minnesota Vikings
14,14,15,2011-12-18,Sun,,NOR,L,20,42,,32,41,78.0,412,5,10.0,12.49,148.1,0,0,38,161,1,4.2,79,573,7.25,1,0,6,6,1,51,23,9,4,36,8,11,0,1,6,65,2,0,2,38:49,Minnesota Vikings
15,15,16,2011-12-24,Sat,@,WAS,W,33,26,,26,41,63.4,256,2,6.2,6.12,87.0,3,28,24,141,0,5.9,68,397,5.84,4,4,2,2,2,79,16,7,0,23,3,10,0,0,8,64,1,1,2,30:26,Minnesota Vikings
16,16,17,2012-01-01,Sun,,CHI,L,13,17,,15,25,60.0,117,1,4.7,3.68,68.2,7,43,25,92,0,3.7,57,209,3.67,1,1,2,2,7,335,5,5,0,10,5,13,0,0,4,20,2,1,3,28:46,Minnesota Vikings
1,1,1,2011-09-12,Mon,@,MIA,W,38,24,,30,49,61.2,390,2,8.0,7.86,91.4,4,26,20,98,1,4.9,73,488,6.68,1,1,3,3,6,307,19,6,0,25,2,14,4,5,8,60,0,1,1,31:33,New England Patriots
2,2,2,2011-09-18,Sun,,SDG,W,35,21,,29,40,72.5,372,2,9.3,8.05,97.1,2,6,24,98,1,4.1,66,470,7.12,0,0,3,3,1,35,20,5,4,29,10,12,0,1,6,44,2,2,4,30:58,New England Patriots
3,3,3,2011-09-25,Sun,@,BUF,L,31,34,,27,40,67.5,369,2,9.2,7.98,92.6,0,0,20,79,1,4.0,60,448,7.47,2,2,4,4,5,253,16,4,4,24,4,11,0,1,9,77,0,2,2,28:45,New England Patriots
4,4,4,2011-10-02,Sun,@,OAK,W,31,19,,25,39,64.1,344,1,8.8,7.03,79.4,0,0,27,160,1,5.9,66,504,7.64,2,2,1,1,2,104,15,8,1,24,8,13,0,1,9,85,0,2,2,33:20,New England Patriots
5,5,5,2011-10-09,Sun,,NYJ,W,30,21,,16,26,61.5,158,2,6.1,7.62,104.3,2,8,25,97,1,3.9,53,255,4.81,0,0,3,3,7,319,9,5,0,14,3,11,0,0,8,89,0,0,0,26:05,New England Patriots
6,6,6,2011-10-16,Sun,,DAL,W,20,16,,27,41,65.9,300,1,7.3,6.71,85.4,2,17,24,77,0,3.2,67,377,5.63,3,3,1,1,4,207,15,6,0,21,4,12,0,0,10,77,1,1,2,32:49,New England Patriots
7,7,8,2011-10-30,Sun,@,PIT,L,17,25,,36,50,72.0,329,2,6.6,6.48,94.5,5,36,23,98,0,4.3,78,427,5.47,4,3,2,2,1,31,23,5,1,29,10,16,0,0,8,50,0,1,1,39:22,New England Patriots
8,8,9,2011-11-06,Sun,,NYG,L,20,24,,20,39,51.3,250,2,6.4,6.28,77.9,0,0,29,111,1,3.8,68,361,5.31,1,1,3,3,8,345,15,5,3,23,4,14,0,0,6,50,1,1,2,30:17,New England Patriots
9,9,10,2011-11-13,Sun,@,NYJ,W,37,16,,20,39,51.3,268,1,6.9,5.08,60.6,5,38,25,110,1,4.4,69,378,5.48,1,0,2,2,5,242,13,8,1,22,5,13,0,2,5,56,1,2,3,29:53,New England Patriots
10,10,11,2011-11-21,Mon,,KAN,W,34,3,,24,37,64.9,209,0,5.6,2.00,45.9,3,21,27,125,0,4.6,67,334,4.99,1,1,0,0,5,199,11,5,0,16,6,14,1,2,5,34,0,3,3,31:30,New England Patriots
11,11,12,2011-11-27,Sun,@,PHI,W,38,20,,26,48,54.2,393,1,8.2,7.67,79.6,2,7,17,73,1,4.3,67,466,6.96,2,2,2,2,5,199,17,5,1,23,4,13,1,2,10,60,0,1,1,27:17,New England Patriots
12,12,13,2011-12-04,Sun,,IND,W,31,24,,30,37,81.1,338,2,9.1,9.00,111.5,2,15,31,99,1,3.2,70,437,6.24,1,1,3,3,3,140,21,5,0,26,10,15,0,0,5,29,1,1,2,35:39,New England Patriots
13,13,14,2011-12-11,Sun,@,WAS,W,34,27,,20,33,60.6,293,3,8.9,9.33,107.3,2,8,34,170,0,5.0,69,463,6.71,2,2,3,3,3,112,13,9,3,25,7,14,0,0,8,73,1,1,2,36:09,New England Patriots
14,14,15,2011-12-18,Sun,@,DEN,W,41,23,,11,23,47.8,141,0,6.1,6.13,67.5,4,53,31,252,3,8.1,58,393,6.78,1,1,2,2,3,165,9,13,1,25,4,10,0,2,7,39,3,0,3,26:19,New England Patriots
15,15,16,2011-12-24,Sat,,MIA,W,27,24,,16,32,50.0,253,3,7.9,8.38,94.9,5,28,28,121,0,4.3,65,374,5.75,1,1,3,3,6,269,13,5,2,20,5,13,0,0,6,39,1,1,2,29:04,New England Patriots
16,16,17,2012-01-01,Sun,,BUF,W,49,21,,29,46,63.0,296,2,6.4,3.39,59.7,2,11,20,106,1,5.3,68,402,5.91,1,0,3,3,3,124,16,7,3,26,1,7,2,3,5,45,0,4,4,30:22,New England Patriots
1,1,1,2011-09-08,Thu,@,GNB,L,34,42,,27,35,77.1,296,3,8.5,10.17,130.2,2,16,27,103,2,3.8,64,399,6.23,0,0,6,6,4,170,14,10,0,27,8,12,0,0,6,48,0,0,0,32:54,New Orleans Saints
2,2,2,2011-09-18,Sun,,CHI,W,30,13,,19,45,42.2,186,1,4.1,4.58,61.9,6,58,12,60,0,5.0,63,246,3.90,2,2,1,1,8,350,14,2,2,18,2,12,0,1,6,47,1,0,1,23:46,New Orleans Saints
3,3,3,2011-09-25,Sun,,HOU,W,40,33,,22,39,56.4,364,3,9.3,9.72,102.9,2,9,25,109,0,4.4,66,473,7.17,4,4,3,3,2,74,17,4,0,21,6,14,0,1,7,56,0,1,1,30:06,New Orleans Saints
4,4,4,2011-10-02,Sun,@,JAX,W,23,10,,16,42,38.1,170,1,4.0,3.45,48.7,3,26,17,104,0,6.1,62,274,4.42,1,1,1,1,4,153,7,4,4,15,4,15,0,4,2,15,0,1,1,22:55,New Orleans Saints
5,5,5,2011-10-09,Sun,@,CAR,W,30,27,,16,31,51.6,219,2,7.1,6.90,82.6,1,5,22,162,2,7.4,54,381,7.06,0,0,4,3,3,132,7,9,4,20,7,12,0,0,7,65,0,1,1,25:20,New Orleans Saints
6,6,6,2011-10-16,Sun,@,TAM,L,20,26,,23,41,56.1,303,2,7.4,8.37,95.9,0,0,25,117,0,4.7,66,420,6.36,5,4,2,2,4,189,12,6,3,21,4,14,0,0,7,64,0,0,0,31:27,New Orleans Saints
7,7,7,2011-10-23,Sun,,IND,W,62,7,,12,22,54.5,97,0,4.4,2.36,47.0,1,5,23,155,1,6.7,46,252,5.48,0,0,1,1,6,279,5,6,0,11,4,11,0,0,7,49,2,1,3,21:41,New Orleans Saints
8,8,8,2011-10-30,Sun,@,STL,L,21,31,,20,37,54.1,140,1,3.8,4.32,71.9,4,35,31,183,2,5.9,72,323,4.49,1,1,4,4,7,298,10,9,2,21,5,16,2,2,9,64,1,0,1,31:23,New Orleans Saints
9,9,9,2011-11-06,Sun,,TAM,W,27,16,,27,37,73.0,281,1,7.6,8.14,103.5,1,0,20,84,0,4.2,58,365,6.29,3,3,1,1,3,119,9,4,5,18,2,12,1,2,9,80,0,0,0,29:56,New Orleans Saints
10,10,10,2011-11-13,Sun,@,ATL,W,26,23,OT,29,52,55.8,343,2,6.6,6.50,80.8,1,8,32,138,0,4.3,85,481,5.66,4,3,2,2,5,227,17,9,4,30,5,16,2,3,10,85,0,1,1,36:32,New Orleans Saints
11,11,12,2011-11-28,Mon,,NYG,W,49,24,,33,47,70.2,392,2,8.3,8.23,100.7,1,14,22,73,1,3.3,70,465,6.64,2,1,3,3,2,76,19,5,5,29,5,11,0,2,4,32,1,1,2,31:28,New Orleans Saints
12,12,13,2011-12-04,Sun,,DET,W,31,17,,31,44,70.5,379,1,8.6,8.05,94.8,3,29,22,87,1,4.0,69,466,6.75,3,1,2,2,4,183,18,5,2,25,2,11,0,1,11,107,0,1,1,35:06,New Orleans Saints
13,13,14,2011-12-11,Sun,@,TEN,W,22,17,,18,36,50.0,314,1,8.7,9.28,89.4,2,12,17,59,1,3.5,55,373,6.78,1,1,2,2,5,226,10,5,2,17,1,10,1,2,8,54,0,0,0,22:27,New Orleans Saints
14,14,15,2011-12-18,Sun,@,MIN,W,42,20,,14,32,43.8,102,2,3.2,3.03,59.6,4,18,18,105,0,5.8,54,207,3.83,2,2,2,2,7,337,7,4,1,12,4,14,0,1,8,84,0,1,1,21:11,New Orleans Saints
15,15,16,2011-12-26,Mon,,ATL,W,45,16,,40,61,65.6,434,1,7.1,7.44,91.8,0,0,14,35,0,2.5,75,469,6.25,3,3,1,1,3,150,21,1,1,23,8,17,0,3,7,57,1,0,1,33:19,New Orleans Saints
16,16,17,2012-01-01,Sun,,CAR,W,45,17,,15,25,60.0,137,1,5.5,4.48,71.6,2,21,24,164,1,6.8,51,301,5.90,1,1,2,2,4,183,9,9,3,21,0,5,0,0,1,5,1,1,2,25:26,New Orleans Saints
1,1,1,2011-09-11,Sun,@,WAS,L,14,28,,21,34,61.8,258,2,7.6,8.76,104.8,4,47,26,74,1,2.8,64,332,5.19,1,0,4,4,6,258,17,3,1,21,5,15,1,1,3,25,1,0,1,32:36,New York Giants
2,2,2,2011-09-19,Mon,,STL,W,28,16,,22,46,47.8,308,1,6.7,7.13,77.1,2,23,19,59,0,3.1,67,367,5.48,3,3,1,1,7,313,13,1,0,14,5,17,1,1,7,62,2,0,2,25:48,New York Giants
3,3,3,2011-09-25,Sun,@,PHI,W,29,16,,20,30,66.7,199,0,6.6,2.13,45.7,2,12,40,177,1,4.4,72,376,5.22,3,3,1,1,2,90,11,13,1,25,7,15,1,2,7,36,0,3,3,36:51,New York Giants
4,4,4,2011-10-02,Sun,@,ARI,W,31,27,,20,34,58.8,212,0,6.2,4.91,64.8,4,25,32,156,3,4.9,70,368,5.26,2,2,3,3,4,180,11,8,3,22,3,12,1,2,11,118,1,1,2,31:59,New York Giants
5,5,5,2011-10-09,Sun,,SEA,L,25,36,,26,41,63.4,279,2,6.8,6.68,89.4,6,36,29,145,1,5.0,76,424,5.58,2,2,4,4,7,312,14,7,1,26,4,15,1,1,10,70,2,1,3,28:46,New York Giants
6,6,6,2011-10-16,Sun,,BUF,W,27,24,,21,30,70.0,219,2,7.3,5.63,85.3,3,25,23,155,1,6.7,56,374,6.68,1,1,3,3,3,136,10,4,3,17,5,11,1,2,7,75,0,2,2,29:13,New York Giants
7,7,8,2011-10-30,Sun,,MIA,W,20,17,,13,22,59.1,101,0,4.6,2.55,51.5,5,37,26,145,2,5.6,53,246,4.64,1,1,2,2,5,247,7,8,3,18,5,13,1,2,4,30,0,1,1,27:34,New York Giants
8,8,9,2011-11-06,Sun,@,NWE,W,24,20,,28,49,57.1,332,2,6.8,5.76,74.5,2,10,24,106,0,4.4,75,438,5.84,3,2,2,2,5,225,17,6,0,23,5,15,1,1,7,81,2,2,4,29:43,New York Giants
9,9,10,2011-11-13,Sun,@,SFO,L,20,27,,19,30,63.3,228,1,7.6,6.77,83.7,2,14,20,77,1,3.9,52,305,5.87,4,4,1,1,3,164,11,4,1,16,3,11,0,0,5,35,0,1,1,25:24,New York Giants
10,10,11,2011-11-20,Sun,,PHI,L,10,17,,23,36,63.9,255,2,7.1,4.44,68.6,1,3,33,136,0,4.1,70,391,5.59,1,1,2,2,6,261,12,5,0,17,9,17,0,0,5,30,0,3,3,36:18,New York Giants
11,11,12,2011-11-28,Mon,@,NOR,L,24,49,,25,39,64.1,372,4,9.5,11.59,129.4,0,0,30,205,3,6.8,69,577,8.36,0,0,7,7,2,84,17,13,1,31,5,9,0,2,11,104,0,0,0,28:32,New York Giants
12,12,13,2011-12-04,Sun,,GNB,L,35,38,,28,47,59.6,360,4,7.7,8.40,103.1,2,9,28,89,0,3.2,77,449,5.83,2,1,5,5,5,221,21,5,3,29,7,12,0,0,4,30,0,1,1,33:03,New York Giants
13,13,14,2011-12-11,Sun,@,DAL,W,37,34,,21,31,67.7,305,4,9.8,12.42,139.1,3,16,24,139,0,5.8,58,444,7.66,3,2,4,4,3,131,12,8,3,23,5,10,0,0,10,51,1,0,1,25:41,New York Giants
14,14,15,2011-12-18,Sun,,WAS,L,10,23,,15,24,62.5,177,1,7.4,4.46,64.1,1,8,40,123,1,3.1,65,300,4.62,3,3,2,2,2,66,9,8,2,19,8,15,1,2,2,48,0,2,2,35:00,New York Giants
15,15,16,2011-12-24,Sat,@,NYJ,W,29,14,,30,59,50.8,226,1,3.8,2.64,51.9,5,32,25,105,1,4.2,89,331,3.72,1,0,2,2,9,379,12,7,3,22,4,21,1,1,10,95,1,2,3,36:06,New York Giants
16,16,17,2012-01-01,Sun,,DAL,W,31,14,,29,37,78.4,251,2,6.8,6.65,101.7,6,38,16,49,0,3.1,59,300,5.08,1,0,2,2,6,254,16,3,0,19,4,12,0,1,7,43,1,1,2,25:27,New York Giants
1,1,1,2011-09-11,Sun,,DAL,W,27,24,,23,36,63.9,326,2,9.1,8.92,100.0,4,16,26,64,1,2.5,66,390,5.91,1,1,3,3,6,236,18,3,0,21,4,12,0,0,7,40,2,1,3,33:53,New York Jets
2,2,2,2011-09-18,Sun,,JAX,W,32,3,,11,25,44.0,91,0,3.6,-3.56,14.3,2,20,27,112,0,4.1,54,203,3.76,1,1,0,0,5,203,6,5,0,11,3,12,0,1,4,50,0,4,4,26:37,New York Jets
3,3,3,2011-09-25,Sun,@,OAK,L,24,34,,18,27,66.7,149,0,5.5,5.52,80.6,1,7,32,234,4,7.3,60,383,6.38,3,2,4,4,6,339,8,10,5,23,0,8,0,0,7,55,0,0,0,26:40,New York Jets
4,4,4,2011-10-02,Sun,@,BAL,L,17,34,,10,31,32.3,155,0,5.0,3.55,36.4,2,8,40,112,1,2.8,73,267,3.66,2,2,4,4,7,310,9,5,2,16,6,18,0,0,7,46,2,1,3,37:28,New York Jets
5,5,5,2011-10-09,Sun,@,NWE,L,21,30,,24,33,72.7,294,1,8.9,8.15,97.3,4,27,35,152,2,4.3,72,446,6.19,3,3,3,3,4,205,15,7,4,26,7,14,0,0,6,50,0,1,1,33:55,New York Jets
6,6,6,2011-10-17,Mon,,MIA,W,24,6,,16,34,47.1,190,0,5.6,2.94,40.1,4,14,25,118,0,4.7,63,308,4.89,2,2,0,0,7,305,11,4,2,17,2,13,0,1,2,10,1,2,3,29:39,New York Jets
7,7,7,2011-10-23,Sun,,SDG,W,27,21,,16,32,50.0,172,1,5.4,3.19,50.5,1,7,25,96,1,3.8,58,268,4.62,0,0,3,3,4,201,9,6,1,16,7,14,0,1,13,95,0,2,2,27:14,New York Jets
8,8,9,2011-11-06,Sun,@,BUF,W,27,11,,15,31,48.4,191,1,6.2,3.90,51.9,0,0,22,96,0,4.4,53,287,5.42,1,1,0,0,4,190,7,5,2,14,3,11,1,3,6,84,1,2,3,22:08,New York Jets
9,9,10,2011-11-13,Sun,,NWE,L,16,37,,26,39,66.7,329,3,8.4,9.97,118.4,0,0,28,60,0,2.1,67,389,5.81,3,3,4,4,4,187,17,3,1,21,4,13,0,1,9,80,0,0,0,30:07,New York Jets
10,10,11,2011-11-17,Thu,@,DEN,L,13,17,,9,21,42.9,104,0,5.0,4.95,58.4,1,0,34,125,1,3.7,56,229,4.09,1,1,2,2,8,350,4,7,0,11,3,13,0,1,6,51,1,0,1,27:48,New York Jets
11,11,12,2011-11-27,Sun,,BUF,W,28,24,,26,39,66.7,250,3,6.4,7.95,110.0,3,14,28,86,0,3.1,70,336,4.80,1,1,3,3,7,313,15,5,1,21,6,15,0,1,9,85,0,0,0,36:11,New York Jets
12,12,13,2011-12-04,Sun,@,WAS,W,34,19,,19,46,41.3,204,0,4.4,3.46,45.9,2,17,23,100,1,4.3,71,304,4.28,4,4,1,1,6,224,11,5,1,17,5,16,0,0,6,50,2,1,3,27:48,New York Jets
13,13,14,2011-12-11,Sun,,KAN,W,37,10,,16,32,50.0,156,1,4.9,4.09,61.5,5,39,21,65,0,3.1,58,221,3.81,1,1,1,1,7,359,10,3,0,13,2,12,0,1,11,128,0,1,1,22:18,New York Jets
14,14,15,2011-12-18,Sun,@,PHI,L,19,45,,15,22,68.2,260,1,11.8,10.68,104.4,3,14,33,160,4,4.8,58,420,7.24,1,1,6,6,4,136,10,9,1,20,5,10,0,0,7,62,3,1,4,30:03,New York Jets
15,15,16,2011-12-24,Sat,,NYG,L,14,29,,9,27,33.3,217,1,8.0,7.11,60.3,2,8,26,115,2,4.4,55,332,6.04,2,2,3,3,9,391,5,4,2,11,4,15,0,0,5,45,0,1,1,23:54,New York Jets
16,16,17,2012-01-01,Sun,@,MIA,L,17,19,,22,32,68.8,128,1,4.0,1.81,60.4,1,7,26,82,0,3.2,59,210,3.56,4,4,1,1,4,192,12,2,0,14,8,15,0,0,5,35,0,2,2,31:07,New York Jets
1,1,1,2011-09-11,Sun,@,STL,W,31,13,,18,35,51.4,181,0,5.2,5.17,66.5,5,28,26,154,1,5.9,66,335,5.08,3,2,1,1,4,169,11,6,4,21,2,12,2,3,9,60,1,0,1,29:46,Philadelphia Eagles
2,2,2,2011-09-18,Sun,@,ATL,L,31,35,,17,28,60.7,180,4,6.4,6.07,89.3,4,15,29,138,1,4.8,61,318,5.21,0,0,5,5,7,249,14,5,1,20,6,13,0,0,7,57,0,2,2,29:57,Philadelphia Eagles
3,3,3,2011-09-25,Sun,,NYG,L,16,29,,16,23,69.6,232,4,10.1,13.57,141.7,3,22,25,102,0,4.1,51,334,6.55,0,0,3,3,4,164,6,7,1,14,5,12,0,1,4,21,0,0,0,23:09,Philadelphia Eagles
4,4,4,2011-10-02,Sun,,SFO,L,23,24,,21,33,63.6,278,2,8.4,9.64,110.4,3,13,25,164,1,6.6,61,442,7.25,3,1,3,3,4,198,11,9,2,22,5,12,0,0,5,40,1,0,1,28:52,Philadelphia Eagles
5,5,5,2011-10-09,Sun,@,BUF,L,24,31,,21,27,77.8,188,1,7.0,6.04,92.6,1,5,35,143,2,4.1,63,331,5.25,1,1,4,4,5,251,10,9,2,21,6,14,0,0,4,40,0,1,1,33:38,Philadelphia Eagles
6,6,6,2011-10-16,Sun,@,WAS,W,20,13,,17,37,45.9,245,0,6.6,1.76,28.4,2,15,14,42,1,3.0,53,287,5.42,2,2,1,1,4,170,12,2,3,17,1,10,1,1,9,75,0,4,4,21:52,Philadelphia Eagles
7,7,8,2011-10-30,Sun,,DAL,W,34,7,,18,35,51.4,182,1,5.2,4.49,64.2,4,21,10,85,0,8.5,49,267,5.45,0,0,1,1,5,195,10,2,0,12,3,10,1,2,3,20,0,1,1,17:51,Philadelphia Eagles
8,8,9,2011-11-07,Mon,,CHI,L,24,30,,18,32,56.3,208,2,6.5,7.75,96.9,0,0,34,164,1,4.8,66,372,5.64,3,3,3,3,3,103,11,7,4,22,7,14,0,0,6,53,2,0,2,33:27,Philadelphia Eagles
9,9,10,2011-11-13,Sun,,ARI,L,17,21,,21,40,52.5,282,3,7.1,6.30,79.4,4,33,29,88,0,3.0,73,370,5.07,2,0,3,3,6,278,15,6,2,23,6,16,1,1,7,66,0,2,2,31:42,Philadelphia Eagles
10,10,11,2011-11-20,Sun,@,NYG,W,17,10,,18,35,51.4,249,1,7.1,6.40,72.2,3,15,17,29,0,1.7,55,278,5.05,1,1,1,1,9,463,9,1,2,12,5,14,0,0,5,39,1,1,2,23:42,Philadelphia Eagles
11,11,12,2011-11-27,Sun,,NWE,L,20,38,,24,34,70.6,353,3,10.4,12.15,133.6,1,8,36,104,2,2.9,71,457,6.44,2,1,5,5,3,145,19,7,3,29,6,11,0,0,3,20,0,0,0,32:43,Philadelphia Eagles
12,12,13,2011-12-01,Thu,@,SEA,L,14,31,,13,16,81.3,173,1,10.8,12.06,132.6,3,17,33,174,2,5.3,52,347,6.67,1,1,4,4,5,199,8,6,1,15,5,12,1,1,5,30,0,0,0,30:20,Philadelphia Eagles
13,13,14,2011-12-11,Sun,@,MIA,W,26,10,,17,29,58.6,95,1,3.3,2.41,61.7,9,60,26,109,0,4.2,64,204,3.19,2,1,1,1,6,321,6,3,2,11,3,15,0,3,7,81,2,1,3,28:39,Philadelphia Eagles
14,14,15,2011-12-18,Sun,,NYJ,W,45,19,,16,29,55.2,147,2,5.1,3.34,63.4,4,30,27,94,0,3.5,60,241,4.02,2,2,1,1,6,242,8,2,3,13,3,13,0,1,11,93,2,2,4,29:57,Philadelphia Eagles
15,15,16,2011-12-24,Sat,@,DAL,W,20,7,,24,40,60.0,157,1,3.9,4.43,76.8,3,25,23,81,0,3.5,66,238,3.61,0,0,1,1,9,343,11,5,0,16,6,17,1,2,6,47,0,0,0,32:23,Philadelphia Eagles
16,16,17,2012-01-01,Sun,,WAS,W,34,10,,22,45,48.9,247,1,5.5,4.93,63.8,1,9,25,130,0,5.2,71,377,5.31,2,1,1,1,5,183,12,7,2,21,6,16,0,2,6,71,0,1,1,30:41,Philadelphia Eagles
1,1,1,2011-09-11,Sun,@,BAL,L,7,35,,17,29,58.6,215,3,7.4,9.48,116.3,1,9,31,170,1,5.5,61,385,6.31,2,2,3,3,5,236,10,5,2,17,7,16,0,1,7,75,0,0,0,32:31,Pittsburgh Steelers
2,2,2,2011-09-18,Sun,,SEA,W,24,0,,20,29,69.0,133,0,4.6,4.59,78.7,5,26,13,31,0,2.4,47,164,3.49,0,0,0,0,8,387,7,1,0,8,2,12,1,2,6,66,0,0,0,21:16,Pittsburgh Steelers
3,3,3,2011-09-25,Sun,@,IND,W,23,20,,18,40,45.0,144,0,3.6,3.60,54.6,1,9,21,97,1,4.6,62,241,3.89,2,2,2,2,7,311,10,4,0,14,7,16,0,0,3,21,1,0,1,26:02,Pittsburgh Steelers
4,4,4,2011-10-02,Sun,@,HOU,L,10,17,,14,21,66.7,138,1,6.6,7.52,100.9,0,0,35,180,1,5.1,56,318,5.68,1,1,2,2,5,235,8,9,0,17,6,12,0,0,9,64,0,0,0,31:43,Pittsburgh Steelers
5,5,5,2011-10-09,Sun,,TEN,W,38,17,,29,49,59.2,240,1,4.9,4.39,70.1,3,22,18,66,1,3.7,70,306,4.37,1,1,2,2,4,169,11,6,3,20,7,15,1,2,9,70,0,1,1,27:38,Pittsburgh Steelers
6,6,6,2011-10-16,Sun,,JAX,W,17,13,,12,26,46.2,76,1,2.9,3.69,65.9,5,33,30,133,0,4.4,61,209,3.43,2,2,1,1,7,296,7,6,3,16,4,15,1,1,4,22,0,0,0,28:47,Pittsburgh Steelers
7,7,7,2011-10-23,Sun,@,ARI,W,32,20,,18,34,52.9,257,2,7.6,7.41,85.0,2,15,19,73,1,3.8,55,330,6.00,0,0,2,2,4,191,15,5,3,23,3,8,1,1,9,74,0,1,1,24:13,Pittsburgh Steelers
8,8,8,2011-10-30,Sun,,NWE,W,25,17,,24,35,68.6,170,2,4.9,6.00,98.5,3,28,12,43,0,3.6,50,213,4.26,2,1,2,2,4,168,11,3,5,19,3,10,0,0,6,37,0,0,0,20:38,Pittsburgh Steelers
9,9,9,2011-11-06,Sun,,BAL,L,20,23,,28,47,59.6,289,1,6.1,6.57,84.4,3,11,27,67,1,2.5,77,356,4.62,4,3,2,2,2,90,18,2,3,23,14,21,1,1,3,20,1,0,1,33:59,Pittsburgh Steelers
10,10,10,2011-11-13,Sun,@,CIN,W,24,17,,15,30,50.0,170,2,5.7,4.00,61.8,0,0,26,109,0,4.2,56,279,4.98,1,1,2,2,6,276,7,6,1,14,4,11,0,0,4,35,0,2,2,26:07,Pittsburgh Steelers
11,11,12,2011-11-27,Sun,@,KAN,W,13,9,,18,28,64.3,162,0,5.8,0.96,40.2,1,5,34,90,0,2.6,63,252,4.00,3,3,0,0,3,112,9,6,0,15,6,15,2,2,4,20,1,3,4,26:30,Pittsburgh Steelers
12,12,13,2011-12-04,Sun,,CIN,W,35,7,,14,30,46.7,128,1,4.3,3.43,56.0,3,24,22,104,0,4.7,55,232,4.22,1,0,1,1,7,317,7,6,0,13,2,11,1,1,10,109,1,1,2,27:16,Pittsburgh Steelers
13,13,14,2011-12-08,Thu,,CLE,W,14,3,,19,36,52.8,206,0,5.7,3.22,46.8,3,16,30,98,0,3.3,69,304,4.41,1,1,0,0,6,205,12,4,3,19,7,16,0,1,6,54,0,2,2,32:18,Pittsburgh Steelers
14,14,15,2011-12-19,Mon,@,SFO,L,3,20,,18,31,58.1,187,1,6.0,6.68,86.4,0,0,30,100,1,3.3,61,287,4.70,2,2,2,2,6,285,9,7,1,17,4,13,0,0,7,49,0,0,0,28:34,Pittsburgh Steelers
15,15,16,2011-12-24,Sat,,STL,W,27,0,,9,24,37.5,68,0,2.8,2.83,45.8,3,23,36,164,0,4.6,63,232,3.68,2,0,0,0,7,281,4,9,2,15,6,16,0,1,4,21,0,0,0,30:45,Pittsburgh Steelers
16,16,17,2012-01-01,Sun,@,CLE,W,13,9,,16,41,39.0,168,0,4.1,3.00,41.5,2,9,15,72,0,4.8,58,240,4.14,3,3,0,0,6,230,11,3,0,14,4,14,0,0,5,40,0,1,1,20:49,Pittsburgh Steelers
1,1,1,2011-09-11,Sun,@,SFO,L,17,33,,15,20,75.0,124,0,6.2,6.20,90.4,0,0,32,85,1,2.7,52,209,4.02,4,4,3,3,5,298,4,4,4,12,1,12,0,0,9,102,0,0,0,31:07,Seattle Seahawks
2,2,2,2011-09-18,Sun,@,PIT,L,0,24,,23,31,74.2,297,1,9.6,10.23,114.6,2,16,35,124,2,3.5,68,421,6.19,2,1,3,3,3,175,16,5,2,23,8,15,0,1,4,48,0,0,0,38:44,Seattle Seahawks
3,3,3,2011-09-25,Sun,,ARI,W,13,10,,25,39,64.1,234,1,6.0,4.21,67.7,3,18,28,90,0,3.2,70,324,4.63,3,1,1,1,5,206,13,5,2,20,3,14,1,1,2,20,0,2,2,31:49,Seattle Seahawks
4,4,4,2011-10-02,Sun,,ATL,L,28,30,,28,42,66.7,291,1,6.9,7.40,94.4,0,0,36,121,2,3.4,78,412,5.28,3,3,3,3,4,150,15,8,2,25,9,16,0,0,4,35,0,0,0,40:10,Seattle Seahawks
5,5,5,2011-10-09,Sun,@,NYG,W,36,25,,24,39,61.5,395,3,10.1,8.21,89.2,3,25,25,69,0,2.8,67,464,6.93,1,1,2,2,7,353,16,4,1,21,1,12,0,0,7,52,2,3,5,31:14,Seattle Seahawks
6,6,7,2011-10-23,Sun,@,CLE,L,3,6,,20,35,57.1,159,0,4.5,3.26,56.7,4,19,45,139,0,3.1,84,298,3.55,4,2,0,0,5,193,12,5,3,20,12,24,0,0,7,48,0,1,1,42:56,Seattle Seahawks
7,7,8,2011-10-30,Sun,,CIN,L,12,34,,18,29,62.1,160,2,5.5,3.79,71.0,1,8,27,92,0,3.4,57,252,4.42,2,2,4,4,5,226,9,4,5,18,6,14,0,0,7,65,0,2,2,31:27,Seattle Seahawks
8,8,9,2011-11-06,Sun,@,DAL,L,13,23,,19,31,61.3,279,2,9.0,10.29,112.2,0,0,29,163,0,5.6,60,442,7.37,3,3,2,2,4,172,8,8,2,18,6,14,0,0,7,82,1,0,1,29:27,Seattle Seahawks
9,9,10,2011-11-13,Sun,,BAL,W,22,17,,30,53,56.6,248,2,4.7,4.58,73.5,1,8,12,75,0,6.3,66,323,4.89,3,1,2,2,4,188,14,7,4,25,5,12,1,1,4,34,2,1,3,24:59,Seattle Seahawks
10,10,11,2011-11-20,Sun,@,STL,W,24,7,,20,40,50.0,143,1,3.6,2.95,56.6,5,38,17,42,0,2.5,62,185,2.98,0,0,1,1,10,441,10,1,2,13,5,15,0,0,5,50,2,1,3,25:00,Seattle Seahawks
11,11,12,2011-11-27,Sun,,WAS,L,17,23,,26,35,74.3,306,2,8.7,7.31,95.7,1,8,29,110,1,3.8,65,416,6.40,2,1,3,2,4,178,15,4,3,22,3,10,0,0,10,115,0,2,2,33:20,Seattle Seahawks
12,12,13,2011-12-01,Thu,,PHI,W,31,14,,17,29,58.6,198,1,6.8,1.31,51.3,2,10,25,132,1,5.3,56,330,5.89,0,0,2,2,4,185,10,10,0,20,2,8,1,1,5,28,0,4,4,29:40,Seattle Seahawks
13,13,14,2011-12-12,Mon,,STL,W,30,13,,12,29,41.4,167,0,5.8,4.21,46.2,3,26,31,114,1,3.7,63,281,4.46,2,2,1,1,5,181,7,7,5,19,3,14,1,3,5,30,0,1,1,28:31,Seattle Seahawks
14,14,15,2011-12-18,Sun,@,CHI,W,38,14,,11,25,44.0,89,1,3.6,-2.84,27.3,4,34,31,132,0,4.3,60,221,3.68,0,0,2,2,6,238,6,7,0,13,3,10,0,0,5,45,1,4,5,28:23,Seattle Seahawks
15,15,16,2011-12-24,Sat,,SFO,L,17,19,,14,26,53.8,171,0,6.6,6.58,74.4,2,8,40,178,1,4.5,68,349,5.13,5,4,1,1,3,108,8,10,3,21,3,14,2,3,6,77,0,0,0,32:54,Seattle Seahawks
16,16,17,2012-01-01,Sun,@,ARI,L,20,23,OT,22,40,55.0,257,1,6.4,5.80,72.6,2,14,31,131,1,4.2,73,388,5.32,3,3,2,2,7,324,11,7,2,20,7,17,1,1,9,76,1,1,2,35:19,Seattle Seahawks
1,1,1,2011-09-11,Sun,,SEA,W,33,17,,21,37,56.8,155,2,4.2,4.05,73.6,5,42,22,64,0,2.9,64,219,3.42,1,1,2,2,7,342,9,5,4,18,5,15,1,1,11,72,2,1,3,28:53,San Francisco 49ers
2,2,2,2011-09-18,Sun,,DAL,L,24,27,OT,26,43,60.5,427,3,9.9,9.23,97.7,1,5,22,45,0,2.0,66,472,7.15,3,2,3,3,4,194,17,3,0,20,6,14,1,1,8,83,0,2,2,32:10,San Francisco 49ers
3,3,3,2011-09-25,Sun,@,CIN,W,13,8,,17,32,53.1,149,0,4.7,1.84,39.7,1,8,20,79,0,4.0,53,228,4.30,2,2,0,0,7,317,9,5,0,14,1,10,0,0,6,40,1,2,3,24:40,San Francisco 49ers
4,4,4,2011-10-02,Sun,@,PHI,W,24,23,,30,46,65.2,405,2,8.8,8.70,98.6,2,11,20,108,0,5.4,68,513,7.54,5,3,2,2,2,87,18,5,0,23,5,13,0,0,5,55,2,1,3,31:08,San Francisco 49ers
5,5,5,2011-10-09,Sun,,TAM,W,48,3,,18,35,51.4,186,0,5.3,2.74,43.3,3,8,23,86,0,3.7,61,272,4.46,1,1,0,0,6,259,11,2,1,14,7,16,0,1,9,96,1,2,3,28:58,San Francisco 49ers
6,6,6,2011-10-16,Sun,@,DET,W,25,19,,28,50,56.0,244,2,4.9,5.68,82.4,5,49,18,66,0,3.7,73,310,4.25,3,2,1,1,8,350,14,3,4,21,2,15,1,2,6,54,0,0,0,30:21,San Francisco 49ers
7,7,8,2011-10-30,Sun,,CLE,W,20,10,,22,34,64.7,224,1,6.6,5.85,81.0,4,17,23,66,0,2.9,61,290,4.75,1,1,1,1,6,264,11,5,2,18,6,14,2,2,5,39,1,1,2,27:08,San Francisco 49ers
8,8,9,2011-11-06,Sun,@,WAS,W,19,11,,30,47,63.8,251,1,5.3,4.81,75.8,2,3,14,52,0,3.7,63,303,4.81,1,1,0,0,5,244,14,2,1,17,5,12,0,2,3,35,2,1,3,27:41,San Francisco 49ers
9,9,10,2011-11-13,Sun,,NYG,W,27,20,,26,40,65.0,302,2,7.6,6.30,83.5,1,9,29,93,0,3.2,70,395,5.64,2,2,2,2,2,77,16,4,1,21,7,14,2,3,6,45,0,2,2,34:36,San Francisco 49ers
10,10,11,2011-11-20,Sun,,ARI,W,23,7,,14,35,40.0,149,1,4.3,0.97,27.0,2,14,11,80,0,7.3,48,229,4.77,0,0,1,1,6,279,7,1,3,11,1,9,0,2,6,75,2,3,5,15:44,San Francisco 49ers
11,11,12,2011-11-24,Thu,@,BAL,L,6,16,,15,23,65.2,161,1,7.0,7.87,100.1,0,0,35,92,0,2.6,58,253,4.36,3,3,1,1,4,170,12,3,1,16,7,15,0,0,3,20,0,0,0,31:08,San Francisco 49ers
12,12,13,2011-12-04,Sun,,STL,W,26,0,,12,22,54.5,126,0,5.7,3.68,52.5,4,30,23,31,0,1.3,49,157,3.20,0,0,0,0,8,317,9,0,1,10,3,13,0,1,5,35,1,1,2,23:55,San Francisco 49ers
13,13,14,2011-12-11,Sun,@,ARI,L,19,21,,20,29,69.0,270,3,9.3,8.28,104.1,2,14,23,55,0,2.4,54,325,6.02,0,0,3,3,7,326,10,1,1,12,3,14,0,0,4,45,1,2,3,29:04,San Francisco 49ers
14,14,15,2011-12-19,Mon,,PIT,W,20,3,,25,44,56.8,305,0,6.9,3.86,49.9,3,25,19,84,0,4.4,66,389,5.89,2,1,0,0,4,154,15,4,1,20,8,14,0,0,9,72,1,3,4,31:26,San Francisco 49ers
15,15,16,2011-12-24,Sat,@,SEA,W,19,17,,15,28,53.6,141,1,5.0,5.75,79.6,4,22,26,124,1,4.8,58,265,4.57,1,1,2,2,5,227,7,6,1,14,5,13,0,1,6,51,1,0,1,27:06,San Francisco 49ers
16,16,17,2012-01-01,Sun,@,STL,W,34,27,,14,34,41.2,200,1,5.9,3.82,46.2,3,26,25,111,2,4.4,62,311,5.02,2,2,3,3,6,304,11,4,3,18,5,15,0,1,6,50,0,2,2,24:52,San Francisco 49ers
1,1,1,2011-09-11,Sun,@,JAX,L,14,16,,17,24,70.8,160,0,6.7,6.67,88.9,2,15,47,163,1,3.5,73,323,4.42,3,3,1,1,5,218,9,10,1,20,9,18,0,0,5,39,1,0,1,39:38,Tennessee Titans
2,2,2,2011-09-18,Sun,,BAL,W,26,13,,15,32,46.9,184,1,5.8,3.56,49.5,3,13,17,45,0,2.6,52,229,4.40,2,2,1,1,5,225,11,2,2,15,3,10,0,0,7,44,1,2,3,24:08,Tennessee Titans
3,3,3,2011-09-25,Sun,,DEN,W,17,14,,24,39,61.5,172,2,4.4,3.13,67.5,1,1,23,59,0,2.6,63,231,3.67,0,0,2,2,5,246,14,2,3,19,8,15,0,1,1,15,0,2,2,29:06,Tennessee Titans
4,4,4,2011-10-02,Sun,@,CLE,W,31,13,,40,61,65.6,332,1,5.4,5.03,78.0,4,18,22,84,0,3.8,87,416,4.78,2,2,1,1,4,155,19,3,3,25,8,20,2,5,5,40,0,1,1,36:53,Tennessee Titans
5,5,5,2011-10-09,Sun,@,PIT,L,17,38,,25,35,71.4,257,5,7.3,8.91,119.9,1,4,28,174,0,6.2,64,431,6.73,1,1,5,5,2,48,15,9,2,26,7,12,1,1,5,51,0,1,1,32:22,Tennessee Titans
6,6,7,2011-10-23,Sun,,HOU,L,7,41,,18,23,78.3,296,2,12.9,14.61,147.7,0,0,47,222,2,4.7,70,518,7.40,2,2,5,5,2,96,13,14,2,29,7,13,0,2,6,68,0,0,0,37:58,Tennessee Titans
7,7,8,2011-10-30,Sun,,IND,W,27,10,,26,49,53.1,241,0,4.9,3.08,49.8,2,9,26,158,1,6.1,77,399,5.18,1,1,1,1,7,269,13,8,1,22,6,17,0,2,10,66,0,2,2,28:32,Tennessee Titans
8,8,9,2011-11-06,Sun,,CIN,L,17,24,,22,39,56.4,210,3,5.4,6.92,97.2,1,7,30,109,0,3.6,70,319,4.56,1,1,3,3,7,308,11,7,2,20,8,16,0,0,9,87,0,0,0,32:55,Tennessee Titans
9,9,10,2011-11-13,Sun,@,CAR,W,30,3,,23,40,57.5,166,0,4.2,3.03,56.9,5,46,19,113,0,5.9,64,279,4.36,2,1,0,0,8,365,9,5,2,16,3,14,0,0,12,99,1,1,2,27:24,Tennessee Titans
10,10,11,2011-11-20,Sun,@,ATL,L,17,23,,22,32,68.8,316,1,9.9,10.50,110.9,0,0,36,116,1,3.2,68,432,6.35,3,3,2,2,2,66,13,7,5,25,4,12,1,1,5,55,1,0,1,36:59,Tennessee Titans
11,11,12,2011-11-27,Sun,,TAM,W,23,17,,18,33,54.5,186,1,5.6,4.88,68.5,2,13,25,122,0,4.9,60,308,5.13,1,1,2,2,5,194,9,6,0,15,2,10,0,1,4,30,4,1,5,26:37,Tennessee Titans
12,12,13,2011-12-04,Sun,@,BUF,W,23,17,,29,46,63.0,282,1,6.1,6.57,87.4,1,6,23,104,0,4.5,70,386,5.51,1,1,2,2,4,194,12,6,0,18,7,16,2,4,2,15,2,0,2,31:46,Tennessee Titans
13,13,14,2011-12-11,Sun,,NOR,L,17,22,,36,47,76.6,323,2,6.9,7.72,108.7,2,14,26,114,0,4.4,75,437,5.83,3,3,1,1,5,249,14,9,1,24,11,19,0,0,11,95,0,0,0,37:33,Tennessee Titans
14,14,15,2011-12-18,Sun,@,IND,L,13,27,,11,17,64.7,82,1,4.8,6.00,95.7,0,0,34,205,1,6.0,51,287,5.63,2,2,3,3,7,321,2,8,0,10,3,12,0,0,4,25,1,0,1,28:03,Tennessee Titans
15,15,16,2011-12-24,Sat,,JAX,W,23,17,,21,42,50.0,187,0,4.5,3.38,52.4,1,11,28,113,2,4.0,71,300,4.23,1,1,2,2,9,406,12,6,0,18,5,18,2,3,6,28,0,1,1,29:01,Tennessee Titans
16,16,17,2012-01-01,Sun,@,HOU,W,23,22,,22,32,68.8,235,1,7.3,7.97,100.4,3,23,30,152,1,5.1,65,387,5.95,3,3,1,1,6,268,11,9,2,22,5,14,0,0,7,55,1,0,1,34:38,Tennessee Titans
1,1,1,2011-09-11,Sun,,NYG,W,28,14,,18,32,56.3,240,0,7.5,6.09,67.2,4,28,20,75,2,3.8,56,315,5.63,1,0,2,2,6,271,10,5,0,15,1,10,0,1,8,63,0,1,1,27:24,Washington Commanders
2,2,2,2011-09-18,Sun,,ARI,W,22,21,,17,30,56.7,231,2,7.7,7.53,89.7,3,20,15,93,1,6.2,48,324,6.75,0,0,3,3,6,294,10,6,0,16,3,9,0,0,10,97,1,1,2,21:30,Washington Commanders
3,3,3,2011-09-26,Mon,@,DAL,L,16,18,,22,36,61.1,250,0,6.9,5.69,70.4,1,5,26,125,0,4.8,63,375,5.95,6,6,0,0,3,152,12,2,3,17,3,13,0,0,6,55,1,1,2,31:36,Washington Commanders
4,4,4,2011-10-02,Sun,@,STL,W,17,10,,20,43,46.5,127,1,3.0,3.42,61.1,7,37,17,45,0,2.6,67,172,2.57,1,1,1,1,8,360,11,1,2,14,6,18,1,2,9,65,1,0,1,24:50,Washington Commanders
5,5,6,2011-10-16,Sun,,PHI,L,13,20,,18,32,56.3,230,1,7.2,5.00,63.3,2,7,38,192,1,5.1,72,422,5.86,2,2,2,2,3,131,9,11,2,22,6,16,1,2,8,60,0,2,2,38:08,Washington Commanders
6,6,7,2011-10-23,Sun,@,CAR,L,20,33,,18,23,78.3,232,1,10.1,10.96,123.2,4,24,37,175,2,4.7,64,407,6.36,4,4,3,3,3,116,10,10,0,20,5,12,0,0,13,105,0,0,0,35:30,Washington Commanders
7,7,8,2011-10-30,Sun,@,BUF,L,0,23,,21,27,77.8,252,2,9.3,9.15,114.8,2,10,33,138,0,4.2,62,390,6.29,4,3,2,2,3,135,11,5,1,17,7,14,0,0,6,35,1,1,2,34:51,Washington Commanders
8,8,9,2011-11-06,Sun,,SFO,L,11,19,,17,24,70.8,188,1,7.8,8.67,107.6,2,12,32,138,0,4.3,58,326,5.62,4,4,1,1,5,223,10,5,0,15,3,12,0,0,9,55,1,0,1,32:19,Washington Commanders
9,9,10,2011-11-13,Sun,@,MIA,L,9,20,,20,29,69.0,200,0,6.9,5.34,73.9,2,9,33,103,2,3.1,64,303,4.73,3,2,2,2,1,49,13,4,3,20,8,14,0,1,6,55,1,1,2,33:33,Washington Commanders
10,10,11,2011-11-20,Sun,,DAL,L,24,27,OT,23,37,62.2,264,3,7.1,8.76,110.6,4,28,32,89,0,2.8,73,353,4.84,2,2,3,3,7,286,13,6,1,20,8,17,1,1,9,48,0,0,0,36:01,Washington Commanders
11,11,12,2011-11-27,Sun,@,SEA,W,23,17,,14,30,46.7,126,2,4.2,4.03,66.8,2,18,30,124,0,4.1,62,250,4.03,2,1,2,2,6,267,8,6,1,15,6,16,0,1,9,91,0,1,1,26:40,Washington Commanders
12,12,13,2011-12-04,Sun,,NYJ,L,19,34,,19,32,59.4,165,1,5.2,5.78,83.5,0,0,30,101,3,3.4,62,266,4.29,3,2,4,4,5,223,9,6,1,16,4,13,1,1,6,40,1,0,1,32:12,Washington Commanders
13,13,14,2011-12-11,Sun,,NWE,L,27,34,,22,37,59.5,352,3,9.5,9.92,107.0,1,5,20,79,0,4.0,58,431,7.43,2,2,4,4,3,135,14,6,2,22,5,11,0,0,4,47,0,1,1,23:51,Washington Commanders
14,14,15,2011-12-18,Sun,@,NYG,W,23,10,,23,40,57.5,233,0,5.8,2.45,43.0,3,24,18,91,1,5.1,61,324,5.31,2,1,1,1,4,196,15,6,1,22,3,9,0,1,8,75,0,3,3,25:00,Washington Commanders
15,15,16,2011-12-24,Sat,,MIN,L,26,33,,12,18,66.7,148,2,8.2,10.44,128.9,2,4,38,241,2,6.3,58,389,6.71,3,2,4,3,3,133,8,10,2,20,4,11,0,0,4,40,0,0,0,29:34,Washington Commanders
16,16,17,2012-01-01,Sun,@,PHI,L,10,34,,24,39,61.5,315,3,8.1,8.46,102.0,2,20,19,75,1,3.9,60,390,6.50,2,2,4,4,4,201,17,6,1,24,5,11,0,0,8,75,1,1,2,29:19,Washington Commanders
