rk,gtm,week,date,day,game_location,opp,result,pts,pts_opp,ot,pass_cmp,pass_att,pass_cmp_pct,pass_yds,pass_td,pass_ya,pass_aya,pass_rate,pass_sk,pass_sk_yds,rush_att,rush_yds,rush_td,rush_ya,plays,total_yds,ypp,fga,fgm,xpa,xpm,punt,punt_yds,first_downs_pass,first_downs_rush,first_downs_pen,first_downs_total,third_down_conv,third_down_att,fourth_down_conv,fourth_down_att,pen,pen_yds,fumbles_lost,turnovers_int,turnovers_total,time_of_poss,team_name
1,1,1,2012-09-09,Sun,,SEA,W,20,16,,18,34,52.9,139,1,4.1,3.35,60.8,3,14,33,115,0,3.5,70,254,3.63,4,3,1,1,4,185,9,5,4,18,5,16,0,1,13,90,1,1,2,33:34,Arizona Cardinals
2,2,2,2012-09-16,Sun,@,NWE,W,20,18,,28,46,60.9,297,1,6.5,5.91,77.9,4,19,28,90,0,3.2,78,387,4.96,5,4,0,0,6,172,17,8,0,25,5,15,0,0,8,60,0,1,1,31:41,Arizona Cardinals
3,3,3,2012-09-23,Sun,,PHI,W,27,6,,17,37,45.9,194,0,5.2,5.24,62.2,5,23,21,113,0,5.4,63,307,4.87,2,2,0,0,5,250,12,4,0,16,5,14,0,1,5,65,3,0,3,25:27,Arizona Cardinals
4,4,4,2012-09-30,Sun,,MIA,W,24,21,OT,26,41,63.4,394,1,9.6,7.90,82.8,4,37,29,86,1,3.0,74,480,6.49,3,2,1,1,5,221,15,5,1,21,6,16,1,1,4,40,2,2,4,35:00,Arizona Cardinals
5,5,5,2012-10-04,Thu,@,STL,L,3,17,,7,21,33.3,131,2,6.2,6.00,67.8,1,10,32,111,0,3.5,54,242,4.48,1,1,2,2,7,398,6,6,0,12,4,14,0,0,7,60,0,1,1,25:38,Arizona Cardinals
6,6,6,2012-10-14,Sun,,BUF,L,16,19,OT,18,33,54.5,141,0,4.3,2.91,52.7,2,12,33,165,2,5.0,68,306,4.50,1,1,2,2,8,352,9,9,1,19,4,13,0,0,5,39,1,1,2,31:22,Arizona Cardinals
7,7,7,2012-10-21,Sun,@,MIN,L,14,21,,8,17,47.1,43,1,2.5,-1.59,33.8,3,15,27,166,1,6.1,47,209,4.45,0,0,3,3,7,280,2,7,3,12,1,10,1,1,7,35,0,2,2,24:55,Arizona Cardinals
8,8,8,2012-10-29,Mon,,SFO,L,3,24,,18,19,94.7,204,3,10.7,13.89,151.0,4,28,29,113,0,3.9,52,317,6.10,1,1,3,3,5,244,10,4,1,15,6,12,0,0,10,80,0,0,0,31:16,Arizona Cardinals
9,9,9,2012-11-04,Sun,@,GNB,L,17,31,,14,30,46.7,208,4,6.9,8.10,95.6,1,10,39,176,0,4.5,70,384,5.49,2,1,4,4,6,255,11,8,1,20,6,15,0,0,1,5,0,1,1,33:30,Arizona Cardinals
10,10,11,2012-11-18,Sun,@,ATL,L,19,23,,28,46,60.9,296,0,6.4,1.54,40.0,1,5,24,58,1,2.4,71,354,4.99,3,3,2,2,4,205,15,4,1,20,7,16,0,0,5,35,1,5,6,32:41,Arizona Cardinals
11,11,12,2012-11-25,Sun,,STL,L,17,31,,8,18,44.4,194,2,10.8,10.50,97.9,2,11,34,173,0,5.1,54,367,6.80,2,1,4,4,6,260,8,6,1,15,3,11,0,0,10,84,0,1,1,28:09,Arizona Cardinals
12,12,13,2012-12-02,Sun,@,NYJ,L,6,7,,15,28,53.6,112,1,4.0,-0.11,35.7,3,14,43,177,0,4.1,74,289,3.91,2,0,1,1,6,263,9,8,3,20,5,14,0,0,3,20,1,3,4,38:08,Arizona Cardinals
13,13,14,2012-12-09,Sun,@,SEA,L,0,58,,12,22,54.5,209,1,9.5,8.36,83.3,1,7,42,284,4,6.8,65,493,7.58,3,3,7,7,3,126,7,13,2,22,3,11,0,1,10,97,0,1,1,34:27,Arizona Cardinals
14,14,15,2012-12-16,Sun,,DET,W,38,10,,24,50,48.0,228,0,4.6,1.86,36.1,2,18,22,84,1,3.8,74,312,4.22,1,1,1,1,8,376,12,5,1,18,6,18,0,2,7,63,1,3,4,31:14,Arizona Cardinals
15,15,16,2012-12-23,Sun,,CHI,L,13,28,,12,26,46.2,145,1,5.6,6.35,76.6,1,1,33,152,1,4.6,60,297,4.95,1,0,4,4,9,394,6,8,1,15,3,13,0,0,2,12,1,0,1,28:05,Arizona Cardinals
16,16,17,2012-12-30,Sun,@,SFO,L,13,27,,17,29,58.6,278,2,9.6,10.97,113.9,1,4,37,129,1,3.5,67,407,6.07,4,2,3,3,4,185,12,7,1,20,4,14,2,2,3,25,0,0,0,36:03,Arizona Cardinals
1,1,1,2012-09-09,Sun,@,KAN,W,40,24,,21,33,63.6,241,1,7.3,5.18,70.4,3,17,33,152,2,4.6,69,393,5.70,2,1,3,3,1,47,13,9,0,22,11,16,0,0,2,25,1,2,3,31:55,Atlanta Falcons
2,2,2,2012-09-17,Mon,,DEN,W,27,21,,24,37,64.9,218,1,5.9,2.78,55.9,3,23,27,118,2,4.4,67,336,5.01,0,0,3,3,5,251,12,9,3,24,4,12,1,1,10,96,1,3,4,27:20,Atlanta Falcons
3,3,3,2012-09-23,Sun,@,SDG,W,27,3,,21,38,55.3,164,0,4.3,1.95,44.2,1,9,17,116,0,6.8,56,280,5.00,1,1,0,0,4,206,9,6,0,15,5,11,0,0,4,17,2,2,4,23:46,Atlanta Falcons
4,4,4,2012-09-30,Sun,,CAR,W,30,28,,15,25,60.0,205,2,8.2,9.80,112.9,3,10,35,199,2,5.7,63,404,6.41,0,0,4,4,6,271,10,11,0,21,4,11,0,0,9,64,1,0,1,30:06,Atlanta Falcons
5,5,5,2012-10-07,Sun,@,WAS,W,24,17,,15,24,62.5,187,1,7.8,4.88,65.8,3,15,21,129,0,6.1,48,316,6.58,2,1,2,2,6,254,6,6,0,12,1,9,0,0,4,20,0,2,2,22:59,Atlanta Falcons
6,6,6,2012-10-14,Sun,,OAK,W,23,20,,23,33,69.7,325,1,9.8,9.09,98.7,3,28,32,149,1,4.7,68,474,6.97,2,2,2,2,5,241,15,6,1,22,5,13,0,0,12,110,2,1,3,36:26,Atlanta Falcons
7,7,8,2012-10-28,Sun,@,PHI,W,30,17,,21,35,60.0,178,1,5.1,5.66,82.8,3,13,24,92,1,3.8,62,270,4.35,1,1,2,2,3,144,10,9,1,20,6,13,1,3,6,57,0,0,0,27:05,Atlanta Falcons
8,8,9,2012-11-04,Sun,,DAL,W,19,13,,25,35,71.4,312,1,8.9,9.49,108.3,1,9,18,65,0,3.6,54,377,6.98,3,2,1,1,4,182,14,3,1,18,3,10,0,0,7,50,0,0,0,27:17,Atlanta Falcons
9,9,10,2012-11-11,Sun,@,NOR,L,27,31,,21,32,65.6,292,3,9.1,9.59,113.0,1,6,29,148,1,5.1,62,440,7.10,1,1,4,4,5,250,17,4,0,21,4,10,0,0,5,35,0,1,1,27:25,Atlanta Falcons
10,10,11,2012-11-18,Sun,,ARI,W,23,19,,11,27,40.7,41,0,1.5,1.52,48.5,3,29,26,137,1,5.3,56,178,3.18,4,4,1,1,8,407,3,4,0,7,2,16,0,1,5,43,1,0,1,27:19,Atlanta Falcons
11,11,12,2012-11-25,Sun,@,TAM,W,24,23,,20,31,64.5,276,0,8.9,8.90,92.9,2,8,21,50,2,2.4,54,326,6.04,4,3,2,2,2,100,12,4,0,16,4,10,0,0,5,24,0,0,0,30:38,Atlanta Falcons
12,12,13,2012-11-29,Thu,,NOR,W,23,13,,28,50,56.0,335,0,6.7,2.20,37.1,1,6,23,101,1,4.4,74,436,5.89,2,2,1,1,4,181,18,4,2,24,7,14,0,0,5,30,0,5,5,33:44,Atlanta Falcons
13,13,14,2012-12-09,Sun,@,CAR,L,20,30,,23,35,65.7,280,2,8.0,9.14,109.2,1,7,32,195,1,6.1,68,475,6.99,3,3,3,3,2,88,12,10,1,23,9,15,1,1,3,10,0,0,0,35:47,Atlanta Falcons
14,14,15,2012-12-16,Sun,,NYG,W,34,0,,13,25,52.0,159,0,6.4,2.76,38.6,1,2,21,97,0,4.6,47,256,5.45,1,0,0,0,2,110,5,4,1,10,4,10,0,3,2,25,1,2,3,21:03,Atlanta Falcons
15,15,16,2012-12-22,Sat,@,DET,W,31,18,,37,56,66.1,443,0,7.9,7.11,82.7,0,0,22,79,1,3.6,78,522,6.69,3,3,1,1,2,82,21,4,0,25,5,14,3,4,2,20,2,1,3,31:08,Atlanta Falcons
16,16,17,2012-12-30,Sun,,TAM,L,17,22,,19,35,54.3,222,1,6.3,5.63,71.4,0,0,30,144,1,4.8,65,366,5.63,3,3,1,1,5,251,12,6,0,18,7,16,0,0,2,15,0,1,1,32:05,Atlanta Falcons
1,1,1,2012-09-10,Mon,,CIN,W,44,13,,22,37,59.5,193,0,5.2,4.00,62.1,4,28,28,129,1,4.6,69,322,4.67,2,2,1,1,4,183,10,9,1,20,4,15,2,3,3,41,1,1,2,32:26,Baltimore Ravens
2,2,2,2012-09-16,Sun,@,PHI,L,23,24,,23,32,71.9,357,1,11.2,8.97,92.8,2,14,41,129,2,3.1,75,486,6.48,1,1,3,3,5,196,17,7,2,26,7,15,1,1,7,58,2,2,4,34:21,Baltimore Ravens
3,3,3,2012-09-23,Sun,,NWE,W,31,30,,28,41,68.3,319,1,7.8,8.27,99.5,2,16,34,77,2,2.3,77,396,5.14,3,3,3,3,4,172,19,6,8,33,7,15,0,0,10,83,0,0,0,31:03,Baltimore Ravens
4,4,4,2012-09-27,Thu,,CLE,W,23,16,,25,52,48.1,314,0,6.0,5.17,59.3,1,6,17,43,1,2.5,70,357,5.10,3,3,1,1,7,290,17,1,2,20,3,15,0,1,7,66,1,1,2,26:57,Baltimore Ravens
5,5,5,2012-10-07,Sun,@,KAN,W,9,6,,11,17,64.7,124,0,7.3,2.00,46.8,0,0,51,214,0,4.2,68,338,4.97,2,2,0,0,5,236,6,12,1,19,6,13,0,0,8,60,2,2,4,34:10,Baltimore Ravens
6,6,6,2012-10-14,Sun,,DAL,W,31,29,,25,36,69.4,254,2,7.1,6.92,96.3,1,7,42,227,1,5.4,79,481,6.09,4,3,2,2,1,32,15,12,3,30,8,15,2,2,13,82,0,1,1,40:03,Baltimore Ravens
7,7,7,2012-10-21,Sun,@,HOU,L,13,43,,23,37,62.2,239,2,6.5,7.54,98.8,2,17,37,181,2,4.9,76,420,5.53,2,2,5,5,5,240,13,11,3,27,8,15,0,0,5,60,0,0,0,38:16,Baltimore Ravens
8,8,9,2012-11-04,Sun,@,CLE,W,25,15,,20,37,54.1,174,0,4.7,2.27,44.2,1,2,27,116,0,4.3,65,290,4.46,5,5,0,0,4,170,10,4,3,17,5,16,0,1,4,31,0,2,2,28:28,Baltimore Ravens
9,9,10,2012-11-11,Sun,,OAK,W,55,20,,29,46,63.0,350,2,7.6,7.50,91.8,3,18,24,72,0,3.0,73,422,5.78,2,2,2,2,5,274,15,4,0,19,8,18,0,2,10,105,2,1,3,33:22,Baltimore Ravens
10,10,11,2012-11-18,Sun,@,PIT,W,13,10,,18,39,46.2,175,0,4.5,3.33,48.6,3,24,27,134,1,5.0,69,309,4.48,1,1,1,1,8,357,10,5,2,17,5,17,0,1,6,43,2,1,3,32:51,Baltimore Ravens
11,11,12,2012-11-25,Sun,@,SDG,W,16,13,OT,23,36,63.9,189,1,5.3,5.81,86.5,6,39,23,91,0,4.0,65,280,4.31,2,2,1,1,9,479,10,4,2,16,3,15,1,1,5,37,0,0,0,34:51,Baltimore Ravens
12,12,13,2012-12-02,Sun,,PIT,L,20,23,,25,37,67.6,270,1,7.3,5.41,75.3,2,6,26,96,1,3.7,65,366,5.63,3,3,2,2,4,154,12,6,1,19,5,13,0,0,4,50,1,2,3,34:21,Baltimore Ravens
13,13,14,2012-12-09,Sun,@,WAS,L,28,31,OT,17,28,60.7,244,2,8.7,10.14,112.8,3,24,35,179,1,5.1,66,423,6.41,3,3,2,2,5,240,13,7,2,22,4,11,0,0,8,70,1,0,1,34:01,Baltimore Ravens
14,14,15,2012-12-16,Sun,,DEN,L,17,34,,17,28,60.7,187,1,6.7,7.39,92.4,2,17,45,163,2,3.6,75,350,4.67,3,2,4,4,8,344,8,12,1,21,5,16,0,0,7,51,0,0,0,38:34,Baltimore Ravens
15,15,16,2012-12-23,Sun,,NYG,W,33,14,,14,28,50.0,119,1,4.3,4.96,73.4,3,31,14,67,1,4.8,45,186,4.13,0,0,2,2,8,416,7,3,1,11,2,10,0,0,6,52,0,0,0,20:39,Baltimore Ravens
16,16,17,2012-12-30,Sun,@,CIN,L,17,23,,15,26,57.7,142,1,5.5,6.23,85.7,2,1,21,47,0,2.2,49,189,3.86,3,3,2,2,7,330,5,2,2,9,3,13,0,0,4,40,0,0,0,24:21,Baltimore Ravens
1,1,1,2012-09-09,Sun,@,NYJ,L,28,48,,19,27,70.4,266,3,9.9,10.41,123.4,0,0,36,118,1,3.3,63,384,6.10,2,2,6,6,2,103,15,5,1,21,10,14,0,0,5,34,0,1,1,31:18,Buffalo Bills
2,2,2,2012-09-16,Sun,,KAN,W,35,17,,23,42,54.8,272,2,6.5,6.36,80.7,5,29,24,150,0,6.3,71,422,5.94,1,1,2,2,7,313,15,8,2,25,5,14,0,0,4,33,2,1,3,30:39,Buffalo Bills
3,3,3,2012-09-23,Sun,@,CLE,W,24,14,,27,43,62.8,207,1,4.8,3.19,62.8,4,30,13,33,1,2.5,60,240,4.00,0,0,2,2,8,336,11,4,2,17,3,11,0,0,6,57,0,2,2,27:04,Buffalo Bills
4,4,4,2012-09-30,Sun,,NWE,L,28,52,,22,36,61.1,333,3,9.3,10.92,119.3,1,7,40,247,4,6.2,77,580,7.53,3,1,7,7,3,119,13,19,1,33,4,11,0,0,1,10,2,0,2,30:47,Buffalo Bills
5,5,5,2012-10-07,Sun,@,SFO,L,3,45,,19,25,76.0,310,3,12.4,14.80,156.7,0,0,38,311,3,8.2,63,621,9.86,1,1,6,6,2,112,11,18,0,29,7,11,1,1,7,53,1,0,1,36:14,Buffalo Bills
6,6,6,2012-10-14,Sun,@,ARI,W,19,16,OT,16,36,44.4,150,1,4.2,2.22,42.6,5,23,30,182,0,6.1,71,332,4.68,4,3,1,1,5,259,9,10,1,20,5,16,2,2,7,67,0,2,2,32:28,Buffalo Bills
7,7,7,2012-10-21,Sun,,TEN,L,34,35,,22,33,66.7,193,1,5.8,6.45,92.1,2,12,27,197,4,7.3,62,390,6.29,0,0,5,5,3,124,12,7,2,21,9,14,1,2,3,25,0,0,0,29:41,Buffalo Bills
8,8,9,2012-11-04,Sun,@,HOU,L,9,21,,19,27,70.4,256,2,9.5,10.96,124.9,2,12,32,118,1,3.7,61,374,6.13,1,0,3,3,5,247,13,8,0,21,4,11,0,1,7,42,0,0,0,34:03,Buffalo Bills
9,9,10,2012-11-11,Sun,@,NWE,L,31,37,,23,38,60.5,230,2,6.1,7.11,95.3,1,7,29,117,2,4.0,68,347,5.10,3,3,4,4,2,69,14,8,5,27,7,12,0,0,7,73,0,0,0,26:10,Buffalo Bills
10,10,11,2012-11-15,Thu,,MIA,W,19,14,,14,28,50.0,124,1,4.4,1.93,44.3,3,17,24,60,0,2.5,55,184,3.35,1,0,2,2,6,299,9,2,5,16,3,10,0,0,6,69,1,2,3,24:57,Buffalo Bills
11,11,12,2012-11-25,Sun,@,IND,L,13,20,,20,37,54.1,225,1,6.1,5.41,70.2,4,15,29,87,0,3.0,70,312,4.46,2,2,2,2,5,256,12,8,2,22,8,16,0,0,6,37,1,1,2,31:38,Buffalo Bills
12,12,13,2012-12-02,Sun,,JAX,W,34,18,,19,42,45.2,186,1,4.4,3.83,56.2,3,16,18,50,1,2.8,63,236,3.75,1,1,1,1,5,208,10,4,7,21,1,10,0,3,8,74,1,1,2,24:51,Buffalo Bills
13,13,14,2012-12-09,Sun,,STL,L,12,15,,19,39,48.7,207,1,5.3,4.67,62.7,1,2,27,78,1,2.9,67,285,4.25,0,0,1,1,8,302,11,5,1,17,7,17,1,1,2,17,0,1,1,29:24,Buffalo Bills
14,14,15,2012-12-16,Sun,,SEA,L,17,50,,14,23,60.9,196,1,8.5,9.39,102.8,2,9,32,270,4,8.4,57,466,8.18,3,3,6,5,2,79,10,12,0,22,5,11,1,1,4,32,0,0,0,28:57,Buffalo Bills
15,15,16,2012-12-23,Sun,@,MIA,L,10,24,,13,25,52.0,119,2,4.8,6.36,91.9,2,11,35,182,1,5.2,62,301,4.85,2,1,3,3,5,212,7,10,1,18,7,14,0,0,3,25,0,0,0,30:17,Buffalo Bills
16,16,17,2012-12-30,Sun,,NYJ,W,28,9,,17,35,48.6,199,0,5.7,4.40,54.3,1,6,36,133,0,3.7,72,332,4.61,4,3,0,0,4,172,10,8,1,19,7,17,0,1,4,45,1,1,2,32:20,Buffalo Bills
1,1,1,2012-09-09,Sun,@,TAM,L,10,16,,16,24,66.7,128,1,5.3,6.17,93.7,2,10,36,130,0,3.6,62,258,4.16,3,3,1,1,5,230,8,8,2,18,5,14,0,0,4,35,0,0,0,37:27,Carolina Panthers
2,2,2,2012-09-16,Sun,,NOR,W,35,27,,31,49,63.3,323,1,6.6,5.16,72.1,1,2,27,163,2,6.0,77,486,6.31,2,2,3,3,3,148,19,8,0,27,7,13,0,1,2,23,0,2,2,30:24,Carolina Panthers
3,3,3,2012-09-20,Thu,,NYG,L,7,36,,28,37,75.7,280,1,7.6,8.11,105.7,2,12,29,125,2,4.3,68,405,5.96,5,5,3,3,2,76,15,8,1,24,7,14,0,0,5,38,0,0,0,36:10,Carolina Panthers
4,4,4,2012-09-30,Sun,@,ATL,L,28,30,,25,40,62.5,305,3,7.6,8.00,100.5,7,64,19,121,0,6.4,66,426,6.45,3,3,3,3,5,235,14,6,4,24,5,13,0,0,2,15,0,1,1,29:54,Carolina Panthers
5,5,5,2012-10-07,Sun,,SEA,L,12,16,,19,25,76.0,212,1,8.5,5.68,80.7,2,9,35,98,0,2.8,62,310,5.00,3,3,1,1,3,122,10,7,0,17,7,14,0,1,7,65,1,2,3,35:37,Carolina Panthers
6,6,7,2012-10-21,Sun,,DAL,L,14,19,,24,34,70.6,227,1,6.7,7.26,98.5,0,0,31,85,0,2.7,65,312,4.80,4,4,1,1,4,197,11,4,3,18,6,14,0,0,6,43,1,0,1,33:37,Carolina Panthers
7,7,8,2012-10-28,Sun,@,CHI,L,22,23,,19,28,67.9,131,1,4.7,3.79,75.1,6,55,19,79,1,4.2,53,210,3.96,2,1,2,2,4,179,13,3,2,18,2,8,0,0,5,40,2,1,3,23:22,Carolina Panthers
8,8,9,2012-11-04,Sun,@,WAS,W,21,13,,23,39,59.0,186,0,4.8,4.77,71.1,4,29,32,151,1,4.7,75,337,4.49,2,2,1,1,3,137,11,9,4,24,3,15,3,5,13,97,0,0,0,35:20,Carolina Panthers
9,9,10,2012-11-11,Sun,,DEN,L,14,36,,27,38,71.1,295,1,7.8,8.29,102.4,1,6,22,65,1,3.0,61,360,5.90,3,2,4,4,6,288,15,2,1,18,3,13,0,0,7,60,2,0,2,28:26,Carolina Panthers
10,10,11,2012-11-18,Sun,,TAM,L,21,27,OT,25,46,54.3,236,3,5.1,4.48,72.4,1,12,30,167,0,5.6,77,403,5.23,2,2,1,1,6,297,12,9,4,25,7,18,1,2,6,50,1,2,3,32:30,Carolina Panthers
11,11,12,2012-11-26,Mon,@,PHI,W,30,22,,16,21,76.2,107,0,5.1,5.10,86.8,1,12,26,204,2,7.8,48,311,6.48,3,3,1,1,2,82,4,12,2,18,2,8,0,1,5,30,3,0,3,24:48,Carolina Panthers
12,12,13,2012-12-02,Sun,@,KAN,L,21,27,,19,23,82.6,197,2,8.6,10.30,131.3,1,4,43,158,1,3.7,67,355,5.30,2,2,3,3,3,128,11,10,2,23,6,14,3,3,1,5,0,0,0,37:13,Carolina Panthers
13,13,14,2012-12-09,Sun,,ATL,W,30,20,,34,49,69.4,327,2,6.7,6.57,92.8,2,15,11,35,1,3.2,62,362,5.84,0,0,2,2,4,168,22,2,1,26,2,8,1,2,3,15,0,1,1,24:13,Carolina Panthers
14,14,15,2012-12-16,Sun,@,SDG,W,31,7,,16,23,69.6,94,1,4.1,4.96,91.6,6,27,16,70,0,4.4,45,164,3.64,0,0,1,1,6,291,4,6,2,12,3,9,0,0,9,70,2,0,2,22:28,Carolina Panthers
15,15,16,2012-12-23,Sun,,OAK,W,17,6,,20,36,55.6,142,0,3.9,2.69,53.2,1,9,22,47,0,2.1,59,189,3.20,2,2,0,0,5,219,8,1,3,12,4,15,0,2,6,70,0,1,1,29:05,Carolina Panthers
16,16,17,2012-12-30,Sun,@,NOR,W,44,38,,29,43,67.4,378,4,8.8,9.60,116.2,2,18,18,63,0,3.5,63,441,7.00,1,1,5,5,6,276,18,3,1,22,4,12,2,2,5,55,0,1,1,26:05,Carolina Panthers
1,1,1,2012-09-09,Sun,,IND,W,41,21,,23,45,51.1,293,1,6.5,3.96,51.4,3,16,15,63,1,4.2,63,356,5.65,1,0,3,3,5,257,16,4,2,22,2,10,2,2,3,19,2,3,5,24:32,Chicago Bears
2,2,2,2012-09-13,Thu,@,GNB,L,10,23,,23,33,69.7,215,2,6.5,6.36,94.9,5,31,28,106,0,3.8,66,321,4.86,3,3,2,2,5,238,11,6,2,19,4,14,1,1,4,54,1,1,2,32:11,Chicago Bears
3,3,3,2012-09-23,Sun,,STL,W,23,6,,18,35,51.4,101,0,2.9,0.31,33.6,6,51,17,59,0,3.5,58,160,2.76,2,2,0,0,6,279,6,5,1,12,3,13,0,1,4,40,0,2,2,26:04,Chicago Bears
4,4,4,2012-10-01,Mon,@,DAL,W,34,18,,40,53,75.5,389,2,7.3,3.85,68.8,1,7,14,41,0,2.9,68,430,6.32,1,1,1,1,3,111,24,2,0,26,3,9,1,1,2,10,0,5,5,29:10,Chicago Bears
5,5,5,2012-10-07,Sun,@,JAX,W,41,3,,17,33,51.5,129,0,3.9,1.18,36.0,3,13,17,60,0,3.5,53,189,3.57,1,1,0,0,6,291,5,3,2,10,5,13,0,0,6,49,1,2,3,24:00,Chicago Bears
6,6,7,2012-10-22,Mon,,DET,W,13,7,,28,46,60.9,243,1,5.3,4.74,73.0,3,20,18,97,0,5.4,67,340,5.07,0,0,1,1,8,321,16,4,1,21,4,13,0,1,5,47,3,1,4,25:25,Chicago Bears
7,7,8,2012-10-28,Sun,,CAR,W,23,22,,20,39,51.3,297,0,7.6,5.31,55.2,2,17,36,119,0,3.3,77,416,5.40,5,5,1,1,3,77,12,6,3,21,10,19,1,1,3,21,0,2,2,36:38,Chicago Bears
8,8,9,2012-11-04,Sun,@,TEN,W,51,20,,20,35,57.1,180,1,5.1,4.43,68.7,2,20,18,159,1,8.8,55,339,6.16,1,1,1,1,7,299,8,4,0,12,3,12,0,1,9,68,4,1,5,22:59,Chicago Bears
9,9,10,2012-11-11,Sun,,HOU,L,6,13,,14,26,53.8,88,1,3.4,0.69,41.8,1,7,35,127,0,3.6,62,215,3.47,2,2,1,1,8,357,6,6,1,13,3,14,0,0,3,35,0,2,2,31:08,Chicago Bears
10,10,11,2012-11-19,Mon,@,SFO,L,7,32,,16,23,69.6,232,2,10.1,11.83,131.1,2,11,29,121,1,4.2,54,353,6.54,3,3,3,3,4,188,9,6,3,18,4,12,0,0,5,50,0,0,0,30:05,Chicago Bears
11,11,12,2012-11-25,Sun,,MIN,W,28,10,,22,43,51.2,144,1,3.3,2.77,56.7,2,15,20,114,0,5.7,65,258,3.97,2,1,1,1,4,162,10,3,2,15,6,16,1,3,3,44,2,1,3,22:30,Chicago Bears
12,12,13,2012-12-02,Sun,,SEA,L,17,23,OT,23,37,62.2,283,2,7.6,8.73,103.8,2,10,32,176,1,5.5,71,459,6.46,1,1,2,2,5,198,13,11,1,25,8,15,1,1,8,55,1,0,1,34:35,Chicago Bears
13,13,14,2012-12-09,Sun,@,MIN,L,14,21,,11,17,64.7,77,0,4.5,1.88,50.4,1,14,38,171,2,4.5,56,248,4.43,0,0,3,3,7,320,7,8,2,17,6,14,0,0,7,54,0,1,1,28:18,Chicago Bears
14,14,15,2012-12-16,Sun,,GNB,L,13,21,,23,36,63.9,278,3,7.7,9.39,115.3,3,13,32,113,0,3.5,71,391,5.51,2,0,3,3,5,208,14,3,3,20,7,17,2,2,8,104,2,0,2,33:23,Chicago Bears
15,15,16,2012-12-23,Sun,@,ARI,W,28,13,,28,49,57.1,219,0,4.5,2.63,51.3,4,27,19,29,0,1.5,72,248,3.44,2,2,1,1,8,358,14,0,1,15,3,15,1,2,4,25,1,2,3,31:55,Chicago Bears
16,16,17,2012-12-30,Sun,@,DET,W,26,24,,24,42,57.1,255,3,6.1,6.43,88.9,1,17,20,72,0,3.6,63,327,5.19,1,1,3,3,5,219,15,4,1,20,7,14,0,0,4,29,3,1,4,25:51,Chicago Bears
1,1,1,2012-09-10,Mon,@,BAL,L,13,44,,23,32,71.9,308,2,9.6,10.88,122.9,3,21,23,122,2,5.3,58,430,7.41,3,3,5,5,2,87,15,8,3,26,3,9,1,1,6,50,0,0,0,27:34,Cincinnati Bengals
2,2,2,2012-09-16,Sun,,CLE,W,34,27,,26,37,70.3,309,2,8.4,9.43,113.5,2,13,23,130,1,5.7,62,439,7.08,2,2,3,3,4,186,16,4,1,21,7,15,0,0,10,103,1,0,1,27:07,Cincinnati Bengals
3,3,3,2012-09-23,Sun,@,WAS,W,38,31,,21,34,61.8,179,1,5.3,5.85,85.3,5,42,35,202,2,5.8,74,381,5.15,1,1,4,4,7,310,13,15,3,31,3,12,0,0,6,60,1,0,1,32:30,Cincinnati Bengals
4,4,4,2012-09-30,Sun,@,JAX,W,27,10,,23,34,67.6,143,1,4.2,3.47,73.5,6,43,18,69,0,3.8,58,212,3.66,1,1,1,1,6,295,11,5,1,17,2,11,0,1,3,37,1,1,2,28:41,Cincinnati Bengals
5,5,5,2012-10-07,Sun,,MIA,L,13,17,,17,26,65.4,211,0,8.1,8.12,90.4,2,12,35,68,2,1.9,63,279,4.43,2,1,2,2,5,248,9,4,2,15,4,13,0,1,2,10,2,0,2,28:49,Cincinnati Bengals
6,6,6,2012-10-14,Sun,@,CLE,L,24,34,,17,29,58.6,218,2,7.5,7.34,90.9,2,13,34,110,1,3.2,65,328,5.05,2,2,4,4,8,354,11,5,0,16,7,17,0,0,5,35,0,1,1,29:57,Cincinnati Bengals
7,7,7,2012-10-21,Sun,,PIT,L,17,24,,27,38,71.1,264,1,6.9,6.29,88.0,3,14,29,167,1,5.8,70,431,6.16,3,3,1,1,3,120,12,10,0,22,10,16,0,0,5,50,1,1,2,37:30,Cincinnati Bengals
8,8,9,2012-11-04,Sun,,DEN,L,23,31,,27,35,77.1,291,3,8.3,7.46,105.8,0,0,26,68,0,2.6,61,359,5.89,1,1,4,4,3,140,17,2,1,20,9,14,0,0,5,29,0,2,2,30:37,Cincinnati Bengals
9,9,10,2012-11-11,Sun,,NYG,W,31,13,,29,46,63.0,189,0,4.1,2.15,53.6,4,26,20,129,1,6.5,70,318,4.54,2,2,1,1,4,213,11,7,3,21,5,14,1,2,1,5,2,2,4,29:45,Cincinnati Bengals
10,10,11,2012-11-18,Sun,@,KAN,W,28,6,,17,30,56.7,171,0,5.7,5.70,73.1,4,17,26,113,0,4.3,60,284,4.73,2,2,0,0,7,356,10,5,1,16,1,11,0,1,6,30,1,0,1,24:38,Cincinnati Bengals
11,11,12,2012-11-25,Sun,,OAK,W,34,10,,19,34,55.9,119,1,3.5,2.76,60.8,4,27,23,99,0,4.3,61,218,3.57,1,1,1,1,6,281,8,6,0,14,3,12,0,2,3,25,1,1,2,29:14,Cincinnati Bengals
12,12,13,2012-12-02,Sun,@,SDG,W,20,13,,26,48,54.2,251,0,5.2,4.29,60.3,4,29,11,46,0,4.2,63,297,4.71,3,2,1,1,5,230,15,4,1,20,4,12,0,1,8,55,1,1,2,26:42,Cincinnati Bengals
13,13,14,2012-12-09,Sun,,DAL,L,19,20,,25,43,58.1,239,1,5.6,4.98,71.8,3,29,24,49,1,2.0,70,288,4.11,2,2,2,2,5,165,13,5,2,20,11,19,0,0,6,49,0,1,1,30:11,Cincinnati Bengals
14,14,15,2012-12-13,Thu,@,PHI,W,34,13,,16,33,48.5,177,1,5.4,4.61,62.3,1,3,19,42,0,2.2,53,219,4.13,2,2,1,1,7,258,6,1,3,10,3,12,0,0,9,76,4,1,5,22:20,Cincinnati Bengals
15,15,16,2012-12-23,Sun,@,PIT,W,13,10,,14,28,50.0,185,1,6.6,4.11,53.4,4,35,31,95,0,3.1,63,280,4.44,3,1,1,1,7,317,8,6,1,15,2,14,1,1,5,63,1,2,3,31:45,Cincinnati Bengals
16,16,17,2012-12-30,Sun,,BAL,W,23,17,,19,33,57.6,146,0,4.4,3.06,55.9,4,37,46,206,2,4.5,83,352,4.24,2,1,2,2,7,256,8,12,3,23,5,18,2,2,10,102,0,1,1,35:39,Cincinnati Bengals
1,1,1,2012-09-09,Sun,,PHI,L,16,17,,29,56,51.8,306,2,5.5,2.96,50.1,2,11,30,150,0,5.0,88,456,5.18,2,1,2,2,6,330,14,10,1,25,8,19,1,1,12,110,1,4,5,35:58,Cleveland Browns
2,2,2,2012-09-16,Sun,@,CIN,L,27,34,,24,31,77.4,295,3,9.5,10.00,125.1,6,23,25,80,0,3.2,62,375,6.05,2,2,4,4,3,126,14,3,4,21,4,12,1,1,6,54,0,1,1,32:53,Cleveland Browns
3,3,3,2012-09-23,Sun,,BUF,L,14,24,,22,35,62.9,206,3,5.9,7.60,107.6,1,2,34,138,0,4.1,70,344,4.91,1,1,3,3,6,252,11,6,2,19,4,14,0,0,10,75,1,0,1,32:56,Cleveland Browns
4,4,4,2012-09-27,Thu,@,BAL,L,16,23,,28,46,60.9,337,1,7.3,6.78,81.5,4,19,27,101,1,3.7,77,438,5.69,2,1,2,2,7,322,16,5,2,23,5,15,0,1,11,100,0,1,1,33:03,Cleveland Browns
5,5,5,2012-10-07,Sun,@,NYG,L,27,41,,25,37,67.6,259,3,7.0,7.41,103.3,0,0,34,243,2,7.1,71,502,7.07,2,2,5,5,2,100,12,14,4,30,6,11,0,0,3,25,1,1,2,35:24,Cleveland Browns
6,6,6,2012-10-14,Sun,,CIN,W,34,24,,31,46,67.4,362,3,7.9,6.24,85.6,2,19,20,76,0,3.8,68,438,6.44,1,1,3,3,7,354,17,3,0,20,5,14,0,0,7,50,1,3,4,30:03,Cleveland Browns
7,7,7,2012-10-21,Sun,@,IND,L,13,17,,16,29,55.2,173,0,6.0,5.97,72.9,3,13,37,148,2,4.0,69,321,4.65,1,1,2,2,5,242,8,10,3,21,6,15,1,1,7,50,1,0,1,35:21,Cleveland Browns
8,8,8,2012-10-28,Sun,,SDG,W,7,6,,18,34,52.9,148,0,4.4,4.35,64.3,1,6,34,117,0,3.4,69,265,3.84,2,2,0,0,6,279,9,8,0,17,6,16,0,2,3,15,1,0,1,30:52,Cleveland Browns
9,9,9,2012-11-04,Sun,,BAL,L,15,25,,15,24,62.5,145,1,6.0,6.88,93.2,1,8,37,137,2,3.7,62,282,4.55,1,1,2,2,7,313,9,8,1,18,5,14,1,1,9,82,0,0,0,31:32,Cleveland Browns
10,10,11,2012-11-18,Sun,@,DAL,L,20,23,OT,35,50,70.0,257,1,5.1,5.54,88.5,7,56,21,63,1,3.0,78,320,4.10,3,3,2,2,7,302,14,6,10,30,4,14,1,1,9,92,1,0,1,38:10,Cleveland Browns
11,11,12,2012-11-25,Sun,,PIT,W,20,14,,20,34,58.8,193,0,5.7,1.71,38.0,1,6,20,49,1,2.5,55,242,4.40,0,0,2,2,6,275,10,1,2,13,1,9,0,0,9,68,5,3,8,26:30,Cleveland Browns
12,12,13,2012-12-02,Sun,@,OAK,W,20,17,,34,54,63.0,344,2,6.4,6.28,85.7,1,7,17,85,0,5.0,72,429,5.96,2,1,2,2,5,202,20,5,0,25,9,16,1,1,9,65,0,1,1,27:30,Cleveland Browns
13,13,14,2012-12-09,Sun,,KAN,W,30,7,,10,21,47.6,130,0,6.2,4.05,47.7,5,29,26,180,1,6.9,52,310,5.96,1,0,1,1,7,336,4,6,2,12,1,11,0,1,5,35,0,1,1,26:31,Cleveland Browns
14,14,15,2012-12-16,Sun,,WAS,L,21,38,,26,37,70.3,308,2,8.3,8.19,102.1,2,21,35,122,3,3.5,74,430,5.81,1,1,5,5,5,213,17,7,1,25,7,15,1,1,6,45,0,1,1,36:17,Cleveland Browns
15,15,16,2012-12-23,Sun,@,DEN,L,12,34,,30,43,69.8,339,3,7.9,8.23,106.6,0,0,32,118,1,3.7,75,457,6.09,2,2,4,4,3,147,19,6,4,29,9,15,0,0,11,84,0,1,1,33:40,Cleveland Browns
16,16,17,2012-12-30,Sun,@,PIT,L,10,24,,15,23,65.2,121,3,5.3,7.87,117.9,2,13,28,91,0,3.3,53,212,4.00,1,1,3,3,6,251,9,6,2,17,5,13,0,0,3,58,0,0,0,30:21,Cleveland Browns
1,1,1,2012-09-05,Wed,@,NYG,W,24,17,,21,32,65.6,187,1,5.8,6.47,91.5,3,26,19,82,1,4.3,54,269,4.98,1,1,2,2,4,201,11,3,1,15,4,12,2,2,4,33,1,0,1,25:53,Dallas Cowboys
2,2,2,2012-09-16,Sun,@,SEA,L,7,27,,15,20,75.0,133,1,6.7,7.65,109.0,2,18,41,182,1,4.4,63,315,5.00,2,2,3,3,4,215,8,9,3,20,5,14,1,2,5,35,0,0,0,34:39,Dallas Cowboys
3,3,3,2012-09-23,Sun,,TAM,W,16,10,,10,28,35.7,91,1,3.3,2.36,42.4,2,19,25,75,0,3.0,55,166,3.02,1,1,1,1,8,331,5,4,3,12,3,15,2,2,10,69,1,1,2,26:56,Dallas Cowboys
4,4,4,2012-10-01,Mon,,CHI,L,18,34,,18,24,75.0,267,2,11.1,12.79,138.7,2,8,28,93,0,3.3,54,360,6.67,2,2,4,4,3,120,14,3,1,18,7,12,0,0,4,25,1,0,1,30:50,Dallas Cowboys
5,5,6,2012-10-14,Sun,@,BAL,L,29,31,,17,26,65.4,230,1,8.8,9.62,106.2,1,4,22,86,2,3.9,49,316,6.45,1,1,4,4,3,135,10,8,1,19,6,10,0,0,10,76,0,0,0,19:57,Dallas Cowboys
6,6,7,2012-10-21,Sun,@,CAR,W,19,14,,21,37,56.8,216,1,5.8,5.16,71.5,2,17,21,112,1,5.3,60,328,5.47,0,0,2,2,6,248,9,7,2,18,2,10,0,2,9,71,1,1,2,26:23,Dallas Cowboys
7,7,8,2012-10-28,Sun,,NYG,L,24,29,,15,29,51.7,190,0,6.6,5.00,58.1,1,2,28,103,1,3.7,58,293,5.05,5,5,2,2,6,287,7,4,0,11,3,15,0,0,5,45,1,1,2,27:42,Dallas Cowboys
8,8,9,2012-11-04,Sun,@,ATL,L,13,19,,24,34,70.6,330,0,9.7,9.71,101.3,3,12,26,123,1,4.7,63,453,7.19,6,4,1,1,2,80,16,3,2,21,7,14,0,0,2,15,0,0,0,32:43,Dallas Cowboys
9,9,10,2012-11-11,Sun,@,PHI,W,38,23,,28,41,68.3,278,2,6.8,6.66,93.3,2,11,23,91,1,4.0,66,369,5.59,1,1,3,2,7,354,14,3,6,23,1,10,1,1,6,50,1,1,2,32:02,Dallas Cowboys
10,10,11,2012-11-18,Sun,,CLE,W,23,20,OT,20,35,57.1,192,2,5.5,6.63,91.6,2,18,33,119,0,3.6,70,311,4.44,2,2,2,2,5,223,14,3,2,19,6,15,0,1,12,129,1,0,1,30:43,Dallas Cowboys
11,11,12,2012-11-22,Thu,,WAS,L,31,38,,19,27,70.4,288,4,10.7,11.96,129.3,3,16,32,149,1,4.7,62,437,7.05,1,1,5,5,5,226,15,6,1,22,6,12,0,0,5,41,0,1,1,31:42,Dallas Cowboys
12,12,13,2012-12-02,Sun,,PHI,W,38,33,,22,34,64.7,240,1,7.1,7.65,95.2,1,11,26,183,2,7.0,61,423,6.93,2,2,3,3,2,78,11,11,1,23,6,10,0,1,1,5,1,0,1,26:42,Dallas Cowboys
13,13,14,2012-12-09,Sun,@,CIN,W,20,19,,20,33,60.6,190,1,5.8,5.00,74.1,5,16,20,146,0,7.3,58,336,5.79,4,4,1,1,3,136,13,4,2,19,4,11,0,0,8,70,0,1,1,29:49,Dallas Cowboys
14,14,15,2012-12-16,Sun,,PIT,W,27,24,OT,24,40,60.0,319,2,8.0,7.85,91.6,4,20,17,69,1,4.1,61,388,6.36,1,1,3,3,6,258,17,2,1,20,5,12,0,0,0,0,1,1,2,27:00,Dallas Cowboys
15,15,16,2012-12-23,Sun,,NOR,L,31,34,OT,37,53,69.8,446,3,8.4,9.55,114.2,0,0,38,116,1,3.1,91,562,6.18,3,2,4,4,5,263,25,5,3,33,11,19,0,0,6,42,0,0,0,41:59,Dallas Cowboys
16,16,17,2012-12-30,Sun,@,WAS,L,18,28,,9,18,50.0,87,0,4.8,4.83,63.9,1,13,42,274,4,6.5,61,361,5.92,1,0,4,4,5,207,6,17,1,24,5,11,0,0,2,20,0,0,0,33:26,Dallas Cowboys
1,1,1,2012-09-09,Sun,,PIT,W,31,19,,22,40,55.0,209,2,5.2,5.10,75.9,5,36,26,75,0,2.9,71,284,4.00,2,2,1,1,3,142,15,2,2,19,11,19,1,2,8,52,0,1,1,35:05,Denver Broncos
2,2,2,2012-09-17,Mon,@,ATL,L,21,27,,24,36,66.7,208,2,5.8,6.89,100.2,1,11,28,67,1,2.4,65,275,4.23,2,2,3,3,6,252,15,3,4,22,5,13,0,0,8,72,0,0,0,32:40,Denver Broncos
3,3,3,2012-09-23,Sun,,HOU,L,25,31,,17,30,56.7,284,4,9.5,10.63,114.4,1,6,34,152,0,4.5,65,436,6.71,1,1,4,4,5,271,13,7,3,23,7,14,0,0,9,69,1,1,2,31:40,Denver Broncos
4,4,4,2012-09-30,Sun,,OAK,W,37,6,,19,34,55.9,181,0,5.3,5.32,70.8,3,21,16,56,0,3.5,53,237,4.47,2,2,0,0,7,346,9,2,1,12,1,12,1,2,5,41,0,0,0,22:35,Denver Broncos
5,5,5,2012-10-07,Sun,@,NWE,L,21,31,,23,31,74.2,193,1,6.2,6.87,100.6,4,30,54,251,3,4.6,89,444,4.99,1,1,4,4,3,129,16,18,1,35,11,17,0,1,6,59,1,0,1,35:49,Denver Broncos
6,6,6,2012-10-15,Mon,@,SDG,W,35,24,,25,41,61.0,217,2,5.3,1.88,51.6,4,24,27,90,0,3.3,72,307,4.26,1,1,3,3,4,180,16,4,3,23,6,15,0,1,9,64,2,4,6,33:35,Denver Broncos
7,7,8,2012-10-28,Sun,,NOR,W,34,14,,22,42,52.4,201,2,4.8,4.67,71.6,1,12,17,51,0,3.0,60,252,4.20,0,0,2,2,8,413,12,2,0,14,1,12,2,3,3,15,0,1,1,24:46,Denver Broncos
8,8,9,2012-11-04,Sun,@,CIN,W,31,23,,26,42,61.9,275,1,6.5,5.95,79.0,5,24,25,91,1,3.6,72,366,5.08,4,3,2,2,4,206,15,5,2,22,5,14,1,1,8,83,0,1,1,29:23,Denver Broncos
9,9,10,2012-11-11,Sun,@,CAR,W,36,14,,21,36,58.3,198,2,5.5,4.11,69.0,7,43,21,52,0,2.5,64,250,3.91,1,0,2,2,9,451,11,4,4,19,0,12,0,0,7,45,0,2,2,31:34,Denver Broncos
10,10,11,2012-11-18,Sun,,SDG,W,30,23,,24,40,60.0,224,2,5.6,4.35,71.2,4,34,23,53,0,2.3,67,277,4.13,0,0,3,3,10,493,11,1,1,13,3,16,1,2,10,65,1,2,3,31:18,Denver Broncos
11,11,12,2012-11-25,Sun,@,KAN,W,17,9,,13,26,50.0,116,0,4.5,2.73,46.3,2,10,31,148,0,4.8,59,264,4.47,3,3,0,0,6,272,4,7,2,13,3,14,0,0,7,50,0,1,1,31:43,Denver Broncos
12,12,13,2012-12-02,Sun,,TAM,W,31,23,,18,39,46.2,235,2,6.0,5.90,72.1,1,7,21,71,0,3.4,61,306,5.02,3,3,2,2,5,257,12,3,3,18,3,12,0,1,11,80,0,1,1,26:33,Denver Broncos
13,13,14,2012-12-06,Thu,@,OAK,W,26,13,,19,30,63.3,263,2,8.8,8.60,99.7,1,10,16,61,0,3.8,47,324,6.89,0,0,1,1,5,217,11,2,1,14,2,8,0,0,11,94,1,1,2,22:41,Denver Broncos
14,14,15,2012-12-16,Sun,@,BAL,W,34,17,,20,40,50.0,222,2,5.6,5.43,73.1,3,32,19,56,0,2.9,62,278,4.48,1,1,2,2,7,353,8,2,2,12,1,12,0,2,6,61,1,1,2,21:26,Denver Broncos
15,15,16,2012-12-23,Sun,,CLE,W,34,12,,21,36,58.3,142,1,3.9,4.50,76.4,6,41,18,91,0,5.1,60,233,3.88,2,2,0,0,4,169,13,5,2,20,3,12,1,3,10,69,1,0,1,26:20,Denver Broncos
16,16,17,2012-12-30,Sun,,KAN,W,38,3,,7,16,43.8,26,0,1.6,1.63,51.0,4,23,28,93,0,3.3,48,119,2.48,2,1,0,0,8,373,2,6,0,8,4,14,0,0,5,32,0,0,0,22:30,Denver Broncos
1,1,1,2012-09-09,Sun,,STL,W,27,23,,17,25,68.0,173,1,6.9,7.72,100.9,4,25,26,77,0,3.0,55,250,4.55,3,3,2,2,5,241,10,4,0,14,4,12,0,0,7,65,0,0,0,30:06,Detroit Lions
2,2,2,2012-09-16,Sun,@,SFO,L,19,27,,20,31,64.5,201,2,6.5,7.77,104.4,3,25,27,148,1,5.5,61,349,5.72,2,2,3,3,3,109,13,8,3,24,4,11,0,0,5,62,1,0,1,29:34,Detroit Lions
3,3,3,2012-09-23,Sun,@,TEN,L,41,44,OT,29,42,69.0,378,2,9.0,9.95,113.0,0,0,19,59,0,3.1,61,437,7.16,5,3,5,5,1,41,13,4,4,21,5,12,0,0,6,32,2,0,2,27:49,Detroit Lions
4,4,4,2012-09-30,Sun,,MIN,L,13,20,,16,26,61.5,100,0,3.8,3.85,69.4,2,11,28,127,0,4.5,56,227,4.05,3,2,2,2,6,259,4,9,2,15,3,12,0,0,5,87,0,0,0,29:18,Detroit Lions
5,5,6,2012-10-14,Sun,@,PHI,W,26,23,OT,28,46,60.9,286,2,6.2,5.13,75.1,3,25,29,71,0,2.4,78,357,4.58,3,3,2,2,5,283,15,5,4,24,8,17,0,0,9,60,1,2,3,33:19,Detroit Lions
6,6,7,2012-10-22,Mon,@,CHI,L,7,13,,17,32,53.1,125,1,3.9,4.53,73.0,5,25,32,171,0,5.3,69,296,4.29,3,2,1,1,8,324,9,7,3,19,6,17,0,0,9,49,0,0,0,34:35,Detroit Lions
7,7,8,2012-10-28,Sun,,SEA,W,28,24,,25,35,71.4,236,2,6.7,6.60,96.8,0,0,19,133,1,7.0,54,369,6.83,2,1,3,3,3,145,12,6,3,21,3,9,1,1,2,10,1,1,2,25:17,Detroit Lions
8,8,9,2012-11-04,Sun,@,JAX,W,31,14,,27,38,71.1,215,2,5.7,4.34,80.5,1,5,20,64,0,3.2,59,279,4.73,0,0,0,0,4,202,11,6,2,19,6,11,1,1,3,40,0,2,2,24:30,Detroit Lions
9,9,10,2012-11-11,Sun,@,MIN,L,24,34,,24,32,75.0,207,2,6.5,7.72,112.4,2,14,34,196,1,5.8,68,403,5.93,4,4,2,2,5,243,9,8,1,18,4,15,0,0,7,47,0,0,0,34:24,Detroit Lions
10,10,11,2012-11-18,Sun,,GNB,L,20,24,,19,27,70.4,219,2,8.1,7.93,103.8,3,17,29,95,0,3.3,59,314,5.32,3,1,3,3,4,176,10,5,1,16,6,13,0,1,9,80,0,1,1,30:18,Detroit Lions
11,11,12,2012-11-22,Thu,,HOU,L,31,34,OT,29,48,60.4,296,1,6.2,5.65,76.4,2,19,28,205,3,7.3,78,501,6.42,3,2,4,4,6,286,15,10,1,26,6,15,1,1,8,66,0,1,1,35:38,Detroit Lions
12,12,13,2012-12-02,Sun,,IND,L,33,35,,24,54,44.4,372,4,6.9,5.87,69.4,2,19,18,87,1,4.8,74,459,6.20,0,0,5,5,8,400,13,7,3,23,4,15,2,2,4,36,0,3,3,22:22,Detroit Lions
13,13,14,2012-12-09,Sun,@,GNB,L,20,27,,14,24,58.3,148,0,6.2,6.17,76.4,3,25,25,140,2,5.6,52,288,5.54,3,2,3,3,3,133,6,8,1,15,5,11,0,0,7,50,1,0,1,22:46,Detroit Lions
14,14,15,2012-12-16,Sun,@,ARI,L,10,38,,14,21,66.7,97,0,4.6,2.48,57.0,1,7,29,99,3,3.4,51,196,3.84,1,1,5,5,9,398,4,6,2,12,2,12,0,0,6,50,0,1,1,28:46,Detroit Lions
15,15,16,2012-12-22,Sat,,ATL,L,18,31,,25,32,78.1,271,4,8.5,10.97,141.5,1,8,22,73,0,3.3,55,344,6.25,1,1,4,4,4,167,15,4,0,19,6,11,0,0,3,20,0,0,0,28:52,Detroit Lions
16,16,17,2012-12-30,Sun,,CHI,L,24,26,,18,31,58.1,245,1,7.9,8.55,94.2,2,12,35,144,1,4.1,68,389,5.72,5,4,2,2,5,219,8,10,1,19,4,15,0,0,3,35,0,0,0,34:09,Detroit Lions
1,1,1,2012-09-09,Sun,,SFO,L,22,30,,20,26,76.9,191,2,7.3,8.88,122.4,4,20,32,186,1,5.8,62,377,6.08,3,3,3,3,5,256,13,6,3,22,2,9,0,0,8,66,0,0,0,33:00,Green Bay Packers
2,2,2,2012-09-13,Thu,,CHI,W,23,10,,11,27,40.7,74,1,2.7,-3.19,21.3,7,52,23,94,0,4.1,57,168,2.95,1,1,1,1,6,281,7,3,1,11,5,15,1,2,8,65,0,4,4,27:49,Green Bay Packers
3,3,3,2012-09-24,Mon,@,SEA,L,12,14,,10,21,47.6,111,2,5.3,7.19,95.5,1,19,29,127,0,4.4,51,238,4.67,0,0,2,2,6,309,4,6,4,14,2,11,2,3,14,118,0,0,0,26:21,Green Bay Packers
4,4,4,2012-09-30,Sun,,NOR,W,28,27,,35,54,64.8,429,3,7.9,9.06,107.7,2,17,19,45,0,2.4,75,474,6.32,3,2,3,3,3,108,23,1,1,25,9,17,1,1,10,72,0,0,0,30:28,Green Bay Packers
5,5,5,2012-10-07,Sun,@,IND,L,27,30,,31,55,56.4,345,2,6.3,6.18,79.7,4,17,30,119,1,4.0,89,464,5.21,4,3,1,1,5,223,16,8,4,28,8,20,0,1,9,100,0,1,1,35:16,Green Bay Packers
6,6,6,2012-10-14,Sun,@,HOU,W,42,24,,22,38,57.9,231,0,6.1,2.53,42.8,3,24,28,90,2,3.2,69,321,4.65,1,1,3,3,4,206,16,6,1,23,5,12,0,0,7,69,0,3,3,32:01,Green Bay Packers
7,7,7,2012-10-21,Sun,@,STL,W,30,20,,21,34,61.8,246,1,7.2,6.50,81.2,3,9,22,108,1,4.9,59,354,6.00,2,2,2,2,2,99,11,7,1,19,4,11,1,3,6,30,0,1,1,27:02,Green Bay Packers
8,8,8,2012-10-28,Sun,,JAX,W,24,15,,27,49,55.1,279,1,5.7,6.10,78.5,2,24,20,62,0,3.1,71,341,4.80,3,3,0,0,6,203,14,1,3,18,5,16,0,2,7,77,1,0,1,30:48,Green Bay Packers
9,9,9,2012-11-04,Sun,,ARI,W,31,17,,23,46,50.0,286,1,6.2,5.67,67.8,2,20,18,54,1,3.0,66,340,5.15,1,1,2,2,8,344,13,3,0,16,4,15,1,2,8,57,1,1,2,26:30,Green Bay Packers
10,10,11,2012-11-18,Sun,@,DET,W,24,20,,17,39,43.6,252,1,6.5,4.67,52.5,5,14,24,110,1,4.6,68,362,5.32,2,2,2,2,3,118,9,6,4,19,6,15,0,1,7,50,2,2,4,29:42,Green Bay Packers
11,11,12,2012-11-25,Sun,@,NYG,L,10,38,,16,30,53.3,243,3,8.1,10.10,113.6,1,6,31,147,2,4.7,62,390,6.29,1,1,5,5,3,135,13,7,3,23,6,12,1,2,4,24,0,0,0,31:13,Green Bay Packers
12,12,13,2012-12-02,Sun,,MIN,W,23,14,,12,25,48.0,119,1,4.8,1.96,41.9,0,0,28,240,1,8.6,53,359,6.77,1,0,2,2,5,235,9,6,1,16,6,12,0,0,5,48,0,2,2,21:30,Green Bay Packers
13,13,14,2012-12-09,Sun,,DET,W,27,20,,27,45,60.0,251,1,5.6,5.02,73.5,1,13,32,135,1,4.2,78,386,4.95,3,2,2,2,2,70,17,7,3,27,11,17,1,2,5,55,1,1,2,37:14,Green Bay Packers
14,14,15,2012-12-16,Sun,@,CHI,W,21,13,,12,21,57.1,107,1,5.1,3.90,67.0,4,28,23,83,0,3.6,48,190,3.96,2,2,1,1,6,239,6,3,3,12,0,9,0,1,10,91,0,1,1,26:37,Green Bay Packers
15,15,16,2012-12-23,Sun,,TEN,W,55,7,,13,30,43.3,101,1,3.4,1.03,35.6,7,39,22,79,0,3.6,59,180,3.05,0,0,1,1,8,376,7,3,0,10,4,15,0,2,5,35,0,2,2,25:36,Green Bay Packers
16,16,17,2012-12-30,Sun,@,MIN,L,34,37,,16,28,57.1,227,3,8.1,10.25,119.2,1,7,37,217,1,5.9,66,444,6.73,3,3,4,4,3,148,13,10,2,25,6,12,1,1,10,98,0,0,0,31:55,Green Bay Packers
1,1,1,2012-09-09,Sun,@,CHI,L,21,41,,21,35,60.0,314,2,9.0,8.83,96.6,2,19,33,114,3,3.5,70,428,6.11,2,2,5,5,5,208,15,8,3,26,4,12,0,0,7,48,0,1,1,35:28,Indianapolis Colts
2,2,2,2012-09-16,Sun,,MIN,W,23,20,,27,35,77.1,232,2,6.6,7.77,113.0,4,13,26,95,0,3.7,65,327,5.03,2,2,2,2,4,192,14,4,1,19,7,15,1,1,11,105,1,0,1,30:22,Indianapolis Colts
3,3,3,2012-09-23,Sun,,JAX,L,17,22,,10,21,47.6,148,1,7.0,8.00,87.0,1,7,32,185,1,5.8,54,333,6.17,3,3,1,1,6,321,3,10,2,15,4,13,0,0,6,67,0,0,0,27:36,Indianapolis Colts
4,4,5,2012-10-07,Sun,,GNB,W,30,27,,20,32,62.5,207,3,6.5,6.94,99.3,5,28,24,149,1,6.2,61,356,5.84,2,0,3,3,7,316,11,6,4,21,4,13,0,0,9,89,0,1,1,24:44,Indianapolis Colts
5,5,6,2012-10-14,Sun,@,NYJ,L,9,35,,12,19,63.2,99,2,5.2,7.32,111.5,1,6,44,252,3,5.7,64,351,5.48,0,0,5,5,5,260,8,14,0,22,6,12,1,1,8,110,0,0,0,33:40,Indianapolis Colts
6,6,7,2012-10-21,Sun,,CLE,W,17,13,,25,41,61.0,264,2,6.4,7.41,96.0,0,0,17,55,0,3.2,58,319,5.50,0,0,1,1,5,207,14,3,2,19,6,13,0,1,9,75,0,0,0,24:39,Indianapolis Colts
7,7,8,2012-10-28,Sun,@,TEN,W,19,13,OT,22,29,75.9,227,1,7.8,8.52,109.4,2,9,25,112,0,4.5,56,339,6.05,3,2,1,1,3,130,11,7,2,20,5,11,0,0,8,65,0,0,0,30:53,Indianapolis Colts
8,8,9,2012-11-04,Sun,,MIA,W,23,20,,22,38,57.9,281,1,7.4,7.92,89.9,2,9,18,84,1,4.7,58,365,6.29,2,2,2,2,4,213,13,5,2,20,4,11,0,1,8,79,0,0,0,25:06,Indianapolis Colts
9,9,10,2012-11-08,Thu,@,JAX,W,27,10,,28,47,59.6,300,1,6.4,4.89,67.7,4,30,12,37,0,3.1,63,337,5.35,2,1,1,1,5,236,14,2,4,20,1,10,1,2,10,115,1,2,3,24:14,Indianapolis Colts
10,10,11,2012-11-18,Sun,@,NWE,L,24,59,,24,35,68.6,331,3,9.5,11.17,127.2,0,0,25,115,2,4.6,60,446,7.43,2,1,8,8,2,114,20,5,0,25,8,12,0,0,4,70,0,0,0,27:05,Indianapolis Colts
11,11,12,2012-11-25,Sun,,BUF,W,20,13,,17,33,51.5,169,1,5.1,4.36,63.8,2,11,23,135,0,5.9,58,304,5.24,2,2,1,1,7,314,9,5,2,16,4,13,0,0,4,46,0,1,1,28:22,Indianapolis Colts
12,12,13,2012-12-02,Sun,@,DET,W,35,33,,27,46,58.7,313,2,6.8,6.70,84.8,0,0,29,138,1,4.8,75,451,6.01,4,4,3,3,7,298,15,5,1,21,6,17,0,0,8,61,0,1,1,37:38,Indianapolis Colts
13,13,14,2012-12-09,Sun,,TEN,W,27,23,,22,35,62.9,259,1,7.4,5.40,71.0,1,3,24,97,0,4.0,60,356,5.93,4,3,2,2,3,165,10,4,3,17,4,11,0,0,9,70,0,2,2,28:37,Indianapolis Colts
14,14,15,2012-12-16,Sun,@,HOU,L,17,29,,23,31,74.2,239,1,7.7,8.35,106.8,3,22,32,178,0,5.6,66,417,6.32,6,5,2,2,3,127,13,8,2,23,5,13,0,0,9,69,0,0,0,33:06,Indianapolis Colts
15,15,16,2012-12-23,Sun,@,KAN,W,20,13,,10,22,45.5,155,0,7.0,2.95,31.4,1,7,44,352,1,8.0,67,507,7.57,3,2,1,1,3,138,6,13,3,22,2,10,0,1,9,75,1,2,3,32:20,Indianapolis Colts
16,16,17,2012-12-30,Sun,,HOU,W,28,16,,24,36,66.7,250,0,6.9,4.44,63.4,4,25,20,102,1,5.1,60,352,5.87,4,3,1,1,2,101,14,3,2,19,5,11,0,0,9,64,0,2,2,28:51,Indianapolis Colts
1,1,1,2012-09-09,Sun,@,MIN,L,23,26,OT,20,27,74.1,266,0,9.9,9.85,104.9,2,4,29,123,2,4.2,58,389,6.71,4,4,2,2,5,242,14,6,0,20,2,10,0,0,5,47,1,0,1,27:05,Jacksonville Jaguars
2,2,2,2012-09-16,Sun,,HOU,L,7,27,,26,35,74.3,195,0,5.6,5.57,87.2,0,0,48,216,3,4.5,83,411,4.95,2,2,3,3,6,299,11,16,1,28,8,17,1,1,10,64,0,0,0,43:17,Jacksonville Jaguars
3,3,3,2012-09-23,Sun,@,IND,W,22,17,,22,46,47.8,313,2,6.8,6.70,75.7,0,0,29,124,0,4.3,75,437,5.83,2,1,2,2,6,280,15,6,2,23,10,19,0,0,11,106,0,1,1,32:24,Jacksonville Jaguars
4,4,4,2012-09-30,Sun,,CIN,L,10,27,,20,31,64.5,244,2,7.9,7.71,96.7,0,0,34,138,1,4.1,65,382,5.88,2,2,3,3,3,143,12,6,2,20,2,11,1,1,6,50,1,1,2,31:19,Jacksonville Jaguars
5,5,5,2012-10-07,Sun,,CHI,L,3,41,,23,39,59.0,287,2,7.4,7.23,88.3,1,5,33,214,1,6.5,73,501,6.86,2,2,5,5,3,122,16,9,1,26,10,17,1,1,12,80,0,1,1,36:00,Jacksonville Jaguars
6,6,7,2012-10-21,Sun,@,OAK,L,23,26,OT,26,46,56.5,282,1,6.1,5.59,72.9,2,16,26,69,1,2.7,74,351,4.74,5,4,2,2,6,264,9,8,3,20,6,17,0,0,9,58,2,1,3,32:01,Jacksonville Jaguars
7,7,8,2012-10-28,Sun,@,GNB,L,15,24,,22,36,61.1,172,2,4.8,5.89,91.4,2,14,26,66,0,2.5,64,238,3.72,2,1,3,3,5,225,9,5,6,20,5,13,0,1,5,33,1,0,1,29:12,Jacksonville Jaguars
8,8,9,2012-11-04,Sun,,DET,L,14,31,,22,33,66.7,285,0,8.6,8.64,93.6,1,0,34,149,4,4.4,68,434,6.38,2,1,4,4,2,99,16,8,2,26,8,12,0,0,5,42,0,0,0,35:30,Jacksonville Jaguars
9,9,10,2012-11-08,Thu,,IND,L,10,27,,18,26,69.2,221,0,8.5,6.77,79.2,2,6,37,138,2,3.7,65,359,5.52,2,2,3,3,3,135,10,11,3,24,3,11,1,1,6,40,1,1,2,35:46,Jacksonville Jaguars
10,10,11,2012-11-18,Sun,@,HOU,L,37,43,OT,43,55,78.2,504,5,9.2,9.35,120.0,2,23,35,149,0,4.3,92,653,7.10,5,3,4,4,3,111,26,10,3,39,4,11,0,0,2,20,1,2,3,41:40,Jacksonville Jaguars
11,11,12,2012-11-25,Sun,,TEN,W,24,19,,23,40,57.5,250,1,6.3,4.50,63.5,1,11,29,110,0,3.8,70,360,5.14,5,4,1,1,4,201,15,3,2,20,6,15,0,0,6,42,0,2,2,30:37,Jacksonville Jaguars
12,12,13,2012-12-02,Sun,@,BUF,L,18,34,,9,17,52.9,112,2,6.6,6.29,88.4,0,0,46,232,2,5.0,63,344,5.46,2,2,4,4,4,178,5,14,1,20,5,12,0,1,9,100,1,1,2,35:09,Jacksonville Jaguars
13,13,14,2012-12-09,Sun,,NYJ,L,10,17,,12,19,63.2,104,0,5.5,5.47,77.5,1,7,42,166,2,4.0,62,270,4.35,1,1,2,2,7,326,4,11,2,17,4,13,0,0,1,15,2,0,2,30:31,Jacksonville Jaguars
14,14,15,2012-12-16,Sun,@,MIA,L,3,24,,22,29,75.9,209,2,7.2,8.59,118.3,1,11,36,180,0,5.0,66,389,5.89,3,3,1,1,1,63,13,8,5,26,6,11,0,1,5,41,1,0,1,35:38,Jacksonville Jaguars
15,15,16,2012-12-23,Sun,,NWE,L,16,23,,24,41,58.5,246,2,6.0,4.78,71.8,3,21,27,103,0,3.8,71,349,4.92,3,3,2,2,5,239,15,6,2,23,4,12,0,0,4,39,0,2,2,27:25,Jacksonville Jaguars
16,16,17,2012-12-30,Sun,@,TEN,L,20,38,,9,15,60.0,142,0,9.5,9.47,91.5,2,10,34,79,1,2.3,51,221,4.33,1,1,5,5,5,204,4,6,2,12,6,14,0,2,5,43,0,0,0,27:39,Jacksonville Jaguars
1,1,1,2012-09-09,Sun,,ATL,L,24,40,,23,31,74.2,292,3,9.4,11.35,135.4,1,7,23,84,1,3.7,55,376,6.84,4,4,4,4,1,52,17,4,0,21,5,10,0,0,2,12,0,0,0,28:05,Kansas City Chiefs
2,2,2,2012-09-16,Sun,@,BUF,L,17,35,,10,19,52.6,178,2,9.4,11.47,120.1,0,0,36,201,2,5.6,55,379,6.89,0,0,5,5,7,349,6,9,0,15,5,12,0,0,5,50,0,0,0,29:21,Kansas City Chiefs
3,3,3,2012-09-23,Sun,@,NOR,W,27,24,OT,20,36,55.6,205,3,5.7,6.11,88.3,4,35,19,83,0,4.4,59,288,4.88,2,1,3,3,6,335,12,2,0,14,5,13,0,0,4,45,0,1,1,26:01,Kansas City Chiefs
4,4,4,2012-09-30,Sun,,SDG,L,20,37,,18,23,78.3,189,2,8.2,8.00,111.8,3,20,34,104,1,3.1,60,293,4.88,3,3,4,4,5,269,9,7,3,19,3,12,0,0,7,75,0,1,1,33:52,Kansas City Chiefs
5,5,5,2012-10-07,Sun,,BAL,L,6,9,,13,27,48.1,165,0,6.1,4.44,52.2,4,22,24,133,0,5.5,55,298,5.42,3,3,0,0,5,232,8,6,1,15,3,11,0,0,5,33,1,1,2,25:50,Kansas City Chiefs
6,6,6,2012-10-14,Sun,@,TAM,L,10,38,,15,26,57.7,318,3,12.2,12.81,123.6,1,10,24,145,1,6.0,51,463,9.08,2,1,5,5,3,106,11,6,2,19,4,9,0,0,6,33,1,1,2,26:49,Kansas City Chiefs
7,7,8,2012-10-28,Sun,,OAK,L,16,26,,14,28,50.0,209,2,7.5,7.29,83.8,0,0,34,135,0,4.0,62,344,5.55,4,4,2,2,6,256,8,6,1,15,2,12,0,0,2,20,0,1,1,28:58,Kansas City Chiefs
8,8,9,2012-11-01,Thu,@,SDG,L,13,31,,18,20,90.0,216,2,10.8,10.55,124.2,1,4,26,123,0,4.7,47,339,7.21,1,1,4,4,2,69,9,8,1,18,4,9,0,0,8,54,1,1,2,28:29,Kansas City Chiefs
9,9,10,2012-11-12,Mon,@,PIT,L,13,16,OT,16,32,50.0,154,1,4.8,5.44,74.2,1,3,29,95,0,3.3,62,249,4.02,3,3,1,1,6,256,8,3,3,14,6,16,0,1,2,19,1,0,1,31:37,Kansas City Chiefs
10,10,11,2012-11-18,Sun,,CIN,L,6,28,,18,29,62.1,220,2,7.6,8.97,108.4,2,10,38,189,2,5.0,69,409,5.93,1,0,4,4,6,322,11,9,2,22,4,14,3,3,8,54,0,0,0,35:22,Kansas City Chiefs
11,11,12,2012-11-25,Sun,,DEN,L,9,17,,22,37,59.5,273,2,7.4,7.24,89.1,2,12,24,95,0,4.0,63,368,5.84,3,1,2,2,4,175,16,4,1,21,7,14,0,0,4,35,0,1,1,28:17,Kansas City Chiefs
12,12,13,2012-12-02,Sun,,CAR,W,27,21,,15,27,55.6,220,3,8.1,10.37,119.4,2,12,22,165,0,7.5,51,385,7.55,0,0,3,3,4,184,11,8,0,19,6,10,0,0,7,45,0,0,0,22:47,Kansas City Chiefs
13,13,14,2012-12-09,Sun,@,CLE,L,7,30,,17,30,56.7,198,0,6.6,6.60,76.8,3,19,35,154,2,4.4,68,352,5.18,3,3,3,3,5,204,10,9,1,20,5,15,0,0,7,55,0,0,0,33:29,Kansas City Chiefs
14,14,15,2012-12-16,Sun,@,OAK,L,0,15,,18,30,60.0,182,0,6.1,6.07,77.4,0,0,45,203,0,4.5,75,385,5.13,6,5,0,0,4,205,9,10,2,21,7,17,0,0,5,62,1,0,1,40:06,Kansas City Chiefs
15,15,16,2012-12-23,Sun,,IND,L,13,20,,17,36,47.2,198,1,5.5,6.06,73.6,3,7,26,90,0,3.5,65,288,4.43,2,2,2,2,7,318,12,3,1,16,6,16,0,0,4,48,0,0,0,27:40,Kansas City Chiefs
16,16,17,2012-12-30,Sun,@,DEN,L,3,38,,25,33,75.8,316,3,9.6,11.39,135.4,0,0,43,172,2,4.0,76,488,6.42,1,1,5,5,3,134,19,12,1,32,7,12,0,0,5,30,1,0,1,37:30,Kansas City Chiefs
1,1,1,2012-09-10,Mon,@,OAK,W,22,14,,32,46,69.6,276,1,6.0,6.43,92.3,3,21,20,45,0,2.3,69,321,4.65,2,2,0,0,3,114,15,3,3,21,5,15,0,2,6,35,1,0,1,29:26,Los Angeles Chargers
2,2,2,2012-09-16,Sun,,TEN,W,38,10,,15,30,50.0,174,1,5.8,4.97,65.1,0,0,10,38,0,3.8,40,212,5.30,1,1,1,1,7,361,7,1,1,9,1,9,0,0,8,59,0,1,1,16:21,Los Angeles Chargers
3,3,3,2012-09-23,Sun,,ATL,L,3,27,,30,40,75.0,265,3,6.6,7.00,106.8,2,10,26,119,1,4.6,68,384,5.65,0,0,3,3,5,223,18,5,2,25,8,13,0,0,2,15,0,1,1,36:14,Los Angeles Chargers
4,4,4,2012-09-30,Sun,@,KAN,W,37,20,,24,42,57.1,234,2,5.6,3.31,59.0,2,17,22,115,1,5.2,66,349,5.29,0,0,2,2,4,205,15,6,4,25,4,10,0,0,9,80,3,3,6,26:08,Los Angeles Chargers
5,5,5,2012-10-07,Sun,@,NOR,L,24,31,,29,45,64.4,351,4,7.8,8.58,108.7,3,19,21,53,0,2.5,69,404,5.86,1,1,4,4,4,207,19,1,1,21,9,16,0,1,10,99,0,1,1,29:26,Los Angeles Chargers
6,6,6,2012-10-15,Mon,,DEN,L,24,35,,24,30,80.0,309,3,10.3,10.80,129.0,0,0,22,56,0,2.5,52,365,7.02,0,0,5,5,5,223,13,3,2,18,2,8,0,0,10,81,2,1,3,26:25,Los Angeles Chargers
7,7,8,2012-10-28,Sun,@,CLE,L,6,7,,11,27,40.7,117,0,4.3,4.33,54.1,2,12,33,133,1,4.0,62,250,4.03,0,0,1,1,9,356,7,6,2,15,4,15,1,1,4,35,0,0,0,29:08,Los Angeles Chargers
8,8,9,2012-11-01,Thu,,KAN,W,31,13,,19,29,65.5,176,0,6.1,4.52,67.6,1,5,30,113,1,3.8,60,289,4.82,3,2,1,1,1,43,10,9,2,21,7,12,0,0,5,37,3,1,4,31:31,Los Angeles Chargers
9,9,10,2012-11-11,Sun,@,TAM,L,24,34,,14,20,70.0,205,2,10.3,12.25,136.5,1,5,22,74,0,3.4,43,279,6.49,2,2,4,4,3,134,10,2,0,12,3,9,1,1,1,5,0,0,0,23:19,Los Angeles Chargers
10,10,11,2012-11-18,Sun,@,DEN,L,23,30,,25,42,59.5,253,3,6.0,6.38,90.7,3,17,25,133,0,5.3,70,386,5.51,4,3,3,3,5,252,13,7,1,21,6,16,0,0,4,30,1,1,2,28:42,Los Angeles Chargers
11,11,12,2012-11-25,Sun,,BAL,L,13,16,OT,30,51,58.8,316,1,6.2,6.59,83.5,5,39,35,127,0,3.6,91,443,4.87,3,3,1,1,8,370,19,5,1,25,12,24,1,2,6,60,0,0,0,39:02,Los Angeles Chargers
12,12,13,2012-12-02,Sun,,CIN,L,13,20,,25,38,65.8,211,1,5.6,3.71,66.9,1,0,32,128,1,4.0,71,339,4.77,2,2,2,2,3,114,9,10,2,21,7,14,0,0,8,55,1,2,3,33:18,Los Angeles Chargers
13,13,14,2012-12-09,Sun,@,PIT,W,34,24,,22,42,52.4,271,3,6.5,6.81,86.5,2,14,17,69,0,4.1,61,340,5.57,1,1,3,3,7,332,14,3,1,18,5,13,0,1,8,52,1,1,2,23:14,Los Angeles Chargers
14,14,15,2012-12-16,Sun,,CAR,L,7,31,,19,33,57.6,217,2,6.6,7.79,97.7,2,14,39,155,2,4.0,74,372,5.03,1,1,4,4,4,158,12,13,4,29,7,14,1,1,6,48,1,0,1,37:32,Los Angeles Chargers
15,15,16,2012-12-23,Sun,@,NYJ,W,27,17,,15,25,60.0,156,0,6.2,4.44,61.4,11,71,23,69,2,3.0,59,225,3.81,1,1,2,2,6,266,11,6,1,18,2,11,0,1,6,40,1,1,2,29:51,Los Angeles Chargers
16,16,17,2012-12-30,Sun,,OAK,W,24,21,,13,28,46.4,150,2,5.4,5.18,72.0,0,0,29,115,1,4.0,57,265,4.65,0,0,3,3,6,277,9,5,3,17,8,15,0,0,9,67,0,1,1,28:18,Los Angeles Chargers
1,1,1,2012-09-09,Sun,@,DET,L,23,27,,32,48,66.7,346,1,7.2,4.81,68.6,1,9,18,83,2,4.6,67,429,6.40,2,2,3,3,3,121,23,5,0,28,4,9,0,0,3,27,0,3,3,29:54,Los Angeles Rams
2,2,2,2012-09-16,Sun,,WAS,W,31,28,,20,29,69.0,197,1,6.8,5.93,85.0,1,9,29,176,2,6.1,59,373,6.32,1,0,4,4,6,240,7,9,2,18,4,13,0,0,11,96,0,1,1,28:36,Los Angeles Rams
3,3,3,2012-09-23,Sun,@,CHI,L,6,23,,17,31,54.8,171,0,5.5,4.06,57.3,2,12,34,103,1,3.0,67,274,4.09,3,3,2,2,4,165,10,8,2,20,4,14,1,1,6,45,0,1,1,33:56,Los Angeles Rams
4,4,4,2012-09-30,Sun,,SEA,W,19,13,,17,25,68.0,140,0,5.6,0.20,42.5,2,20,34,179,1,5.3,61,319,5.23,2,2,1,1,4,196,8,11,0,19,2,9,0,0,5,55,0,3,3,29:52,Los Angeles Rams
5,5,5,2012-10-04,Thu,,ARI,W,17,3,,28,50,56.0,237,0,4.7,4.74,68.5,9,52,17,45,0,2.6,76,282,3.71,2,1,0,0,7,320,13,4,3,20,7,19,0,2,5,35,1,0,1,34:22,Los Angeles Rams
6,6,6,2012-10-14,Sun,@,MIA,L,14,17,,21,29,72.4,156,2,5.4,6.76,107.8,3,29,17,36,0,2.1,49,192,3.92,1,1,2,2,6,323,8,2,2,12,4,12,1,1,5,40,0,0,0,26:37,Los Angeles Rams
7,7,7,2012-10-21,Sun,,GNB,L,20,30,,30,37,81.1,332,3,9.0,10.59,131.1,3,10,26,70,0,2.7,66,402,6.09,4,3,3,3,3,116,18,2,2,22,9,15,0,0,3,30,0,0,0,32:58,Los Angeles Rams
8,8,8,2012-10-28,Sun,,NWE,L,7,45,,24,38,63.2,321,4,8.4,10.55,125.0,0,0,28,152,2,5.4,66,473,7.17,1,1,6,6,2,113,16,9,4,29,7,12,1,1,8,42,0,0,0,28:54,Los Angeles Rams
9,9,10,2012-11-11,Sun,@,SFO,T,24,24,OT,18,25,72.0,158,1,6.3,7.12,101.7,5,31,34,183,2,5.4,64,341,5.33,2,1,3,3,6,251,11,14,0,25,2,11,2,2,7,66,0,0,0,34:15,Los Angeles Rams
10,10,11,2012-11-18,Sun,,NYJ,L,13,27,,16,21,76.2,165,1,7.9,8.81,114.2,3,12,41,124,2,3.0,65,289,4.45,4,2,3,3,3,127,9,8,0,17,7,15,0,1,3,20,0,0,0,33:03,Los Angeles Rams
11,11,12,2012-11-25,Sun,@,ARI,W,31,17,,31,52,59.6,301,0,5.8,2.33,43.8,2,11,23,74,2,3.2,77,375,4.87,1,1,2,2,6,289,16,6,2,24,4,13,0,2,7,56,0,4,4,31:51,Los Angeles Rams
12,12,13,2012-12-02,Sun,,SFO,W,16,13,OT,21,32,65.6,191,0,6.0,5.97,81.6,3,17,36,148,1,4.1,71,339,4.77,3,2,1,1,6,306,11,6,1,18,8,19,0,1,11,97,1,0,1,38:54,Los Angeles Rams
13,13,14,2012-12-09,Sun,@,BUF,W,15,12,,25,33,75.8,220,1,6.7,5.91,90.5,5,27,20,61,0,3.1,58,281,4.84,2,2,0,0,7,274,13,3,1,17,3,12,0,0,2,15,1,1,2,30:36,Los Angeles Rams
14,14,15,2012-12-16,Sun,,MIN,L,22,36,,17,24,70.8,109,0,4.5,4.54,80.0,2,22,33,213,2,6.5,59,322,5.46,5,5,3,3,4,182,9,8,1,18,2,11,1,1,3,49,0,0,0,30:27,Los Angeles Rams
15,15,16,2012-12-23,Sun,@,TAM,W,28,13,,30,54,55.6,349,1,6.5,3.50,50.6,5,23,22,80,0,3.6,81,429,5.30,2,2,1,1,1,25,17,4,2,23,8,17,0,4,1,5,1,4,5,35:59,Los Angeles Rams
16,16,17,2012-12-30,Sun,@,SEA,L,13,20,,15,19,78.9,209,1,11.0,12.05,130.0,6,41,30,153,1,5.1,55,362,6.58,2,2,2,2,5,183,8,8,1,17,5,12,0,0,10,80,0,0,0,32:49,Los Angeles Rams
1,1,1,2012-09-10,Mon,,SDG,L,14,22,,24,33,72.7,226,1,6.8,7.45,101.3,1,5,20,32,0,1.6,54,258,4.78,5,5,1,1,3,163,11,1,3,15,5,13,0,0,9,78,0,0,0,30:34,Las Vegas Raiders
2,2,2,2012-09-16,Sun,@,MIA,L,13,35,,18,30,60.0,189,1,6.3,6.97,89.4,1,11,43,263,4,6.1,74,452,6.11,0,0,5,5,7,348,11,12,1,24,9,17,1,1,3,21,0,0,0,34:41,Las Vegas Raiders
3,3,3,2012-09-23,Sun,,PIT,W,34,31,,36,49,73.5,379,4,7.7,9.37,122.7,1,5,20,54,0,2.7,70,433,6.19,1,1,4,4,3,108,18,6,0,24,8,14,2,2,10,81,2,0,2,36:15,Las Vegas Raiders
4,4,4,2012-09-30,Sun,@,DEN,L,6,37,,30,39,76.9,338,3,8.7,10.21,127.9,0,0,38,165,1,4.3,77,503,6.53,3,3,4,4,0,0,14,11,1,26,10,16,1,2,4,30,1,0,1,37:25,Las Vegas Raiders
5,5,6,2012-10-14,Sun,@,ATL,L,20,23,,24,37,64.9,241,1,6.5,3.41,58.5,1,8,15,45,0,3.0,53,286,5.40,4,3,2,2,4,211,11,3,2,16,2,9,0,0,2,25,0,3,3,23:34,Las Vegas Raiders
6,6,7,2012-10-21,Sun,,JAX,W,26,23,OT,17,32,53.1,155,1,4.8,5.47,77.0,3,26,26,54,1,2.1,61,209,3.43,3,3,2,2,9,379,6,3,1,10,1,15,0,1,6,92,1,0,1,30:05,Las Vegas Raiders
7,7,8,2012-10-28,Sun,@,KAN,W,26,16,,22,34,64.7,197,1,5.8,3.74,65.4,3,22,22,102,0,4.6,59,299,5.07,3,3,1,1,5,236,11,5,1,17,4,13,0,0,5,40,2,2,4,31:02,Las Vegas Raiders
8,8,9,2012-11-04,Sun,,TAM,L,32,42,,18,30,60.0,237,2,7.9,9.23,107.2,1,10,32,278,4,8.7,63,515,8.17,2,0,6,6,4,154,10,10,3,23,5,12,0,1,14,116,1,0,1,28:04,Las Vegas Raiders
9,9,10,2012-11-11,Sun,@,BAL,L,20,55,,21,34,61.8,341,3,10.0,10.47,112.5,0,0,28,78,3,2.8,62,419,6.76,2,2,7,7,4,210,15,4,3,22,5,12,1,1,4,41,0,1,1,26:38,Las Vegas Raiders
10,10,11,2012-11-18,Sun,,NOR,L,17,38,,21,28,75.0,229,3,8.2,10.32,134.4,0,0,28,151,1,5.4,56,380,6.79,1,1,5,5,4,172,14,5,0,19,6,11,0,0,11,109,0,0,0,28:36,Las Vegas Raiders
11,11,12,2012-11-25,Sun,@,CIN,L,10,34,,16,30,53.3,194,3,6.5,8.47,106.8,2,16,34,221,1,6.5,66,415,6.29,3,2,4,4,5,204,8,10,0,18,9,17,0,0,3,25,0,0,0,30:46,Las Vegas Raiders
12,12,13,2012-12-02,Sun,,CLE,L,17,20,,25,36,69.4,353,1,9.8,7.86,86.9,1,11,30,122,1,4.1,67,475,7.09,3,2,2,2,2,69,14,8,1,23,3,11,2,2,2,25,0,2,2,32:30,Las Vegas Raiders
13,13,14,2012-12-06,Thu,,DEN,L,13,26,,26,36,72.2,288,1,8.0,7.31,93.3,3,22,39,140,1,3.6,78,428,5.49,4,4,2,2,2,89,15,9,6,30,7,14,0,0,3,25,0,1,1,37:19,Las Vegas Raiders
14,14,15,2012-12-16,Sun,,KAN,W,15,0,,18,32,56.3,109,0,3.4,2.00,50.1,4,27,10,10,0,1.0,46,119,2.59,0,0,0,0,7,383,5,0,2,7,1,12,0,3,7,60,0,1,1,19:54,Las Vegas Raiders
15,15,16,2012-12-23,Sun,@,CAR,L,6,17,,18,29,62.1,159,1,5.5,4.62,73.8,2,11,28,112,1,4.0,59,271,4.59,2,1,2,2,4,195,8,5,3,16,6,15,0,0,10,97,1,1,2,30:55,Las Vegas Raiders
16,16,17,2012-12-30,Sun,@,SDG,L,21,24,,13,17,76.5,140,2,8.2,10.59,139.3,2,11,31,70,0,2.3,50,210,4.20,1,1,3,3,6,250,9,3,2,14,2,11,1,1,8,60,0,0,0,31:42,Las Vegas Raiders
1,1,1,2012-09-09,Sun,@,HOU,L,10,30,,20,31,64.5,254,1,8.2,8.84,100.7,2,12,35,83,2,2.4,68,337,4.96,4,3,3,3,5,218,15,3,1,19,7,17,0,0,4,35,0,0,0,34:44,Miami Dolphins
2,2,2,2012-09-16,Sun,,OAK,W,35,13,,24,48,50.0,373,1,7.8,7.25,74.4,0,0,14,23,0,1.6,62,396,6.39,2,2,1,1,9,422,15,1,2,18,1,12,0,0,5,42,0,1,1,25:19,Miami Dolphins
3,3,3,2012-09-23,Sun,,NYJ,L,20,23,OT,21,45,46.7,295,1,6.6,5.00,57.2,2,11,32,93,0,2.9,79,388,4.91,3,3,2,2,6,274,14,3,4,21,6,17,1,1,9,108,0,2,2,35:23,Miami Dolphins
4,4,4,2012-09-30,Sun,@,ARI,L,21,24,OT,29,48,60.4,269,3,5.6,4.98,79.3,8,55,15,28,0,1.9,71,297,4.18,1,1,3,3,9,435,18,0,1,19,4,16,2,2,6,62,0,2,2,31:31,Miami Dolphins
5,5,5,2012-10-07,Sun,@,CIN,W,17,13,,26,43,60.5,218,1,5.1,3.44,62.0,3,16,19,80,0,4.2,65,298,4.58,3,2,1,1,6,243,13,4,1,18,2,14,1,1,5,46,1,2,3,31:11,Miami Dolphins
6,6,6,2012-10-14,Sun,,STL,W,17,14,,26,39,66.7,300,0,7.7,7.69,89.7,3,15,27,162,1,6.0,69,462,6.70,5,2,0,0,3,135,15,7,0,22,3,13,2,2,12,94,1,0,1,33:23,Miami Dolphins
7,7,8,2012-10-28,Sun,@,NYJ,W,30,9,,28,54,51.9,258,1,4.8,4.31,63.7,4,25,21,105,0,5.0,79,363,4.59,2,1,0,0,7,274,17,3,2,22,5,17,2,3,5,45,1,1,2,31:13,Miami Dolphins
8,8,9,2012-11-04,Sun,@,IND,L,20,23,,30,48,62.5,419,2,8.7,9.56,104.4,1,14,26,97,0,3.7,75,516,6.88,5,3,2,2,2,99,22,4,1,27,13,19,0,0,11,91,0,0,0,34:54,Miami Dolphins
9,9,10,2012-11-11,Sun,,TEN,L,3,37,,9,22,40.9,116,2,5.3,7.09,88.4,1,6,37,177,1,4.8,60,293,4.88,3,3,4,4,4,208,7,10,0,17,8,17,1,1,4,39,0,0,0,33:13,Miami Dolphins
10,10,11,2012-11-15,Thu,@,BUF,L,14,19,,17,27,63.0,161,0,6.0,5.96,79.4,3,7,31,120,0,3.9,61,281,4.61,4,4,1,1,7,317,9,4,5,18,2,12,0,0,11,100,0,0,0,35:03,Miami Dolphins
11,11,12,2012-11-25,Sun,,SEA,W,24,21,,21,27,77.8,216,2,8.0,9.48,124.7,2,8,27,96,0,3.6,56,312,5.57,0,0,3,3,7,280,13,3,0,16,7,14,0,0,10,59,0,0,0,31:59,Miami Dolphins
12,12,13,2012-12-02,Sun,,NWE,L,16,23,,24,40,60.0,213,1,5.3,4.70,72.2,4,25,32,108,1,3.4,76,321,4.22,4,3,2,2,3,131,14,7,4,25,7,15,0,0,6,50,0,1,1,33:24,Miami Dolphins
13,13,14,2012-12-09,Sun,@,SFO,L,13,27,,18,23,78.3,166,0,7.2,7.22,96.7,4,19,28,155,3,5.5,55,321,5.84,2,2,3,3,4,193,9,9,2,20,2,10,0,0,6,45,0,0,0,30:32,Miami Dolphins
14,14,15,2012-12-16,Sun,,JAX,W,24,3,,18,34,52.9,213,0,6.3,6.26,72.3,2,8,21,86,0,4.1,57,299,5.25,1,1,0,0,5,237,9,3,1,13,6,15,0,3,10,88,0,0,0,24:22,Miami Dolphins
15,15,16,2012-12-23,Sun,,BUF,W,24,10,,20,35,57.1,227,1,6.5,5.77,74.3,2,13,28,154,0,5.5,65,381,5.86,1,1,1,1,4,171,10,6,1,17,6,14,1,1,11,93,3,1,4,29:43,Miami Dolphins
16,16,17,2012-12-30,Sun,@,NWE,L,0,28,,22,36,61.1,276,2,7.7,8.78,103.5,1,8,38,167,2,4.4,75,443,5.91,0,0,4,4,5,178,15,12,1,28,8,16,2,3,6,48,0,0,0,35:38,Miami Dolphins
1,1,1,2012-09-09,Sun,,JAX,W,26,23,OT,23,39,59.0,242,2,6.2,7.23,94.2,2,18,34,113,0,3.3,75,355,4.73,3,3,1,0,4,214,12,7,3,22,9,18,1,2,4,25,1,0,1,37:49,Minnesota Vikings
2,2,2,2012-09-16,Sun,@,IND,L,20,23,,20,31,64.5,194,2,6.3,7.55,103.4,2,30,30,84,0,2.8,63,278,4.41,3,3,2,2,5,268,10,5,2,17,7,16,0,0,7,51,0,0,0,29:38,Minnesota Vikings
3,3,3,2012-09-23,Sun,,SFO,W,24,13,,24,35,68.6,191,1,5.5,4.74,79.6,3,13,20,89,0,4.5,58,280,4.83,3,2,1,1,3,146,14,5,0,19,4,10,0,0,6,60,2,1,3,26:32,Minnesota Vikings
4,4,4,2012-09-30,Sun,@,DET,W,20,13,,30,51,58.8,286,0,5.6,5.61,74.5,5,33,20,55,1,2.8,76,341,4.49,2,2,1,1,5,198,17,2,4,23,6,16,1,3,5,72,1,0,1,30:42,Minnesota Vikings
5,5,5,2012-10-07,Sun,,TEN,W,30,7,,29,48,60.4,215,1,4.5,3.96,69.4,2,19,19,52,0,2.7,69,267,3.87,0,0,1,1,6,256,14,3,1,18,8,17,1,2,10,75,1,1,2,26:54,Minnesota Vikings
6,6,6,2012-10-14,Sun,@,WAS,L,26,38,,17,22,77.3,178,1,8.1,6.95,96.4,1,4,32,183,3,5.7,55,361,6.56,1,1,5,5,3,115,10,7,3,20,6,12,1,1,7,66,0,1,1,28:28,Minnesota Vikings
7,7,7,2012-10-21,Sun,,ARI,W,21,14,,25,36,69.4,230,1,6.4,5.69,84.3,7,32,26,126,1,4.8,69,356,5.16,1,0,2,2,6,234,15,5,1,21,5,14,0,2,9,82,1,1,2,35:05,Minnesota Vikings
8,8,8,2012-10-25,Thu,,TAM,L,17,36,,19,36,52.8,257,3,7.1,8.81,103.6,1,5,41,159,1,3.9,78,416,5.33,3,3,3,3,6,281,14,8,1,23,8,17,0,0,4,49,0,0,0,37:45,Minnesota Vikings
9,9,9,2012-11-04,Sun,@,SEA,L,20,30,,17,25,68.0,190,3,7.6,10.00,130.0,1,8,45,195,1,4.3,71,385,5.42,1,1,4,3,4,195,12,13,3,28,4,12,3,3,4,49,0,0,0,36:00,Minnesota Vikings
10,10,10,2012-11-11,Sun,,DET,W,34,24,,28,42,66.7,308,3,7.3,7.69,102.1,2,21,17,60,0,3.5,61,368,6.03,1,1,3,3,6,228,19,2,2,23,1,9,0,0,6,57,1,1,2,25:36,Minnesota Vikings
11,11,12,2012-11-25,Sun,@,CHI,L,10,28,,23,31,74.2,183,1,5.9,5.10,85.8,1,5,39,113,2,2.9,71,296,4.17,3,2,2,2,4,173,13,7,3,23,11,19,1,1,5,55,1,1,2,37:30,Minnesota Vikings
12,12,13,2012-12-02,Sun,@,GNB,L,14,23,,27,35,77.1,283,1,8.1,7.37,97.7,2,3,36,152,1,4.2,73,435,5.96,4,3,2,2,4,166,14,6,2,22,9,16,0,0,10,78,0,1,1,38:30,Minnesota Vikings
13,13,14,2012-12-09,Sun,,CHI,W,21,14,,28,53,52.8,320,2,6.0,5.09,68.1,2,4,18,118,0,6.6,73,438,6.00,0,0,2,2,6,225,16,4,2,22,7,17,1,2,10,80,0,2,2,31:42,Minnesota Vikings
14,14,15,2012-12-16,Sun,@,STL,W,36,22,,35,55,63.6,345,3,6.3,6.55,91.9,4,32,18,87,0,4.8,77,432,5.61,1,0,2,2,4,164,23,4,2,29,3,13,1,3,8,47,1,1,2,29:33,Minnesota Vikings
15,15,16,2012-12-23,Sun,@,HOU,W,23,6,,18,33,54.5,153,0,4.6,4.64,66.9,4,25,16,34,0,2.1,53,187,3.53,2,2,0,0,7,353,8,1,2,11,1,11,0,0,9,60,2,0,2,25:14,Minnesota Vikings
16,16,17,2012-12-30,Sun,,GNB,W,37,34,,28,40,70.0,333,4,8.3,10.33,128.4,5,32,16,72,0,4.5,61,405,6.64,2,2,4,4,3,128,18,3,3,24,6,13,1,1,7,43,1,0,1,28:05,Minnesota Vikings
1,1,1,2012-09-09,Sun,@,TEN,W,34,13,,29,43,67.4,264,1,6.1,5.56,81.9,2,8,16,20,0,1.3,61,284,4.66,2,2,1,1,4,209,13,1,2,16,5,14,1,2,3,30,1,1,2,28:59,New England Patriots
2,2,2,2012-09-16,Sun,,ARI,L,18,20,,15,27,55.6,140,1,5.2,5.93,82.3,2,0,32,102,1,3.2,61,242,3.97,2,2,2,2,6,280,7,8,1,16,4,14,0,0,5,39,2,0,2,28:19,New England Patriots
3,3,3,2012-09-23,Sun,@,BAL,L,30,31,,28,39,71.8,382,3,9.8,10.18,117.7,0,0,26,121,1,4.7,65,503,7.74,1,1,4,4,3,136,17,6,5,28,4,8,0,1,14,135,0,1,1,28:57,New England Patriots
4,4,4,2012-09-30,Sun,@,BUF,W,52,28,,22,39,56.4,340,4,8.7,6.15,80.0,3,10,27,98,0,3.6,69,438,6.35,0,0,4,4,5,209,15,4,0,19,8,15,0,0,3,17,2,4,6,29:13,New England Patriots
5,5,5,2012-10-07,Sun,,DEN,W,31,21,,31,44,70.5,324,3,7.4,8.73,114.2,2,13,20,70,0,3.5,66,394,5.97,0,0,3,3,3,137,16,5,1,22,7,13,1,2,4,21,3,0,3,24:11,New England Patriots
6,6,6,2012-10-14,Sun,@,SEA,L,23,24,,16,27,59.3,283,3,10.5,12.70,132.2,2,10,26,85,0,3.3,55,368,6.69,1,1,3,3,4,240,11,4,2,17,4,12,1,2,4,35,2,0,2,26:00,New England Patriots
7,7,7,2012-10-21,Sun,,NYJ,W,29,26,OT,28,41,68.3,297,1,7.2,6.63,87.1,4,31,33,106,1,3.2,78,403,5.17,4,4,2,2,3,170,16,7,3,26,8,15,0,0,8,60,1,1,2,35:49,New England Patriots
8,8,8,2012-10-28,Sun,@,STL,W,45,7,,23,32,71.9,219,1,6.8,4.66,74.9,2,25,23,107,0,4.7,57,326,5.72,0,0,1,1,4,195,9,7,1,17,3,10,1,3,12,102,0,2,2,31:06,New England Patriots
9,9,10,2012-11-11,Sun,,BUF,W,37,31,,27,40,67.5,319,2,8.0,7.85,97.8,3,18,28,162,2,5.8,71,481,6.77,1,1,4,4,2,100,20,11,4,35,7,11,1,1,14,148,2,1,3,33:50,New England Patriots
10,10,11,2012-11-18,Sun,,IND,W,59,24,,27,50,54.0,329,2,6.6,4.68,62.8,1,5,24,119,1,5.0,75,448,5.97,2,1,3,3,3,139,16,9,3,28,8,14,0,0,1,5,1,3,4,32:55,New England Patriots
11,11,12,2012-11-22,Thu,@,NYJ,W,49,19,,26,36,72.2,286,1,7.9,7.25,93.1,2,15,29,119,1,4.1,67,405,6.04,1,1,2,2,4,198,15,6,4,25,3,10,1,3,5,35,4,1,5,30:26,New England Patriots
12,12,13,2012-12-02,Sun,@,MIA,W,23,16,,13,29,44.8,176,0,6.1,6.07,64.7,3,10,27,101,1,3.7,59,277,4.69,3,3,1,1,5,259,7,7,1,15,3,13,1,2,7,77,1,0,1,26:36,New England Patriots
13,13,14,2012-12-10,Mon,,HOU,W,42,14,,21,36,58.3,223,0,6.2,4.94,64.9,2,24,27,100,2,3.7,65,323,4.97,0,0,2,2,7,345,10,7,2,19,4,14,0,2,7,70,0,1,1,29:11,New England Patriots
14,14,15,2012-12-16,Sun,,SFO,L,34,41,,14,25,56.0,208,4,8.3,9.72,106.3,1,13,39,180,0,4.6,65,388,5.97,3,2,5,5,5,283,11,7,1,19,5,14,1,2,6,88,1,1,2,30:13,New England Patriots
15,15,16,2012-12-23,Sun,@,JAX,W,23,16,,29,51,56.9,343,1,6.7,4.47,59.5,1,5,23,93,0,4.0,75,436,5.81,4,3,1,1,4,225,13,7,2,22,4,15,1,2,5,47,0,3,3,32:35,New England Patriots
16,16,17,2012-12-30,Sun,,MIA,W,28,0,,20,35,57.1,209,0,6.0,4.69,62.7,7,26,15,47,0,3.1,57,256,4.49,1,0,0,0,5,247,11,4,1,16,5,13,0,1,3,23,1,1,2,24:22,New England Patriots
1,1,1,2012-09-09,Sun,,WAS,L,32,40,,19,26,73.1,306,2,11.8,13.31,137.7,2,14,43,153,2,3.6,71,459,6.46,4,4,4,4,4,139,13,7,2,22,4,15,1,1,12,127,0,0,0,39:10,New Orleans Saints
2,2,2,2012-09-16,Sun,@,CAR,L,27,35,,14,20,70.0,244,1,12.2,13.20,127.9,1,9,41,219,3,5.3,62,463,7.47,0,0,5,5,5,229,10,12,1,23,6,12,0,1,4,34,1,0,1,29:36,New Orleans Saints
3,3,3,2012-09-23,Sun,,KAN,L,24,27,OT,26,44,59.1,237,0,5.4,4.36,64.3,3,11,45,273,1,6.1,92,510,5.54,6,6,1,1,5,208,16,10,1,27,7,18,2,2,6,40,2,1,3,42:32,New Orleans Saints
4,4,4,2012-09-30,Sun,@,GNB,L,27,28,,31,41,75.6,319,4,7.8,8.63,119.9,0,0,25,102,0,4.1,66,421,6.38,0,0,4,4,2,82,21,5,4,30,4,8,1,1,7,43,1,1,2,29:32,New Orleans Saints
5,5,5,2012-10-07,Sun,,SDG,W,31,24,,27,42,64.3,310,2,7.4,7.26,92.4,5,44,18,117,1,6.5,65,427,6.57,2,1,3,3,4,182,18,6,3,27,4,12,0,0,7,56,1,1,2,30:34,New Orleans Saints
6,6,7,2012-10-21,Sun,@,TAM,W,35,28,,24,42,57.1,411,3,9.8,11.21,114.3,2,9,24,102,1,4.3,68,513,7.54,1,0,4,4,3,126,18,5,3,26,4,12,2,3,7,50,0,0,0,33:45,New Orleans Saints
7,7,8,2012-10-28,Sun,@,DEN,L,14,34,,22,30,73.3,305,3,10.2,12.17,138.9,0,0,41,225,1,5.5,71,530,7.46,2,2,4,4,5,232,16,11,2,29,5,13,0,0,5,34,1,0,1,35:14,New Orleans Saints
8,8,9,2012-11-05,Mon,,PHI,W,28,13,,22,41,53.7,226,1,5.5,4.90,67.7,7,46,29,221,0,7.6,77,447,5.81,2,2,1,1,4,178,13,10,1,24,6,16,1,2,7,58,1,1,2,33:30,New Orleans Saints
9,9,10,2012-11-11,Sun,,ATL,W,31,27,,34,52,65.4,408,3,7.8,8.13,100.5,1,3,18,46,0,2.6,71,454,6.39,2,2,3,3,3,140,20,3,2,25,8,16,0,2,6,53,0,1,1,32:35,New Orleans Saints
10,10,11,2012-11-18,Sun,@,OAK,W,38,17,,22,40,55.0,284,2,7.1,5.85,73.3,3,28,26,120,0,4.6,69,404,5.86,1,1,2,2,3,135,15,7,2,24,4,12,1,3,4,40,0,2,2,31:24,New Orleans Saints
11,11,12,2012-11-25,Sun,,SFO,L,21,31,,16,25,64.0,231,1,9.2,8.24,90.6,0,0,31,144,1,4.6,56,375,6.70,3,1,4,4,4,187,10,7,1,18,6,13,0,0,10,68,1,1,2,30:06,New Orleans Saints
12,12,13,2012-11-29,Thu,@,ATL,L,13,23,,18,33,54.5,159,1,4.8,5.42,77.7,1,6,23,124,1,5.4,57,283,4.96,3,3,2,2,6,319,7,8,0,15,1,11,0,0,5,25,1,0,1,26:16,New Orleans Saints
13,13,14,2012-12-09,Sun,@,NYG,L,27,52,,22,35,62.9,259,4,7.4,7.11,99.6,0,0,27,135,2,5.0,62,394,6.35,2,1,7,7,3,116,14,7,3,24,5,11,0,0,6,55,0,2,2,29:42,New Orleans Saints
14,14,15,2012-12-16,Sun,,TAM,W,41,0,,30,54,55.6,319,0,5.9,2.57,42.1,2,11,16,67,0,4.2,72,386,5.36,0,0,0,0,4,195,16,4,0,20,4,13,1,3,7,84,1,4,5,28:54,New Orleans Saints
15,15,16,2012-12-23,Sun,@,DAL,W,34,31,OT,26,43,60.5,406,4,9.4,11.30,122.8,2,10,11,40,0,3.6,56,446,7.96,1,1,4,4,6,307,16,2,0,18,2,10,1,1,5,32,1,0,1,22:28,New Orleans Saints
16,16,17,2012-12-30,Sun,,CAR,L,38,44,,17,34,50.0,257,0,7.6,6.24,63.0,1,3,39,273,5,7.0,74,530,7.16,4,3,5,5,2,101,13,12,3,28,10,16,0,0,4,36,0,1,1,33:55,New Orleans Saints
1,1,1,2012-09-05,Wed,,DAL,L,17,24,,22,29,75.9,290,3,10.0,10.52,127.1,2,17,26,143,0,5.5,57,433,7.60,1,1,3,3,2,108,12,5,1,18,4,10,0,1,13,86,0,1,1,34:07,New York Giants
2,2,2,2012-09-16,Sun,,TAM,W,41,34,,15,28,53.6,228,2,8.1,6.36,74.7,2,15,22,79,1,3.6,52,307,5.90,2,2,4,4,6,252,10,4,0,14,2,10,0,0,5,33,0,2,2,26:31,New York Giants
3,3,3,2012-09-20,Thu,@,CAR,W,36,7,,19,33,57.6,267,0,8.1,4.00,45.9,2,21,20,60,1,3.0,55,327,5.95,0,0,1,1,3,125,14,4,4,22,4,9,0,1,3,22,2,3,5,23:50,New York Giants
4,4,4,2012-09-30,Sun,@,PHI,L,17,19,,19,30,63.3,231,1,7.7,8.37,98.1,2,10,36,191,0,5.3,68,422,6.21,4,4,1,1,4,182,11,10,1,22,4,12,0,0,5,49,0,0,0,33:21,New York Giants
5,5,5,2012-10-07,Sun,,CLE,W,41,27,,22,35,62.9,291,2,8.3,6.89,84.3,0,0,19,84,1,4.4,54,375,6.94,2,2,3,3,3,144,11,3,1,15,3,12,2,2,10,91,1,2,3,24:36,New York Giants
6,6,6,2012-10-14,Sun,@,SFO,W,26,3,,23,37,62.2,234,0,6.3,2.68,46.5,6,48,17,80,0,4.7,60,314,5.23,3,1,0,0,4,199,10,4,0,14,4,14,0,2,6,35,0,3,3,27:45,New York Giants
7,7,7,2012-10-21,Sun,,WAS,W,27,23,,20,28,71.4,232,2,8.3,8.11,105.1,3,26,38,248,0,6.5,69,480,6.96,3,3,2,2,1,33,12,11,1,24,6,13,3,3,7,55,3,1,4,32:43,New York Giants
8,8,8,2012-10-28,Sun,@,DAL,W,29,24,,36,62,58.1,415,1,6.7,4.11,56.9,4,22,17,19,2,1.1,83,434,5.23,1,1,3,3,4,165,21,4,3,28,7,14,1,2,2,10,2,4,6,32:18,New York Giants
9,9,9,2012-11-04,Sun,,PIT,L,20,24,,21,30,70.0,191,2,6.4,6.20,95.3,4,25,35,158,1,4.5,69,349,5.06,1,1,3,3,4,165,12,9,1,22,6,13,1,2,6,119,1,1,2,35:15,New York Giants
10,10,10,2012-11-11,Sun,@,CIN,L,13,31,,21,30,70.0,199,4,6.6,9.30,127.6,0,0,28,76,0,2.7,58,275,4.74,1,1,4,4,4,193,10,5,0,15,6,13,1,2,5,40,1,0,1,30:15,New York Giants
11,11,12,2012-11-25,Sun,,GNB,W,38,10,,15,27,55.6,201,1,7.4,6.52,76.3,5,29,26,116,0,4.5,58,317,5.47,2,1,1,1,4,154,9,6,1,16,5,12,0,1,8,49,1,1,2,28:47,New York Giants
12,12,13,2012-12-03,Mon,@,WAS,L,16,17,,13,21,61.9,163,1,7.8,8.71,101.9,0,0,31,207,0,6.7,52,370,7.12,1,1,2,2,3,126,7,13,0,20,4,8,0,0,4,56,1,0,1,26:47,New York Giants
13,13,14,2012-12-09,Sun,,NOR,W,52,27,,26,43,60.5,345,1,8.0,6.40,74.3,1,9,24,142,1,5.9,68,487,7.16,2,2,3,3,4,202,15,6,1,22,5,13,0,1,10,81,2,2,4,30:18,New York Giants
14,14,15,2012-12-16,Sun,@,ATL,L,0,34,,23,28,82.1,265,3,9.5,11.61,141.8,1,5,38,129,1,3.4,67,394,5.88,2,2,4,4,2,100,16,6,0,22,9,13,0,0,3,30,0,0,0,38:57,New York Giants
15,15,16,2012-12-23,Sun,@,BAL,L,14,33,,25,36,69.4,309,2,8.6,9.69,114.2,0,0,45,224,1,5.0,81,533,6.58,4,4,3,3,2,117,17,6,2,25,11,18,0,0,9,92,0,0,0,39:21,New York Giants
16,16,17,2012-12-30,Sun,,PHI,W,42,7,,21,37,56.8,207,1,5.6,4.92,70.4,1,4,27,110,0,4.1,65,317,4.88,1,0,1,1,4,161,9,8,1,18,4,14,2,4,6,52,0,1,1,28:27,New York Giants
1,1,1,2012-09-09,Sun,,BUF,W,48,28,,18,32,56.3,195,3,6.1,3.75,66.5,0,0,26,195,1,7.5,58,390,6.72,0,0,4,4,2,81,13,6,1,20,6,9,1,1,6,34,1,3,4,28:42,New York Jets
2,2,2,2012-09-16,Sun,@,PIT,L,10,27,,24,31,77.4,265,2,8.5,9.84,123.7,3,10,28,66,1,2.4,62,331,5.34,2,2,3,3,5,205,13,5,3,21,8,15,0,0,10,107,0,0,0,36:36,New York Jets
3,3,3,2012-09-23,Sun,@,MIA,W,23,20,OT,16,36,44.4,196,0,5.4,4.19,50.2,0,0,43,185,2,4.3,79,381,4.82,4,2,2,2,4,235,9,9,5,23,10,19,0,0,11,65,1,1,2,33:33,New York Jets
4,4,4,2012-09-30,Sun,,SFO,L,0,34,,12,22,54.5,134,0,6.1,6.09,72.9,2,9,44,247,3,5.6,68,381,5.60,4,2,4,4,4,184,7,16,3,26,4,12,1,1,8,67,0,0,0,36:56,New York Jets
5,5,5,2012-10-08,Mon,,HOU,L,17,23,,14,28,50.0,209,1,7.5,6.57,71.9,0,0,35,169,1,4.8,63,378,6.00,3,3,2,2,6,241,10,8,0,18,6,15,0,0,7,50,0,1,1,35:16,New York Jets
6,6,6,2012-10-14,Sun,,IND,W,35,9,,22,44,50.0,257,0,5.8,3.80,49.1,4,23,17,41,0,2.4,65,298,4.58,3,3,0,0,3,131,15,0,6,21,3,11,0,0,3,27,2,2,4,26:20,New York Jets
7,7,7,2012-10-21,Sun,@,NWE,L,26,29,OT,26,42,61.9,250,2,6.0,6.90,94.3,1,9,31,131,0,4.2,74,381,5.15,2,2,3,3,6,269,17,6,3,26,9,17,0,0,6,40,1,0,1,31:43,New York Jets
8,8,8,2012-10-28,Sun,,MIA,L,9,30,,13,24,54.2,139,1,5.8,6.63,85.2,2,10,33,97,1,2.9,59,236,4.00,3,3,3,3,6,320,8,3,3,14,4,13,0,0,4,31,1,0,1,28:47,New York Jets
9,9,10,2012-11-11,Sun,@,SEA,L,7,28,,13,20,65.0,189,3,9.5,12.45,135.2,4,22,43,174,1,4.0,67,363,5.42,0,0,4,4,6,255,11,7,2,20,5,13,1,1,7,45,2,0,2,36:11,New York Jets
10,10,11,2012-11-18,Sun,@,STL,W,27,13,,23,44,52.3,167,2,3.8,3.68,67.1,1,3,20,114,0,5.7,65,281,4.32,0,0,1,1,5,251,10,5,0,15,5,16,3,5,5,30,2,1,3,26:57,New York Jets
11,11,12,2012-11-22,Thu,,NWE,L,19,49,,18,27,66.7,323,3,12.0,14.19,144.5,0,0,39,152,2,3.9,66,475,7.20,1,0,7,7,3,125,11,12,2,25,11,15,0,0,8,37,1,0,1,29:34,New York Jets
12,12,13,2012-12-02,Sun,,ARI,W,7,6,,10,31,32.3,56,0,1.8,0.35,28.0,2,16,21,81,0,3.9,54,137,2.54,2,2,0,0,10,448,2,2,1,5,0,15,1,2,4,30,0,1,1,21:52,New York Jets
13,13,14,2012-12-09,Sun,@,JAX,W,17,10,,21,43,48.8,168,0,3.9,1.81,39.7,3,17,24,123,1,5.1,70,291,4.16,2,1,1,1,8,363,10,5,1,16,2,16,3,3,7,54,0,2,2,29:29,New York Jets
14,14,15,2012-12-17,Mon,@,TEN,L,10,14,,13,22,59.1,127,0,5.8,5.77,75.4,4,22,30,167,2,5.6,56,294,5.25,1,0,2,2,10,391,8,4,0,12,2,13,0,0,14,111,0,0,0,29:44,New York Jets
15,15,16,2012-12-23,Sun,,SDG,L,17,27,,11,22,50.0,136,2,6.2,8.00,99.8,4,29,30,87,0,2.9,56,223,3.98,2,2,3,3,6,252,8,3,4,15,2,12,1,1,5,53,0,0,0,30:09,New York Jets
16,16,17,2012-12-30,Sun,@,BUF,L,9,28,,12,26,46.2,225,1,8.7,9.42,89.4,0,0,31,109,2,3.5,57,334,5.86,2,0,4,4,5,196,9,5,2,16,7,15,1,1,4,24,1,0,1,27:40,New York Jets
1,1,1,2012-09-09,Sun,@,CLE,W,17,16,,12,35,34.3,111,0,3.2,-1.97,4.3,2,7,22,99,0,4.5,59,210,3.56,3,3,1,1,7,308,7,3,2,12,2,13,0,0,3,35,0,4,4,24:02,Philadelphia Eagles
2,2,2,2012-09-16,Sun,,BAL,W,24,23,,22,42,52.4,214,1,5.1,4.50,65.0,2,18,21,111,1,5.3,65,325,5.00,3,3,2,2,5,251,9,5,3,17,4,14,0,2,6,45,1,1,2,25:39,Philadelphia Eagles
3,3,3,2012-09-23,Sun,@,ARI,L,6,27,,17,24,70.8,193,2,8.0,9.71,122.4,3,29,34,99,0,2.9,61,292,4.79,2,2,3,3,6,283,12,3,1,16,6,15,0,1,5,45,0,0,0,34:33,Philadelphia Eagles
4,4,4,2012-09-30,Sun,,NYG,W,19,17,,24,42,57.1,309,2,7.4,7.24,86.3,0,0,19,57,0,3.0,61,366,6.00,2,1,2,2,5,222,14,2,4,20,2,10,1,1,7,55,0,1,1,26:39,Philadelphia Eagles
5,5,5,2012-10-07,Sun,@,PIT,L,14,16,,22,38,57.9,220,0,5.8,5.79,74.5,0,0,30,123,1,4.1,68,343,5.04,3,3,1,1,4,185,14,6,2,22,6,14,0,1,9,106,0,0,0,33:31,Philadelphia Eagles
6,6,6,2012-10-14,Sun,,DET,L,23,26,OT,22,45,48.9,311,1,6.9,6.36,69.8,0,0,28,138,1,4.9,73,449,6.15,4,4,2,2,7,299,15,7,3,25,3,13,0,0,16,132,0,1,1,30:41,Philadelphia Eagles
7,7,8,2012-10-28,Sun,,ATL,L,17,30,,22,29,75.9,246,3,8.5,10.55,135.1,2,16,37,146,0,3.9,68,392,5.76,3,3,3,3,2,52,14,6,4,24,7,13,0,1,6,40,0,0,0,32:55,Philadelphia Eagles
8,8,9,2012-11-05,Mon,@,NOR,L,13,28,,21,27,77.8,231,2,8.6,10.04,127.0,2,8,25,140,1,5.6,54,371,6.87,1,0,4,4,3,149,14,5,1,20,5,9,0,0,4,35,2,0,2,26:30,Philadelphia Eagles
9,9,10,2012-11-11,Sun,,DAL,L,23,38,,19,26,73.1,193,2,7.4,8.96,119.6,3,16,25,101,0,4.0,54,294,5.44,1,1,5,5,7,288,8,5,1,14,5,13,0,0,13,75,0,0,0,27:58,Philadelphia Eagles
10,10,11,2012-11-18,Sun,@,WAS,L,6,31,,14,15,93.3,192,4,12.8,18.13,158.3,2,8,34,169,0,5.0,51,361,7.08,1,1,4,4,5,227,7,7,1,15,5,11,0,1,13,80,0,0,0,28:36,Philadelphia Eagles
11,11,12,2012-11-26,Mon,,CAR,L,22,30,,18,28,64.3,289,2,10.3,11.75,122.5,2,17,35,109,2,3.1,65,398,6.12,1,1,4,3,5,188,12,10,2,24,6,12,0,0,6,101,0,0,0,35:12,Philadelphia Eagles
12,12,13,2012-12-02,Sun,@,DAL,L,33,38,,22,27,81.5,294,3,10.9,13.11,149.1,2,9,33,123,1,3.7,62,417,6.73,1,1,5,5,3,156,14,8,0,22,9,14,1,1,7,60,0,0,0,33:18,Philadelphia Eagles
13,13,14,2012-12-09,Sun,@,TAM,W,23,21,,14,34,41.2,178,2,5.2,6.41,77.8,2,11,32,136,1,4.3,68,314,4.62,0,0,3,3,10,424,10,7,1,18,6,16,0,0,8,64,0,0,0,30:09,Philadelphia Eagles
14,14,15,2012-12-13,Thu,,CIN,L,13,34,,13,27,48.1,92,1,3.4,4.15,68.7,6,35,41,157,2,3.8,74,249,3.36,2,2,4,4,5,194,6,11,1,18,7,18,0,1,11,94,2,0,2,37:40,Philadelphia Eagles
15,15,16,2012-12-23,Sun,,WAS,L,20,27,,16,24,66.7,185,2,7.7,7.50,100.2,1,13,28,128,1,4.6,53,313,5.91,2,2,3,3,2,86,10,8,0,18,5,10,0,1,3,24,0,1,1,29:23,Philadelphia Eagles
16,16,17,2012-12-30,Sun,@,NYG,L,7,42,,14,22,63.6,212,5,9.6,14.18,134.8,1,11,35,185,1,5.3,58,397,6.84,0,0,6,6,2,98,12,15,5,32,5,8,0,0,1,5,0,0,0,31:33,Philadelphia Eagles
1,1,1,2012-09-09,Sun,@,DEN,L,19,31,,19,26,73.1,240,2,9.2,10.77,127.1,2,13,27,94,1,3.5,55,334,6.07,1,1,2,2,2,90,11,8,1,20,5,9,0,0,6,49,1,0,1,24:55,Pittsburgh Steelers
2,2,2,2012-09-16,Sun,,NYJ,W,27,10,,10,27,37.0,129,1,4.8,5.52,65.2,2,9,22,90,0,4.1,51,219,4.29,1,1,1,1,6,272,6,5,5,16,4,12,0,0,7,63,1,0,1,23:24,Pittsburgh Steelers
3,3,3,2012-09-23,Sun,@,OAK,L,31,34,,24,34,70.6,202,3,5.9,6.38,102.8,1,7,21,119,1,5.7,56,321,5.73,2,2,4,4,3,155,15,4,2,21,7,12,0,0,3,25,0,1,1,23:45,Pittsburgh Steelers
4,4,5,2012-10-07,Sun,,PHI,W,16,14,,20,30,66.7,168,2,5.6,6.93,103.2,3,7,23,78,0,3.4,56,246,4.39,0,0,2,2,4,176,9,7,3,19,4,10,2,2,5,35,2,0,2,26:29,Pittsburgh Steelers
5,5,6,2012-10-11,Thu,@,TEN,L,23,26,,25,44,56.8,265,1,6.0,5.45,72.6,3,25,22,94,1,4.3,69,359,5.20,4,4,2,2,5,261,16,3,2,21,9,16,0,0,5,45,0,1,1,30:03,Pittsburgh Steelers
6,6,7,2012-10-21,Sun,@,CIN,W,24,17,,14,28,50.0,105,1,3.8,2.86,56.4,0,0,21,80,1,3.8,49,185,3.78,1,1,2,2,6,311,5,6,0,11,5,13,1,1,2,20,0,1,1,22:30,Pittsburgh Steelers
7,7,8,2012-10-28,Sun,,WAS,W,27,12,,16,35,45.7,169,1,4.8,5.40,69.8,1,8,21,86,0,4.1,57,255,4.47,2,2,1,0,4,151,10,6,1,17,3,12,2,3,7,55,0,0,0,26:47,Pittsburgh Steelers
8,8,9,2012-11-04,Sun,@,NYG,W,24,20,,10,24,41.7,114,0,4.8,2.88,39.2,2,11,22,68,1,3.1,48,182,3.79,3,2,2,2,5,237,6,4,3,13,2,10,0,0,7,40,0,1,1,24:45,Pittsburgh Steelers
9,9,10,2012-11-12,Mon,,KAN,W,16,13,OT,11,26,42.3,148,0,5.7,3.96,45.0,2,6,35,142,1,4.1,63,290,4.60,3,2,1,1,8,337,7,7,0,14,2,13,1,1,6,76,0,1,1,29:18,Pittsburgh Steelers
10,10,11,2012-11-18,Sun,,BAL,L,10,13,,20,32,62.5,153,0,4.8,4.78,74.1,2,11,23,47,0,2.0,57,200,3.51,3,2,1,1,8,372,7,4,1,12,3,14,0,0,4,68,0,0,0,27:09,Pittsburgh Steelers
11,11,12,2012-11-25,Sun,@,CLE,L,14,20,,17,26,65.4,130,1,5.0,4.04,74.2,4,28,34,108,1,3.2,64,238,3.72,2,2,2,2,10,383,10,3,1,14,3,16,0,0,10,90,0,1,1,33:30,Pittsburgh Steelers
12,12,13,2012-12-02,Sun,@,BAL,W,23,20,,16,34,47.1,177,1,5.2,4.47,60.5,3,11,21,111,1,5.3,58,288,4.97,2,2,2,2,5,253,11,6,2,19,3,11,0,0,8,70,1,1,2,25:39,Pittsburgh Steelers
13,13,14,2012-12-09,Sun,,SDG,L,24,34,,21,42,50.0,200,3,4.8,6.19,87.4,1,0,36,94,0,2.6,79,294,3.72,2,2,4,4,7,262,14,4,1,19,12,22,1,1,6,51,0,0,0,36:46,Pittsburgh Steelers
14,14,15,2012-12-16,Sun,@,DAL,L,24,27,OT,30,42,71.4,328,2,7.8,8.76,110.0,1,13,21,87,1,4.1,64,415,6.48,2,2,3,3,6,288,17,6,0,23,4,11,0,0,8,61,1,0,1,34:24,Pittsburgh Steelers
15,15,16,2012-12-23,Sun,,CIN,L,10,13,,24,41,58.5,253,0,6.2,3.98,56.3,6,25,16,14,0,0.9,63,267,4.24,3,2,1,1,6,316,13,0,3,16,4,15,0,1,7,55,1,2,3,28:15,Pittsburgh Steelers
16,16,17,2012-12-30,Sun,,CLE,W,24,10,,22,32,68.8,182,1,5.7,4.91,80.5,4,22,26,138,0,5.3,62,320,5.16,2,1,1,1,3,115,12,5,1,18,3,10,1,2,9,79,3,1,4,29:39,Pittsburgh Steelers
1,1,1,2012-09-09,Sun,@,ARI,L,16,20,,20,36,55.6,210,1,5.8,5.14,70.4,1,5,20,43,1,2.2,57,253,4.44,2,2,2,2,5,238,13,2,3,18,3,10,0,0,10,102,1,1,2,26:26,Seattle Seahawks
2,2,2,2012-09-16,Sun,,DAL,W,27,7,,23,40,57.5,247,1,6.2,5.55,73.6,1,4,16,49,0,3.1,57,296,5.19,0,0,1,1,6,229,13,4,0,17,7,13,0,0,5,47,1,1,2,25:21,Seattle Seahawks
3,3,3,2012-09-24,Mon,,GNB,W,14,12,,26,39,66.7,184,0,4.7,4.72,77.3,8,39,21,84,1,4.0,68,268,3.94,2,2,0,0,6,267,11,6,5,22,7,15,0,0,10,127,0,0,0,33:39,Seattle Seahawks
4,4,4,2012-09-30,Sun,@,STL,L,13,19,,17,31,54.8,211,1,6.8,6.00,73.5,2,12,27,75,0,2.8,60,286,4.77,4,4,1,1,4,156,13,2,0,15,5,13,1,1,6,37,0,1,1,30:08,Seattle Seahawks
5,5,5,2012-10-07,Sun,@,CAR,W,16,12,,12,29,41.4,108,0,3.7,3.72,52.1,4,33,19,82,0,4.3,52,190,3.65,1,1,1,1,7,318,7,4,2,13,2,11,0,1,3,25,2,0,2,24:23,Seattle Seahawks
6,6,6,2012-10-14,Sun,,NWE,W,24,23,,36,58,62.1,388,2,6.7,5.83,78.8,1,7,26,87,0,3.3,85,475,5.59,3,3,2,2,3,133,20,5,1,26,8,18,0,1,6,80,0,2,2,34:00,Seattle Seahawks
7,7,7,2012-10-18,Thu,@,SFO,L,6,13,,14,23,60.9,138,1,6.0,4.91,74.2,2,2,32,175,0,5.5,57,313,5.49,2,2,1,1,5,228,9,8,1,18,3,11,0,0,5,40,0,1,1,32:01,Seattle Seahawks
8,8,8,2012-10-28,Sun,@,DET,L,24,28,,34,49,69.4,331,3,6.8,7.06,100.0,2,21,22,84,1,3.8,73,415,5.68,0,0,4,4,4,176,23,3,0,26,12,16,0,0,5,61,0,1,1,34:43,Seattle Seahawks
9,9,9,2012-11-04,Sun,,MIN,W,30,20,,11,22,50.0,44,0,2.0,-0.05,37.3,4,19,27,243,2,9.0,53,287,5.42,2,2,2,2,3,145,4,10,2,16,3,10,0,0,6,33,1,1,2,24:00,Seattle Seahawks
10,10,10,2012-11-11,Sun,,NYJ,W,28,7,,12,25,48.0,101,0,4.0,2.24,42.2,3,31,22,84,0,3.8,50,185,3.70,0,0,1,1,7,321,5,4,2,11,2,11,0,1,6,35,2,1,3,23:49,Seattle Seahawks
11,11,12,2012-11-25,Sun,@,MIA,L,21,24,,18,26,69.2,246,1,9.5,8.50,96.0,1,7,28,189,2,6.8,55,435,7.91,1,1,3,3,5,225,12,9,2,23,4,9,0,0,2,15,0,1,1,28:01,Seattle Seahawks
12,12,13,2012-12-02,Sun,@,CHI,W,23,17,OT,17,26,65.4,233,2,9.0,10.50,119.6,0,0,33,132,0,4.0,59,365,6.19,1,1,2,2,5,207,11,7,4,22,6,12,0,1,5,45,0,0,0,32:52,Seattle Seahawks
13,13,14,2012-12-09,Sun,,ARI,W,58,0,,19,39,48.7,111,0,2.8,-1.77,15.6,3,22,16,43,0,2.7,58,154,2.66,0,0,0,0,6,280,6,2,2,10,4,14,0,1,9,79,4,4,8,25:33,Seattle Seahawks
14,14,15,2012-12-16,Sun,@,BUF,W,50,17,,24,43,55.8,215,1,5.0,3.37,57.8,3,32,21,118,1,5.6,67,333,4.97,1,1,2,2,4,194,14,7,0,21,5,13,0,1,4,20,1,2,3,31:03,Seattle Seahawks
15,15,16,2012-12-23,Sun,,SFO,W,42,13,,19,36,52.8,231,1,6.4,5.72,70.5,1,13,19,82,0,4.3,56,313,5.59,3,2,1,1,3,155,12,3,2,17,3,11,1,1,6,58,1,1,2,24:51,Seattle Seahawks
16,16,17,2012-12-30,Sun,,STL,W,20,13,,25,42,59.5,252,1,6.0,5.40,74.7,0,0,19,79,0,4.2,61,331,5.43,3,2,1,1,5,243,13,4,3,20,2,11,1,2,14,98,0,1,1,27:11,Seattle Seahawks
1,1,1,2012-09-09,Sun,@,GNB,W,30,22,,30,44,68.2,279,2,6.3,6.23,91.0,3,24,14,45,0,3.2,61,324,5.31,0,0,2,2,6,289,16,2,3,21,6,13,0,1,10,77,0,1,1,27:00,San Francisco 49ers
2,2,2,2012-09-16,Sun,,DET,W,27,19,,19,32,59.4,214,1,6.7,5.91,76.8,2,16,26,82,0,3.2,60,296,4.93,5,4,1,1,2,89,10,3,2,15,6,15,1,1,8,67,0,1,1,30:26,San Francisco 49ers
3,3,3,2012-09-23,Sun,@,MIN,L,13,24,,21,35,60.0,198,2,5.7,6.80,94.7,0,0,41,146,1,3.6,76,344,4.53,1,1,3,3,4,181,15,6,4,25,7,14,1,1,1,10,2,0,2,33:28,San Francisco 49ers
4,4,4,2012-09-30,Sun,@,NYJ,W,34,0,,14,30,46.7,100,0,3.3,1.83,41.0,3,12,17,45,0,2.6,50,145,2.90,0,0,0,0,8,303,5,1,3,9,2,13,0,0,4,30,3,1,4,23:04,San Francisco 49ers
5,5,5,2012-10-07,Sun,,BUF,W,45,3,,16,26,61.5,115,0,4.4,2.69,55.8,1,11,19,89,0,4.7,46,204,4.43,1,1,0,0,6,286,6,4,0,10,2,10,0,0,5,30,1,1,2,23:46,San Francisco 49ers
6,6,6,2012-10-14,Sun,,NYG,L,3,26,,15,28,53.6,193,1,6.9,7.61,87.4,0,0,37,149,1,4.0,65,342,5.26,5,4,2,2,4,199,10,8,1,19,5,15,0,0,2,20,0,0,0,32:15,San Francisco 49ers
7,7,7,2012-10-18,Thu,,SEA,W,13,6,,9,23,39.1,115,0,5.0,3.04,37.4,2,7,29,136,0,4.7,54,251,4.65,3,2,0,0,4,194,5,6,2,13,4,13,0,1,3,20,0,1,1,27:59,San Francisco 49ers
8,8,8,2012-10-29,Mon,@,ARI,W,24,3,,32,52,61.5,258,0,5.0,4.10,66.0,4,32,9,7,0,0.8,65,265,4.08,1,1,0,0,7,331,15,0,1,16,2,14,2,4,7,51,0,1,1,28:44,San Francisco 49ers
9,9,10,2012-11-11,Sun,,STL,T,24,24,OT,28,41,68.3,299,2,7.3,8.27,105.6,2,16,37,159,1,4.3,80,458,5.73,2,1,3,3,4,147,18,5,4,27,7,16,2,2,13,85,1,0,1,40:45,San Francisco 49ers
10,10,11,2012-11-19,Mon,,CHI,W,32,7,,14,22,63.6,58,1,2.6,-0.55,44.9,6,49,28,85,0,3.0,56,143,2.55,0,0,1,1,5,234,5,6,1,12,3,12,0,1,6,55,0,2,2,29:55,San Francisco 49ers
11,11,12,2012-11-25,Sun,@,NOR,W,31,21,,26,41,63.4,231,3,5.6,4.90,82.5,5,36,21,59,0,2.8,67,290,4.33,0,0,3,3,5,252,12,4,3,19,3,11,1,3,4,53,0,2,2,29:54,San Francisco 49ers
12,12,13,2012-12-02,Sun,@,STL,L,13,16,OT,26,39,66.7,208,0,5.3,5.33,79.9,2,13,27,85,0,3.1,68,293,4.31,3,2,0,0,9,388,10,3,3,16,3,16,0,1,8,65,0,0,0,35:40,San Francisco 49ers
13,13,14,2012-12-09,Sun,,MIA,W,27,13,,17,33,51.5,133,1,4.0,4.64,71.9,2,17,22,94,0,4.3,57,227,3.98,2,2,1,1,3,142,9,5,3,17,5,13,1,3,5,43,1,0,1,29:28,San Francisco 49ers
14,14,15,2012-12-16,Sun,@,NWE,W,41,34,,36,65,55.4,425,1,6.5,5.46,67.8,3,18,24,95,3,4.0,92,520,5.65,2,2,4,4,5,228,22,8,2,32,2,15,5,6,8,73,2,2,4,29:47,San Francisco 49ers
15,15,16,2012-12-23,Sun,@,SEA,L,13,42,,15,22,68.2,170,4,7.7,9.32,111.7,1,1,39,176,1,4.5,62,346,5.58,0,0,6,6,1,41,12,8,2,22,11,13,0,0,4,45,0,1,1,35:09,San Francisco 49ers
16,16,17,2012-12-30,Sun,,ARI,W,27,13,,19,34,55.9,207,1,6.1,5.35,71.6,2,18,17,55,0,3.2,53,262,4.94,2,2,1,1,6,305,8,3,0,11,3,12,1,1,5,34,1,1,2,23:57,San Francisco 49ers
1,1,1,2012-09-09,Sun,,CAR,W,16,10,,23,33,69.7,291,1,8.8,6.70,81.8,3,12,13,10,0,0.8,49,301,6.14,1,1,1,1,6,199,14,1,1,16,2,10,0,0,6,65,0,2,2,22:33,Tampa Bay Buccaneers
2,2,2,2012-09-16,Sun,@,NYG,L,34,41,,31,51,60.8,510,3,10.0,8.53,89.5,0,0,25,94,1,3.8,76,604,7.95,4,4,3,3,2,79,21,6,4,31,5,13,0,0,7,53,0,3,3,33:29,Tampa Bay Buccaneers
3,3,3,2012-09-23,Sun,@,DAL,L,10,16,,25,39,64.1,259,0,6.6,5.49,72.5,4,24,23,38,1,1.7,66,297,4.50,3,3,1,1,4,173,12,2,0,14,5,16,0,1,13,105,2,1,3,33:04,Tampa Bay Buccaneers
4,4,4,2012-09-30,Sun,,WAS,L,22,24,,26,35,74.3,321,0,9.2,9.17,102.2,1,2,31,153,2,4.9,67,474,7.07,4,1,3,3,6,280,14,9,4,27,2,11,1,1,8,73,0,0,0,32:19,Tampa Bay Buccaneers
5,5,6,2012-10-14,Sun,,KAN,W,38,10,,22,38,57.9,180,0,4.7,2.37,48.1,0,0,30,80,0,2.7,68,260,3.82,1,1,1,1,6,276,9,5,1,15,6,17,1,3,7,55,0,2,2,33:11,Tampa Bay Buccaneers
6,6,7,2012-10-21,Sun,,NOR,L,28,35,,27,37,73.0,377,4,10.2,11.14,130.1,0,0,26,81,1,3.1,63,458,7.27,0,0,5,5,4,205,17,5,1,23,9,15,0,0,7,55,0,1,1,26:15,Tampa Bay Buccaneers
7,7,8,2012-10-25,Thu,@,MIN,W,36,17,,19,35,54.3,229,1,6.5,5.83,72.2,3,22,21,140,1,6.7,59,369,6.25,1,1,2,2,6,227,11,4,1,16,5,13,0,1,5,32,2,1,3,22:15,Tampa Bay Buccaneers
8,8,9,2012-11-04,Sun,@,OAK,W,42,32,,40,62,64.5,402,4,6.5,5.60,84.2,2,16,11,22,0,2.0,75,424,5.65,1,1,3,3,4,218,19,2,4,25,5,14,1,2,9,80,0,3,3,31:56,Tampa Bay Buccaneers
9,9,10,2012-11-11,Sun,,SDG,W,34,24,,29,37,78.4,323,3,8.7,7.92,107.5,2,14,26,103,0,4.0,65,426,6.55,1,1,3,3,3,112,16,6,1,23,10,15,0,0,1,5,0,2,2,36:41,Tampa Bay Buccaneers
10,10,11,2012-11-18,Sun,@,CAR,W,27,21,OT,16,29,55.2,234,1,8.1,8.76,93.2,2,18,34,97,1,2.9,65,331,5.09,1,0,3,3,6,274,10,7,1,18,9,17,0,1,11,91,1,0,1,31:50,Tampa Bay Buccaneers
11,11,12,2012-11-25,Sun,,ATL,L,23,24,,26,32,81.3,345,1,10.8,10.00,109.0,1,8,24,79,2,3.3,57,424,7.44,3,1,3,3,1,45,13,6,1,20,8,13,0,0,2,15,1,1,2,29:22,Tampa Bay Buccaneers
12,12,13,2012-12-02,Sun,@,DEN,L,23,31,,27,38,71.1,242,3,6.4,6.76,103.2,0,0,29,91,0,3.1,67,333,4.97,2,1,4,4,5,224,14,6,5,25,4,11,0,0,8,75,0,1,1,33:27,Tampa Bay Buccaneers
13,13,14,2012-12-09,Sun,,PHI,L,21,23,,32,51,62.7,338,2,6.6,7.41,95.1,6,43,16,29,1,1.8,73,367,5.03,3,1,2,2,7,343,18,4,1,23,7,18,2,2,2,13,1,0,1,29:51,Tampa Bay Buccaneers
14,14,15,2012-12-16,Sun,@,NOR,L,0,41,,26,39,66.7,298,4,7.6,9.69,123.7,1,9,25,149,1,6.0,65,447,6.88,2,2,5,5,5,268,15,7,2,24,4,11,0,0,6,55,0,0,0,31:06,Tampa Bay Buccaneers
15,15,16,2012-12-23,Sun,,STL,L,13,28,,13,27,48.1,196,2,7.3,7.07,81.7,0,0,27,89,1,3.3,54,285,5.28,0,0,4,4,7,335,11,3,0,14,4,11,0,0,9,64,1,1,2,24:01,Tampa Bay Buccaneers
16,16,17,2012-12-30,Sun,@,ATL,W,22,17,,28,44,63.6,213,1,4.8,5.30,82.9,2,25,16,65,1,4.1,62,278,4.48,1,1,2,2,7,305,12,2,1,15,3,14,1,3,2,15,0,0,0,27:55,Tampa Bay Buccaneers
1,1,1,2012-09-09,Sun,,NWE,L,13,34,,23,31,74.2,228,2,7.4,8.65,116.1,1,8,35,162,1,4.6,67,390,5.82,2,2,4,4,4,154,12,13,0,25,6,12,0,0,3,20,0,0,0,31:01,Tennessee Titans
2,2,2,2012-09-16,Sun,@,SDG,L,10,38,,24,32,75.0,268,3,8.4,8.84,117.7,4,16,39,148,2,3.8,75,416,5.55,1,1,5,5,4,197,16,10,1,27,10,17,1,1,4,41,0,1,1,43:39,Tennessee Titans
3,3,3,2012-09-23,Sun,,DET,W,44,41,OT,43,55,78.2,442,3,8.0,9.13,118.3,1,8,36,141,1,3.9,92,583,6.34,4,4,3,3,4,156,23,11,2,36,3,12,0,1,10,91,1,0,1,40:36,Tennessee Titans
4,4,4,2012-09-30,Sun,@,HOU,L,14,38,,20,28,71.4,202,2,7.2,8.64,115.5,0,0,31,95,1,3.1,59,297,5.03,1,1,5,5,6,259,11,5,0,16,6,14,1,1,1,3,0,0,0,32:26,Tennessee Titans
5,5,5,2012-10-07,Sun,@,MIN,L,7,30,,25,35,71.4,258,2,7.4,5.94,87.6,1,0,31,175,1,5.6,67,433,6.46,3,3,3,3,3,138,13,9,3,25,3,11,0,0,5,60,0,2,2,33:06,Tennessee Titans
6,6,6,2012-10-11,Thu,,PIT,W,26,23,,24,40,60.0,356,1,8.9,8.28,87.1,1,7,22,56,1,2.5,63,412,6.54,4,3,2,2,4,123,14,3,2,19,7,15,0,0,4,50,0,1,1,29:57,Tennessee Titans
7,7,7,2012-10-21,Sun,@,BUF,W,35,34,,27,35,77.1,216,3,6.2,6.60,108.7,1,9,24,166,0,6.9,60,382,6.37,2,2,4,4,1,22,14,6,2,22,7,12,0,1,8,65,1,1,2,30:19,Tennessee Titans
8,8,8,2012-10-28,Sun,,IND,L,13,19,OT,26,38,68.4,286,1,7.5,6.87,88.3,2,11,34,171,1,5.0,74,457,6.18,3,2,1,1,2,87,16,12,2,30,6,12,1,1,5,45,0,1,1,33:56,Tennessee Titans
9,9,9,2012-11-04,Sun,,CHI,L,20,51,,19,26,73.1,205,3,7.9,10.19,134.3,3,24,36,160,1,4.4,65,365,5.62,3,3,6,6,3,115,10,9,2,21,6,14,0,1,5,37,1,0,1,37:01,Tennessee Titans
10,10,10,2012-11-11,Sun,@,MIA,W,37,3,,23,39,59.0,201,0,5.2,1.69,40.7,2,16,15,54,0,3.6,56,255,4.55,1,1,0,0,6,291,10,2,1,13,2,13,0,0,7,67,1,3,4,26:47,Tennessee Titans
11,11,12,2012-11-25,Sun,@,JAX,L,19,24,,17,26,65.4,221,2,8.5,8.31,101.6,7,40,27,100,1,3.7,60,321,5.35,1,1,3,3,5,235,9,8,2,19,7,14,0,1,5,30,0,1,1,29:23,Tennessee Titans
12,12,13,2012-12-02,Sun,,HOU,L,10,24,,21,35,60.0,207,2,5.9,7.06,95.8,0,0,35,124,1,3.5,70,331,4.73,1,1,3,3,10,489,11,5,0,16,4,17,1,1,11,97,0,0,0,33:48,Tennessee Titans
13,13,14,2012-12-09,Sun,@,IND,L,23,27,,16,34,47.1,171,1,5.0,2.97,47.5,4,25,30,98,1,3.3,68,269,3.96,2,2,3,3,4,213,11,7,2,20,4,12,0,0,6,43,0,2,2,31:23,Tennessee Titans
14,14,15,2012-12-17,Mon,,NYJ,W,14,10,,13,29,44.8,107,1,3.7,-1.83,26.7,4,24,30,146,0,4.9,63,253,4.02,1,1,1,1,6,254,8,8,4,20,5,12,0,0,4,23,1,4,5,30:16,Tennessee Titans
15,15,16,2012-12-23,Sun,@,GNB,L,7,55,,28,40,70.0,343,3,8.6,10.08,121.1,1,8,35,117,4,3.3,76,460,6.05,2,2,7,7,3,119,18,9,1,28,2,11,2,3,1,10,0,0,0,34:24,Tennessee Titans
16,16,17,2012-12-30,Sun,,JAX,W,38,20,,25,41,61.0,253,2,6.2,3.85,64.4,7,45,23,122,0,5.3,71,375,5.28,0,0,2,2,5,232,14,5,2,21,7,16,0,3,7,35,0,3,3,32:21,Tennessee Titans
1,1,1,2012-09-09,Sun,@,NOR,W,40,32,,24,52,46.2,326,3,6.3,5.69,69.9,2,13,10,32,0,3.2,64,358,5.59,1,1,3,3,5,278,17,2,5,24,2,11,2,2,12,107,1,2,3,20:50,Washington Commanders
2,2,2,2012-09-16,Sun,@,STL,L,28,31,,26,35,74.3,301,3,8.6,9.03,116.5,2,9,27,151,0,5.6,64,452,7.06,3,3,2,2,3,163,15,6,2,23,7,12,0,0,7,60,2,1,3,31:24,Washington Commanders
3,3,3,2012-09-23,Sun,,CIN,L,31,38,,20,28,71.4,385,4,13.8,15.00,138.4,2,16,28,93,1,3.3,58,478,8.24,1,1,5,5,4,165,12,8,2,22,3,9,0,1,8,80,1,1,2,27:30,Washington Commanders
4,4,4,2012-09-30,Sun,@,TAM,W,24,22,,24,39,61.5,293,1,7.5,6.87,82.5,1,6,18,80,1,4.4,58,373,6.43,3,3,1,1,6,277,11,5,0,16,3,12,0,0,10,107,0,1,1,27:41,Washington Commanders
5,5,5,2012-10-07,Sun,,ATL,L,17,24,,34,52,65.4,338,2,6.5,6.40,88.5,1,7,28,83,1,3.0,81,421,5.20,1,1,3,3,6,293,21,5,2,28,9,17,0,0,2,13,1,1,2,37:01,Washington Commanders
6,6,6,2012-10-14,Sun,,MIN,W,38,26,,35,52,67.3,327,2,6.3,5.33,81.2,4,25,24,94,0,3.9,80,421,5.26,4,4,0,0,2,101,21,4,2,27,8,17,1,1,5,29,1,2,3,31:32,Washington Commanders
7,7,7,2012-10-21,Sun,@,NYG,L,23,27,,26,40,65.0,329,1,8.2,6.48,78.0,1,8,19,64,2,3.4,60,393,6.55,2,2,3,3,3,120,17,4,1,22,8,12,0,0,3,30,0,2,2,27:17,Washington Commanders
8,8,8,2012-10-28,Sun,@,PIT,L,12,27,,24,33,72.7,215,3,6.5,8.33,120.1,1,7,27,140,0,5.2,61,355,5.82,2,2,3,3,3,152,16,7,2,25,4,11,1,2,3,20,0,0,0,33:13,Washington Commanders
9,9,9,2012-11-04,Sun,,CAR,L,13,21,,13,23,56.5,201,1,8.7,9.61,100.1,0,0,27,129,2,4.8,50,330,6.60,1,0,3,3,5,161,6,9,3,18,5,11,0,0,7,60,0,0,0,24:40,Washington Commanders
10,10,11,2012-11-18,Sun,,PHI,W,31,6,,21,46,45.7,177,0,3.8,1.89,38.0,4,27,21,80,0,3.8,71,257,3.62,2,2,0,0,5,234,10,2,4,16,7,19,0,1,9,70,1,2,3,31:24,Washington Commanders
11,11,12,2012-11-22,Thu,@,DAL,W,38,31,,37,62,59.7,423,3,6.8,6.34,82.9,2,18,11,35,0,3.2,75,458,6.11,3,3,2,2,3,170,20,1,1,22,8,17,1,1,7,45,1,2,3,28:18,Washington Commanders
12,12,13,2012-12-03,Mon,,NYG,W,17,16,,20,33,60.6,273,1,8.3,8.88,97.2,1,7,29,117,0,4.0,63,390,6.19,4,3,1,1,3,148,12,7,2,21,9,15,0,0,9,73,0,0,0,33:13,Washington Commanders
13,13,14,2012-12-09,Sun,,BAL,W,31,28,OT,16,21,76.2,173,3,8.2,8.95,119.6,2,9,35,186,1,5.3,58,359,6.19,0,0,4,4,5,251,7,9,2,18,6,12,0,0,8,56,1,1,2,29:22,Washington Commanders
14,14,15,2012-12-16,Sun,@,CLE,W,38,21,,21,35,60.0,233,1,6.7,4.66,65.5,2,11,15,58,2,3.9,52,291,5.60,0,0,3,3,6,252,8,5,0,13,4,12,0,2,5,30,0,2,2,23:43,Washington Commanders
15,15,16,2012-12-23,Sun,@,PHI,W,27,20,,32,48,66.7,321,1,6.7,6.17,83.8,5,24,22,90,1,4.1,75,411,5.48,2,2,2,2,2,87,17,8,0,25,5,15,3,4,4,25,1,1,2,30:37,Washington Commanders
16,16,17,2012-12-30,Sun,,DAL,W,28,18,,20,37,54.1,196,2,5.3,2.73,53.4,2,22,22,100,0,4.5,61,296,4.85,1,1,1,1,4,166,13,7,0,20,7,13,0,0,1,6,0,3,3,26:34,Washington Commanders
