rk,gtm,week,date,day,game_location,opp,result,pts,pts_opp,ot,pass_cmp,pass_att,pass_cmp_pct,pass_yds,pass_td,pass_ya,pass_aya,pass_rate,pass_sk,pass_sk_yds,rush_att,rush_yds,rush_td,rush_ya,plays,total_yds,ypp,fga,fgm,xpa,xpm,punt,punt_yds,first_downs_pass,first_downs_rush,first_downs_pen,first_downs_total,third_down_conv,third_down_att,fourth_down_conv,fourth_down_att,pen,pen_yds,fumbles_lost,turnovers_int,turnovers_total,time_of_poss,team_name
1,1,1,2014-09-08,Mon,,SDG,W,18,17,,21,36,58.3,238,1,6.6,5.92,75.9,0,0,24,52,1,2.2,60,290,4.83,1,1,2,2,6,236,9,5,1,15,6,15,0,1,6,47,0,1,1,28:11,Arizona Cardinals
2,2,2,2014-09-14,Sun,@,NYG,W,25,14,,26,39,66.7,260,2,6.7,5.38,81.1,2,17,27,81,0,3.0,68,341,5.01,0,0,2,2,4,177,15,5,4,24,6,12,0,1,9,70,2,2,4,32:29,Arizona Cardinals
3,3,3,2014-09-21,Sun,,SFO,W,23,14,,29,37,78.4,236,1,6.4,6.92,102.3,1,9,23,82,1,3.6,61,318,5.21,1,0,2,2,4,174,15,4,1,20,6,12,1,1,9,107,0,0,0,32:20,Arizona Cardinals
4,4,5,2014-10-05,Sun,@,DEN,L,20,41,,31,47,66.0,476,4,10.1,9.91,109.9,1,3,28,92,1,3.3,76,568,7.47,3,2,5,5,4,199,18,5,1,24,7,16,0,0,7,67,0,2,2,35:17,Arizona Cardinals
5,5,6,2014-10-12,Sun,,WAS,W,30,20,,24,38,63.2,335,2,8.8,6.32,76.1,2,19,17,72,0,4.2,57,407,7.14,2,2,2,2,5,237,15,1,5,21,2,10,1,1,6,62,1,3,4,25:41,Arizona Cardinals
6,6,7,2014-10-19,Sun,@,OAK,W,24,13,,16,28,57.1,164,0,5.9,5.86,74.1,1,9,19,56,1,2.9,48,220,4.58,2,2,1,1,6,236,8,3,2,13,4,12,0,0,8,74,0,0,0,23:03,Arizona Cardinals
7,7,8,2014-10-26,Sun,,PHI,W,24,20,,36,62,58.1,411,2,6.6,5.82,75.4,0,0,25,110,0,4.4,87,521,5.99,2,2,2,2,6,288,18,6,3,27,9,20,1,1,11,103,1,2,3,31:10,Arizona Cardinals
8,8,9,2014-11-02,Sun,@,DAL,W,28,17,,18,33,54.5,174,1,5.3,3.15,54.4,1,9,25,92,0,3.7,59,266,4.51,2,1,2,2,4,173,10,5,3,18,3,11,0,1,5,33,0,2,2,28:32,Arizona Cardinals
9,9,10,2014-11-09,Sun,,STL,W,31,14,,17,30,56.7,174,1,5.8,3.47,56.8,6,42,22,70,1,3.2,58,244,4.21,0,0,2,2,7,305,9,5,2,16,1,10,1,2,8,80,1,2,3,26:40,Arizona Cardinals
10,10,11,2014-11-16,Sun,,DET,W,14,6,,18,30,60.0,164,0,5.5,3.97,61.0,4,19,19,98,0,5.2,53,262,4.94,2,2,0,0,6,249,6,4,1,11,5,15,0,1,9,80,0,1,1,29:17,Arizona Cardinals
11,11,12,2014-11-23,Sun,@,SEA,L,3,19,,17,22,77.3,169,1,7.7,8.59,113.6,7,42,29,124,0,4.3,58,293,5.05,5,4,1,1,3,150,10,6,0,16,5,13,0,0,7,74,0,0,0,35:27,Arizona Cardinals
12,12,13,2014-11-30,Sun,@,ATL,L,18,29,,30,41,73.2,358,2,8.7,8.61,105.5,1,3,34,142,0,4.2,76,500,6.58,5,5,2,2,3,159,16,4,2,22,7,16,1,1,9,76,0,1,1,37:03,Arizona Cardinals
13,13,14,2014-12-07,Sun,,KAN,W,17,14,,26,39,66.7,264,1,6.8,6.13,83.7,5,29,17,126,1,7.4,61,390,6.39,0,0,2,2,4,197,13,4,2,19,6,14,0,2,9,75,1,1,2,29:59,Arizona Cardinals
14,14,15,2014-12-11,Thu,@,STL,W,12,6,,20,39,51.3,211,0,5.4,4.26,56.7,2,18,20,69,0,3.5,61,280,4.59,2,2,0,0,8,404,11,2,0,13,4,15,0,1,6,69,1,1,2,25:36,Arizona Cardinals
15,15,16,2014-12-21,Sun,,SEA,L,6,35,,21,32,65.6,329,2,10.3,11.53,120.4,1,10,34,267,3,7.9,67,596,8.90,3,0,5,5,4,164,13,10,0,23,5,12,0,0,11,97,0,0,0,33:03,Arizona Cardinals
16,16,17,2014-12-28,Sun,@,SFO,L,17,20,,15,26,57.7,189,2,7.3,8.81,106.1,1,15,33,206,0,6.2,60,395,6.58,2,2,2,2,4,196,9,8,1,18,5,12,0,0,10,78,0,0,0,29:24,Arizona Cardinals
1,1,1,2014-09-07,Sun,,NOR,W,37,34,OT,29,42,69.0,333,1,7.9,7.33,90.7,0,0,28,139,3,5.0,70,472,6.74,2,2,4,4,2,101,17,9,4,30,8,13,0,0,3,27,1,1,2,30:25,Atlanta Falcons
2,2,2,2014-09-14,Sun,@,CIN,L,10,24,,16,24,66.7,302,1,12.6,13.42,123.6,0,0,45,170,2,3.8,69,472,6.84,4,1,3,3,4,171,10,10,1,21,6,14,0,0,7,55,0,0,0,32:59,Atlanta Falcons
3,3,3,2014-09-18,Thu,,TAM,W,56,14,,22,36,61.1,153,1,4.3,3.56,68.4,3,26,18,64,0,3.6,57,217,3.81,0,0,2,2,7,307,7,3,0,10,3,13,1,1,11,110,4,1,5,27:21,Atlanta Falcons
4,4,4,2014-09-28,Sun,@,MIN,L,28,41,,19,30,63.3,317,0,10.6,10.57,98.9,0,0,44,241,4,5.5,74,558,7.54,5,4,3,3,2,86,14,11,1,26,6,13,1,1,6,40,0,0,0,32:52,Atlanta Falcons
5,5,5,2014-10-05,Sun,@,NYG,L,20,30,,19,30,63.3,193,2,6.4,7.77,103.9,1,7,34,124,1,3.6,65,317,4.88,3,3,3,3,3,173,11,7,4,22,9,15,0,0,3,15,2,0,2,31:41,Atlanta Falcons
6,6,6,2014-10-12,Sun,,CHI,L,13,27,,26,38,68.4,375,1,9.9,10.39,109.0,2,6,29,103,2,3.6,69,478,6.93,2,2,2,1,5,201,15,7,1,23,7,15,0,0,7,47,0,0,0,36:15,Atlanta Falcons
7,7,7,2014-10-19,Sun,@,BAL,L,7,29,,16,25,64.0,248,2,9.9,7.92,90.1,1,10,36,123,1,3.4,62,371,5.98,2,2,3,3,4,157,12,8,3,23,4,11,1,1,9,72,1,2,3,33:13,Atlanta Falcons
8,8,8,2014-10-26,Sun,,DET,L,21,22,,24,47,51.1,325,2,6.9,6.81,78.8,0,0,23,60,0,2.6,70,385,5.50,3,3,1,1,3,124,17,3,2,22,8,15,0,0,8,85,0,1,1,30:55,Atlanta Falcons
9,9,10,2014-11-09,Sun,@,TAM,W,27,17,,27,43,62.8,281,2,6.5,5.37,77.8,4,20,23,92,0,4.0,70,373,5.33,1,1,2,2,3,91,17,5,1,23,12,17,0,1,10,79,1,2,3,30:12,Atlanta Falcons
10,10,11,2014-11-16,Sun,@,CAR,W,19,17,,23,37,62.2,285,2,7.7,6.35,81.5,2,7,25,106,0,4.2,64,391,6.11,3,1,2,2,6,214,15,5,2,22,3,13,0,0,1,15,0,2,2,28:02,Atlanta Falcons
11,11,12,2014-11-23,Sun,,CLE,L,24,26,,23,41,56.1,313,0,7.6,4.34,50.2,1,9,29,162,2,5.6,71,475,6.69,5,4,2,2,1,41,16,10,3,29,4,10,0,0,5,30,0,3,3,30:37,Atlanta Falcons
12,12,13,2014-11-30,Sun,,ARI,W,29,18,,24,39,61.5,294,1,7.5,5.74,72.0,0,0,11,35,0,3.2,50,329,6.58,1,1,1,1,5,242,15,1,2,18,1,7,0,0,5,34,1,2,3,22:57,Atlanta Falcons
13,13,14,2014-12-08,Mon,@,GNB,L,37,43,,24,36,66.7,323,3,9.0,10.64,122.8,1,4,30,179,2,6.0,67,502,7.49,3,3,5,4,1,31,17,10,1,28,7,12,0,1,5,40,0,0,0,33:01,Atlanta Falcons
14,14,15,2014-12-14,Sun,,PIT,L,20,27,,27,35,77.1,353,0,10.1,10.09,108.4,1,7,22,45,2,2.0,58,398,6.86,2,2,3,3,3,129,15,6,1,22,6,11,0,0,3,34,0,0,0,30:43,Atlanta Falcons
15,15,16,2014-12-21,Sun,@,NOR,W,30,14,,30,47,63.8,271,1,5.8,4.28,68.7,5,42,18,57,1,3.2,70,328,4.69,0,0,2,2,4,200,20,2,0,22,7,14,1,2,3,25,2,2,4,27:51,Atlanta Falcons
16,16,17,2014-12-28,Sun,,CAR,L,3,34,,10,16,62.5,112,1,7.0,8.25,104.2,1,2,35,194,1,5.5,52,306,5.88,2,2,4,4,3,145,6,11,0,17,4,10,0,1,5,36,0,0,0,31:13,Atlanta Falcons
1,1,1,2014-09-07,Sun,,CIN,L,16,23,,25,38,65.8,301,1,7.9,8.45,98.7,0,0,26,79,0,3.0,64,380,5.94,6,5,0,0,4,151,11,4,1,16,4,14,0,0,4,45,0,0,0,30:30,Baltimore Ravens
2,2,2,2014-09-11,Thu,,PIT,W,26,6,,22,37,59.5,202,0,5.5,4.24,63.1,2,15,18,99,0,5.5,57,301,5.28,2,2,0,0,4,183,11,5,1,17,6,12,0,0,9,75,2,1,3,24:52,Baltimore Ravens
3,3,3,2014-09-21,Sun,@,CLE,W,23,21,,19,25,76.0,290,1,11.6,12.40,127.1,0,0,30,85,2,2.8,55,375,6.82,2,0,3,3,4,180,11,6,2,19,5,11,0,0,12,94,0,0,0,29:05,Baltimore Ravens
4,4,4,2014-09-28,Sun,,CAR,W,38,10,,20,34,58.8,248,1,7.3,7.88,91.3,2,20,26,67,0,2.6,62,315,5.08,1,1,1,1,4,194,16,2,2,20,10,15,0,0,7,59,1,0,1,29:36,Baltimore Ravens
5,5,5,2014-10-05,Sun,@,IND,L,13,20,,32,49,65.3,305,1,6.2,4.80,72.2,1,7,30,127,1,4.2,80,432,5.40,2,2,2,2,3,143,19,6,1,26,7,15,0,1,6,83,2,2,4,38:43,Baltimore Ravens
6,6,6,2014-10-12,Sun,@,TAM,W,48,17,,24,44,54.5,277,2,6.3,6.18,79.5,5,37,18,87,0,4.8,67,364,5.43,2,1,2,2,5,186,14,5,3,22,2,12,0,2,5,43,0,1,1,27:46,Baltimore Ravens
7,7,7,2014-10-19,Sun,,ATL,W,29,7,,29,44,65.9,186,1,4.2,4.68,82.2,5,42,16,68,0,4.3,65,254,3.91,1,0,1,1,5,239,11,4,1,16,4,15,1,3,7,76,1,0,1,26:47,Baltimore Ravens
8,8,8,2014-10-26,Sun,@,CIN,L,24,27,,21,28,75.0,239,0,8.5,6.93,85.3,2,27,34,111,3,3.3,64,350,5.47,2,2,3,3,3,156,10,8,1,19,8,14,1,1,6,40,1,1,2,30:44,Baltimore Ravens
9,9,9,2014-11-02,Sun,@,PIT,L,23,43,,25,37,67.6,321,6,8.7,11.92,134.1,3,19,25,55,0,2.2,65,376,5.78,0,0,5,5,6,251,13,4,5,22,6,14,1,1,7,67,1,0,1,31:26,Baltimore Ravens
10,10,10,2014-11-09,Sun,,TEN,W,21,7,,16,27,59.3,143,1,5.3,4.37,70.4,5,36,22,67,0,3.0,54,210,3.89,0,0,1,1,8,414,11,3,0,14,4,12,0,0,9,67,1,1,2,29:13,Baltimore Ravens
11,11,12,2014-11-24,Mon,@,NOR,W,34,27,,35,45,77.8,399,3,8.9,9.20,116.6,4,21,21,126,0,6.0,70,525,7.50,2,2,3,3,3,146,20,3,3,26,5,12,0,1,5,50,0,1,1,29:45,Baltimore Ravens
12,12,13,2014-11-30,Sun,,SDG,L,33,34,,34,45,75.6,376,3,8.4,8.69,112.8,2,7,18,64,1,3.6,65,440,6.77,2,2,4,4,1,54,20,5,6,31,9,11,0,0,8,91,1,1,2,29:49,Baltimore Ravens
13,13,14,2014-12-07,Sun,@,MIA,W,28,13,,23,33,69.7,186,1,5.6,6.24,93.7,6,41,16,63,0,3.9,55,249,4.53,2,2,1,1,5,257,10,5,1,16,4,12,0,1,6,30,0,0,0,29:42,Baltimore Ravens
14,14,15,2014-12-14,Sun,,JAX,W,20,12,,22,38,57.9,166,0,4.4,3.18,57.6,8,63,23,82,0,3.6,69,248,3.59,5,4,0,0,6,267,9,4,0,13,5,18,1,3,5,60,0,1,1,31:42,Baltimore Ravens
15,15,16,2014-12-21,Sun,@,HOU,L,13,25,,21,43,48.8,190,1,4.4,3.84,59.3,0,0,38,123,0,3.2,81,313,3.86,6,6,1,1,8,361,9,8,1,18,7,21,0,0,7,69,0,1,1,34:58,Baltimore Ravens
16,16,17,2014-12-28,Sun,,CLE,W,20,10,,14,28,50.0,150,0,5.4,3.75,51.2,4,27,29,109,1,3.8,61,259,4.25,1,1,1,1,7,307,10,3,3,16,3,13,1,1,7,58,1,1,2,30:43,Baltimore Ravens
1,1,1,2014-09-07,Sun,@,CHI,W,23,20,OT,34,49,69.4,341,2,7.0,5.94,85.5,2,8,18,86,0,4.8,69,427,6.19,2,2,2,2,4,160,19,5,5,29,5,12,0,0,4,43,1,2,3,34:42,Buffalo Bills
2,2,2,2014-09-14,Sun,,MIA,W,29,10,,31,49,63.3,210,1,4.3,3.78,71.0,4,31,21,80,0,3.8,74,290,3.92,1,1,1,1,6,199,16,4,3,23,5,16,1,4,3,20,1,1,2,31:17,Buffalo Bills
3,3,3,2014-09-21,Sun,,SDG,L,10,22,,18,25,72.0,250,2,10.0,11.60,130.4,2,6,36,83,0,2.3,63,333,5.29,2,2,2,2,6,298,11,4,5,20,5,13,0,0,6,44,0,0,0,31:34,Buffalo Bills
4,4,4,2014-09-28,Sun,@,HOU,L,17,23,,25,37,67.6,264,1,7.1,5.24,74.6,3,4,23,37,0,1.6,63,301,4.78,3,3,2,2,6,250,13,2,4,19,5,14,0,0,8,90,1,2,3,30:56,Buffalo Bills
5,5,5,2014-10-05,Sun,@,DET,W,17,14,,18,31,58.1,204,1,6.6,5.77,75.2,6,27,20,69,0,3.5,57,273,4.79,3,0,2,2,7,330,7,3,3,13,1,11,0,0,8,62,1,1,2,27:41,Buffalo Bills
6,6,6,2014-10-12,Sun,,NWE,L,22,37,,27,37,73.0,346,4,9.4,11.51,137.9,2,15,27,50,0,1.9,66,396,6.00,4,3,4,4,4,186,13,4,5,22,7,15,0,0,9,60,0,0,0,30:20,Buffalo Bills
7,7,7,2014-10-19,Sun,,MIN,W,17,16,,15,26,57.7,118,1,4.5,1.85,49.8,5,39,29,158,0,5.4,60,276,4.60,3,3,1,1,6,284,8,6,2,16,5,16,0,0,7,50,0,2,2,32:23,Buffalo Bills
8,8,8,2014-10-26,Sun,@,NYJ,W,43,23,,20,44,45.5,137,0,3.1,-0.98,15.1,4,21,33,175,3,5.3,81,312,3.85,1,1,2,2,5,226,9,11,2,22,9,19,1,1,10,90,2,4,6,32:17,Buffalo Bills
9,9,10,2014-11-09,Sun,,KAN,L,13,17,,17,29,58.6,151,0,5.2,5.21,72.6,6,26,24,127,2,5.3,59,278,4.71,1,1,2,2,8,368,8,7,1,16,3,13,1,1,3,19,1,0,1,29:18,Buffalo Bills
10,10,11,2014-11-13,Thu,@,MIA,L,9,22,,26,34,76.5,205,2,6.0,7.21,110.5,5,35,24,125,0,5.2,63,330,5.24,2,2,2,2,3,123,15,6,3,24,4,9,0,0,4,30,2,0,2,32:22,Buffalo Bills
11,11,12,2014-11-24,Mon,,NYJ,W,38,3,,17,31,54.8,126,0,4.1,2.61,51.3,7,39,19,92,0,4.8,57,218,3.82,1,1,0,0,8,311,6,4,1,11,3,15,1,1,9,60,0,1,1,29:06,Buffalo Bills
12,12,13,2014-11-30,Sun,,CLE,W,26,10,,23,38,60.5,241,0,6.3,3.97,57.0,2,14,26,74,1,2.8,66,315,4.77,2,1,1,1,6,254,13,4,2,19,3,12,0,1,10,76,1,2,3,29:05,Buffalo Bills
13,13,14,2014-12-07,Sun,@,DEN,L,17,24,,14,20,70.0,173,0,8.7,4.15,56.9,0,0,29,133,3,4.6,49,306,6.24,1,1,3,3,3,149,3,10,2,15,4,10,0,0,5,45,1,2,3,26:31,Buffalo Bills
14,14,15,2014-12-14,Sun,,GNB,W,21,13,,17,42,40.5,175,0,4.2,2.02,33.3,1,10,24,158,1,6.6,67,333,4.97,3,2,1,1,6,257,12,8,1,21,4,14,0,0,9,70,0,2,2,27:02,Buffalo Bills
15,15,16,2014-12-21,Sun,@,OAK,L,24,26,,17,34,50.0,207,2,6.1,7.26,88.7,1,7,36,140,0,3.9,71,347,4.89,5,4,2,2,6,265,11,7,0,18,5,16,0,0,4,35,0,0,0,33:47,Buffalo Bills
16,16,17,2014-12-28,Sun,@,NWE,W,17,9,,18,33,54.5,144,0,4.4,4.36,65.7,4,26,25,116,0,4.6,62,260,4.19,3,3,0,0,4,174,7,4,3,14,5,15,1,3,5,55,0,0,0,30:57,Buffalo Bills
1,1,1,2014-09-07,Sun,@,TAM,W,20,14,,22,35,62.9,162,2,4.6,3.20,69.0,3,21,17,102,0,6.0,55,264,4.80,0,0,2,2,5,220,10,5,2,17,6,12,0,0,3,15,1,2,3,24:48,Carolina Panthers
2,2,2,2014-09-14,Sun,,DET,W,24,7,,27,48,56.3,253,1,5.3,4.75,69.2,4,38,18,70,0,3.9,70,323,4.61,2,0,1,1,5,233,18,2,1,21,6,15,1,2,5,33,2,1,3,30:41,Carolina Panthers
3,3,3,2014-09-21,Sun,,PIT,L,19,37,,22,30,73.3,190,2,6.3,7.67,111.8,1,6,34,264,1,7.8,65,454,6.98,3,3,4,4,3,138,9,12,3,24,3,11,1,1,11,91,0,0,0,34:39,Carolina Panthers
4,4,4,2014-09-28,Sun,@,BAL,L,10,38,,22,31,71.0,327,3,10.5,12.48,137.4,0,0,30,127,2,4.2,61,454,7.44,2,1,5,5,1,39,15,7,3,25,10,13,0,0,4,40,0,0,0,30:24,Carolina Panthers
5,5,5,2014-10-05,Sun,,CHI,W,31,24,,28,36,77.8,262,2,7.3,5.89,92.4,4,27,22,85,1,3.9,62,347,5.60,2,1,3,3,4,205,11,5,1,17,5,13,0,1,10,79,2,2,4,32:59,Carolina Panthers
6,6,6,2014-10-12,Sun,@,CIN,T,37,37,OT,33,43,76.7,320,2,7.4,6.28,93.2,1,3,31,193,2,6.2,75,513,6.84,4,3,4,4,1,42,18,8,3,29,10,16,0,0,13,119,0,2,2,35:30,Carolina Panthers
7,7,7,2014-10-19,Sun,@,GNB,L,17,38,,19,24,79.2,241,3,10.0,12.54,148.1,2,14,30,122,2,4.1,56,363,6.48,1,1,5,5,5,276,9,10,3,22,4,11,0,0,5,29,0,0,0,29:49,Carolina Panthers
8,8,8,2014-10-26,Sun,,SEA,L,9,13,,20,32,62.5,191,1,6.0,5.19,76.4,1,8,26,119,0,4.6,59,310,5.25,2,2,1,1,3,120,9,8,2,19,4,11,0,0,7,41,1,1,2,29:00,Carolina Panthers
9,9,9,2014-10-30,Thu,,NOR,L,10,28,,24,34,70.6,270,1,7.9,7.21,91.5,4,27,37,105,3,2.8,75,375,5.00,0,0,4,4,4,187,17,7,3,27,7,13,1,1,4,36,1,1,2,35:18,Carolina Panthers
10,10,10,2014-11-10,Mon,@,PHI,L,21,45,,20,38,52.6,328,2,8.6,9.68,99.5,1,4,23,37,2,1.6,62,365,5.89,1,1,6,6,7,303,14,3,0,17,5,15,0,1,5,50,0,0,0,21:55,Carolina Panthers
11,11,11,2014-11-16,Sun,,ATL,L,17,19,,31,45,68.9,260,1,5.8,6.22,91.0,2,8,27,86,0,3.2,74,346,4.68,4,4,1,1,7,344,18,3,1,22,5,15,0,0,5,58,1,0,1,31:58,Carolina Panthers
12,12,13,2014-11-30,Sun,@,MIN,L,13,31,,15,21,71.4,118,2,5.6,7.52,116.8,3,20,24,92,0,3.8,48,210,4.38,1,1,4,4,6,251,8,3,1,12,4,11,0,0,5,25,0,0,0,24:12,Carolina Panthers
13,13,14,2014-12-07,Sun,@,NOR,W,41,10,,29,49,59.2,218,1,4.4,3.94,68.2,2,17,17,92,0,5.4,68,310,4.56,2,1,1,1,5,220,11,7,0,18,5,14,1,2,4,30,1,1,2,24:00,Carolina Panthers
14,14,15,2014-12-14,Sun,,TAM,W,19,17,,13,28,46.4,136,1,4.9,3.96,58.0,3,18,23,151,1,6.6,54,287,5.31,1,1,2,2,5,194,9,6,0,15,5,12,0,0,4,29,2,1,3,22:37,Carolina Panthers
15,15,16,2014-12-21,Sun,,CLE,W,17,13,,10,21,47.6,144,1,6.9,5.67,66.4,3,22,22,84,0,3.8,46,228,4.96,2,2,1,1,6,279,4,3,1,8,3,12,0,0,6,49,0,1,1,21:57,Carolina Panthers
16,16,17,2014-12-28,Sun,@,ATL,W,34,3,,29,47,61.7,225,0,4.8,2.87,55.7,6,35,16,63,0,3.9,69,288,4.17,1,1,0,0,5,246,13,2,1,16,7,16,1,3,6,36,1,2,3,28:47,Carolina Panthers
1,1,1,2014-09-07,Sun,,BUF,L,20,23,OT,16,22,72.7,167,1,7.6,6.45,90.5,1,6,33,193,1,5.8,56,360,6.43,3,3,2,2,5,215,8,7,0,15,4,12,0,0,9,108,0,1,1,30:32,Chicago Bears
2,2,2,2014-09-14,Sun,@,SFO,W,28,20,,21,34,61.8,232,1,6.8,3.44,55.0,4,16,27,127,1,4.7,65,359,5.52,2,2,2,2,1,54,13,5,1,19,7,13,1,2,16,118,1,3,4,33:51,Chicago Bears
3,3,3,2014-09-22,Mon,@,NYJ,W,27,19,,26,43,60.5,300,1,7.0,5.35,69.9,3,16,26,114,0,4.4,72,414,5.75,4,4,1,1,3,145,15,3,3,21,6,15,1,2,6,78,1,2,3,31:52,Chicago Bears
4,4,4,2014-09-28,Sun,,GNB,L,17,38,,22,28,78.6,302,4,10.8,13.64,151.2,1,0,18,56,1,3.1,47,358,7.62,2,1,5,5,0,0,16,3,2,21,4,8,0,0,9,70,0,0,0,23:38,Chicago Bears
5,5,5,2014-10-05,Sun,@,CAR,L,24,31,,19,35,54.3,231,2,6.6,6.46,82.0,2,24,26,91,1,3.5,63,322,5.11,1,1,4,4,5,241,15,5,2,22,5,12,0,0,3,30,2,1,3,27:01,Chicago Bears
6,6,6,2014-10-12,Sun,@,ATL,W,27,13,,19,37,51.4,245,1,6.6,5.95,70.2,4,26,13,42,0,3.2,54,287,5.31,2,2,1,1,5,218,10,2,0,12,4,13,0,2,6,52,0,1,1,23:45,Chicago Bears
7,7,7,2014-10-19,Sun,,MIA,L,14,27,,25,32,78.1,256,2,8.0,9.25,120.8,4,21,33,137,1,4.2,69,393,5.70,4,2,3,3,2,75,17,7,0,24,4,11,1,1,7,84,0,0,0,37:22,Chicago Bears
8,8,8,2014-10-26,Sun,@,NWE,L,23,51,,33,38,86.8,365,5,9.6,12.24,146.3,1,11,32,122,0,3.8,71,487,6.86,3,3,6,6,1,46,25,6,1,32,7,11,0,0,7,38,0,0,0,32:43,Chicago Bears
9,9,10,2014-11-09,Sun,@,GNB,L,14,55,,19,32,59.4,319,6,10.0,13.72,132.7,0,0,32,132,0,4.1,64,451,7.05,2,2,7,7,3,121,13,6,2,21,6,13,2,2,5,50,1,0,1,29:41,Chicago Bears
10,10,11,2014-11-16,Sun,,MIN,W,21,13,,18,28,64.3,147,1,5.3,4.36,74.6,2,11,16,96,0,6.0,46,243,5.28,3,2,1,1,4,165,7,2,1,10,2,11,2,2,2,18,0,1,1,21:22,Chicago Bears
11,11,12,2014-11-23,Sun,,TAM,W,21,13,,25,48,52.1,301,1,6.3,4.81,61.2,5,40,22,66,0,3.0,75,367,4.89,2,2,1,1,6,243,14,3,0,17,7,17,0,1,9,87,2,2,4,30:10,Chicago Bears
12,12,13,2014-11-27,Thu,@,DET,L,17,34,,34,45,75.6,383,2,8.5,9.40,115.3,2,7,23,91,2,4.0,70,474,6.77,2,2,4,4,3,153,19,7,2,28,5,12,1,2,5,38,1,0,1,33:25,Chicago Bears
13,13,14,2014-12-04,Thu,,DAL,L,28,41,,21,26,80.8,203,3,7.8,10.12,137.7,1,2,35,194,2,5.5,62,397,6.40,2,2,5,5,2,75,13,7,1,21,7,14,2,2,8,97,0,0,0,32:28,Chicago Bears
14,14,15,2014-12-15,Mon,,NOR,L,15,31,,29,36,80.6,360,3,10.0,11.67,136.1,2,15,26,83,1,3.2,64,443,6.92,2,1,4,4,5,217,19,3,3,25,4,11,0,0,3,25,1,0,1,33:31,Chicago Bears
15,15,16,2014-12-21,Sun,,DET,L,14,20,,22,39,56.4,229,0,5.9,3.56,52.2,4,14,26,138,2,5.3,69,367,5.32,3,2,2,2,1,35,14,6,2,22,5,13,2,2,7,60,1,2,3,31:56,Chicago Bears
16,16,17,2014-12-28,Sun,@,MIN,L,9,13,,17,25,68.0,190,1,7.6,6.60,87.1,3,19,33,121,0,3.7,61,311,5.10,2,2,1,1,3,106,9,6,0,15,8,15,0,1,4,25,0,1,1,28:27,Chicago Bears
1,1,1,2014-09-07,Sun,@,BAL,W,23,16,,35,62,56.5,329,1,5.3,4.90,69.9,3,16,20,94,1,4.7,85,423,4.98,2,1,1,1,4,169,16,8,2,26,8,17,1,2,3,29,1,1,2,29:30,Cincinnati Bengals
2,2,2,2014-09-14,Sun,,ATL,W,24,10,,24,44,54.5,212,1,4.8,2.20,46.8,2,19,19,97,0,5.1,65,309,4.75,1,1,1,1,6,266,11,6,2,19,3,12,1,2,7,56,0,3,3,27:01,Cincinnati Bengals
3,3,3,2014-09-21,Sun,,TEN,W,33,7,,17,34,50.0,177,0,5.2,2.56,40.9,2,8,28,149,1,5.3,64,326,5.09,2,0,1,1,4,141,7,11,4,22,2,12,1,2,11,99,0,2,2,31:16,Cincinnati Bengals
4,4,5,2014-10-05,Sun,@,NWE,L,17,43,,23,35,65.7,285,2,8.1,9.29,109.8,1,7,46,220,1,4.8,82,505,6.16,5,5,4,4,3,121,17,11,2,30,6,16,1,1,12,114,0,0,0,38:56,Cincinnati Bengals
5,5,6,2014-10-12,Sun,,CAR,T,37,37,OT,29,46,63.0,284,2,6.2,6.07,85.8,0,0,34,147,2,4.3,80,431,5.39,4,3,4,4,1,38,14,10,5,29,8,17,2,2,8,60,0,1,1,39:30,Cincinnati Bengals
6,6,7,2014-10-19,Sun,@,IND,L,0,27,,27,42,64.3,335,2,8.0,8.93,104.8,2,9,34,171,1,5.0,78,506,6.49,2,2,3,3,6,288,15,11,1,27,5,13,0,0,8,57,2,0,2,39:43,Cincinnati Bengals
7,7,8,2014-10-26,Sun,,BAL,W,27,24,,17,34,50.0,187,0,5.5,2.85,42.2,1,8,26,107,2,4.1,61,294,4.82,3,3,1,1,1,50,9,8,1,18,5,13,1,3,7,51,0,2,2,29:16,Cincinnati Bengals
8,8,9,2014-11-02,Sun,,JAX,W,33,23,,22,33,66.7,233,2,7.1,6.91,94.6,2,14,25,132,1,5.3,60,365,6.08,1,1,2,2,7,250,14,4,1,19,4,12,0,0,3,35,0,1,1,27:16,Cincinnati Bengals
9,9,10,2014-11-06,Thu,,CLE,L,3,24,,15,23,65.2,198,0,8.6,8.61,92.3,0,0,52,170,3,3.3,75,368,4.91,2,1,3,3,7,311,11,9,1,21,7,16,0,0,6,62,1,0,1,35:49,Cincinnati Bengals
10,10,11,2014-11-16,Sun,@,NOR,W,27,10,,33,41,80.5,255,1,6.2,6.71,100.7,0,0,26,75,0,2.9,67,330,4.93,1,1,1,1,3,132,18,3,3,24,8,13,0,1,5,34,1,0,1,30:46,Cincinnati Bengals
11,11,12,2014-11-23,Sun,@,HOU,W,22,13,,21,45,46.7,184,0,4.1,3.09,48.7,1,5,19,64,0,3.4,65,248,3.82,2,2,1,1,5,239,11,4,3,18,4,14,2,3,3,15,0,1,1,20:50,Cincinnati Bengals
12,12,13,2014-11-30,Sun,@,TAM,W,14,13,,15,29,51.7,188,0,6.5,4.93,57.8,1,2,25,75,1,3.0,55,263,4.78,2,2,1,1,6,249,7,4,3,14,2,11,0,1,13,94,0,1,1,29:23,Cincinnati Bengals
13,13,14,2014-12-07,Sun,,PIT,L,21,42,,25,39,64.1,350,3,9.0,10.51,118.5,0,0,31,193,2,6.2,70,543,7.76,2,2,4,4,6,286,16,8,1,25,8,16,0,0,3,20,0,0,0,32:45,Cincinnati Bengals
14,14,15,2014-12-14,Sun,@,CLE,W,30,0,,10,18,55.6,54,0,3.0,-2.00,21.3,3,26,17,53,0,3.1,38,107,2.82,0,0,0,0,7,335,2,1,2,5,1,10,1,1,9,68,0,2,2,21:08,Cincinnati Bengals
15,15,16,2014-12-22,Mon,,DEN,W,37,28,,28,44,63.6,300,2,6.8,3.64,60.8,2,11,19,85,1,4.5,65,385,5.92,1,0,4,4,6,283,15,6,1,22,5,12,0,0,6,72,0,4,4,28:22,Cincinnati Bengals
16,16,17,2014-12-28,Sun,@,PIT,L,17,27,,24,39,61.5,317,2,8.1,6.85,83.0,0,0,18,29,0,1.6,57,346,6.07,2,2,3,3,3,119,14,1,3,18,3,11,0,1,1,10,1,2,3,25:02,Cincinnati Bengals
1,1,1,2014-09-07,Sun,@,PIT,L,27,30,,24,35,68.6,376,1,10.7,10.03,101.6,3,14,29,127,2,4.4,67,503,7.51,3,3,3,3,6,262,16,6,2,24,4,12,1,1,11,96,0,1,1,32:27,Cleveland Browns
2,2,2,2014-09-14,Sun,,NOR,W,26,24,,27,40,67.5,223,2,5.6,5.45,87.8,2,14,27,174,1,6.4,69,397,5.75,1,1,3,3,5,206,16,10,0,26,7,13,0,0,5,39,1,1,2,31:50,Cleveland Browns
3,3,3,2014-09-21,Sun,,BAL,L,21,23,,19,31,61.3,217,1,7.0,6.19,79.6,0,0,33,160,1,4.8,64,377,5.89,3,3,2,2,3,152,8,12,3,23,4,12,0,1,5,32,0,1,1,30:55,Cleveland Browns
4,4,5,2014-10-05,Sun,@,TEN,W,29,28,,21,32,65.6,261,3,8.2,10.03,122.0,3,12,30,149,1,5.0,65,410,6.31,0,0,4,4,5,188,11,8,3,22,8,14,0,1,7,68,0,0,0,30:43,Cleveland Browns
5,5,6,2014-10-12,Sun,,PIT,W,31,10,,21,42,50.0,221,1,5.3,4.67,63.7,2,7,32,138,0,4.3,76,359,4.72,1,1,1,1,7,322,12,5,5,22,6,16,0,2,6,42,0,1,1,33:05,Cleveland Browns
6,6,7,2014-10-19,Sun,@,JAX,L,6,24,,17,31,54.8,151,1,4.9,1.16,39.2,2,8,35,185,2,5.3,68,336,4.94,1,1,3,3,8,345,8,10,2,20,5,16,0,0,3,25,0,3,3,31:33,Cleveland Browns
7,7,8,2014-10-26,Sun,,OAK,W,23,13,,34,56,60.7,311,1,5.6,5.11,74.3,4,17,21,76,0,3.6,81,387,4.78,2,2,1,1,7,308,16,3,0,19,6,19,3,4,8,54,2,1,3,34:52,Cleveland Browns
8,8,9,2014-11-02,Sun,,TAM,W,22,17,,17,33,51.5,252,2,7.6,6.12,71.8,2,8,26,113,0,4.3,61,365,5.98,3,1,2,2,4,121,11,7,2,20,4,12,0,1,4,33,0,2,2,30:32,Cleveland Browns
9,9,10,2014-11-06,Thu,@,CIN,W,24,3,,13,39,33.3,79,0,2.0,-1.44,10.3,2,14,22,86,0,3.9,63,165,2.62,1,1,0,0,8,398,4,6,1,11,3,17,1,1,7,55,1,3,4,24:11,Cleveland Browns
10,10,11,2014-11-16,Sun,,HOU,L,7,23,,20,30,66.7,211,2,7.0,6.87,95.3,0,0,54,213,0,3.9,84,424,5.05,4,3,2,2,5,197,12,13,4,29,7,18,1,1,5,55,0,1,1,33:53,Cleveland Browns
11,11,12,2014-11-23,Sun,@,ATL,W,26,24,,27,43,62.8,252,2,5.9,5.74,84.6,3,21,23,63,1,2.7,69,315,4.57,1,1,3,3,4,178,15,5,1,21,9,16,0,0,7,40,1,1,2,29:23,Cleveland Browns
12,12,13,2014-11-30,Sun,@,BUF,L,10,26,,17,31,54.8,181,1,5.8,3.58,56.0,1,9,30,106,0,3.5,62,287,4.63,5,4,2,2,5,229,9,2,4,15,2,15,2,2,6,45,0,2,2,30:55,Cleveland Browns
13,13,14,2014-12-07,Sun,,IND,L,24,25,,24,53,45.3,269,2,5.1,4.13,57.8,3,25,20,93,1,4.7,76,362,4.76,2,2,1,1,7,329,14,6,3,23,5,16,1,1,6,40,2,2,4,28:04,Cleveland Browns
14,14,15,2014-12-14,Sun,,CIN,L,0,30,,14,24,58.3,103,0,4.3,2.42,51.2,2,14,45,244,3,5.4,71,347,4.89,3,3,3,3,2,77,6,16,2,24,7,14,2,2,5,41,0,1,1,38:52,Cleveland Browns
15,15,16,2014-12-21,Sun,@,CAR,L,13,17,,18,31,58.1,195,1,6.3,5.48,74.0,1,6,45,209,1,4.6,77,404,5.25,2,1,2,2,4,199,12,12,3,27,9,16,0,0,5,49,1,1,2,38:03,Cleveland Browns
16,16,17,2014-12-28,Sun,@,BAL,L,10,20,,22,36,61.1,290,2,8.1,9.17,105.1,1,22,28,129,0,4.6,65,419,6.45,2,2,2,2,6,279,14,5,3,22,4,13,0,1,8,55,0,0,0,29:17,Cleveland Browns
1,1,1,2014-09-07,Sun,,SFO,L,17,28,,16,23,69.6,192,2,8.3,10.09,123.8,1,9,30,127,1,4.2,54,319,5.91,1,0,4,4,4,183,11,6,2,19,7,12,0,0,11,78,0,0,0,28:36,Dallas Cowboys
2,2,2,2014-09-14,Sun,@,TEN,W,26,10,,18,34,52.9,232,1,6.8,4.76,59.9,2,2,13,82,0,6.3,49,314,6.41,1,1,1,1,5,225,9,4,0,13,2,10,0,1,5,30,0,2,2,18:49,Dallas Cowboys
3,3,3,2014-09-21,Sun,@,STL,W,34,31,,30,42,71.4,327,3,7.8,7.07,98.0,0,0,30,121,0,4.0,72,448,6.22,1,1,4,4,1,24,18,7,1,26,8,13,1,2,8,119,1,2,3,32:50,Dallas Cowboys
4,4,4,2014-09-28,Sun,,NOR,W,38,17,,32,44,72.7,334,2,7.6,7.48,100.0,2,6,13,104,0,8.0,59,438,7.42,2,1,2,2,2,83,14,4,2,20,4,10,1,2,3,20,2,1,3,25:15,Dallas Cowboys
5,5,5,2014-10-05,Sun,,HOU,W,20,17,OT,16,25,64.0,154,0,6.2,4.36,64.4,0,0,31,176,2,5.7,56,330,5.89,1,1,2,2,7,326,7,8,0,15,4,13,1,1,5,35,0,1,1,31:08,Dallas Cowboys
6,6,6,2014-10-12,Sun,@,SEA,W,30,23,,14,28,50.0,126,0,4.5,2.89,47.6,2,0,18,80,1,4.4,48,206,4.29,3,3,2,2,4,167,5,3,1,9,5,13,0,1,9,58,0,1,1,22:21,Dallas Cowboys
7,7,7,2014-10-19,Sun,,NYG,W,31,21,,21,33,63.6,248,3,7.5,9.33,116.7,0,0,26,104,0,4.0,59,352,5.97,0,0,3,3,5,224,13,5,2,20,5,13,1,1,6,40,2,0,2,26:11,Dallas Cowboys
8,8,8,2014-10-27,Mon,,WAS,L,17,20,OT,25,30,83.3,286,0,9.5,8.03,92.5,3,13,31,123,2,4.0,64,409,6.39,2,2,2,2,5,231,14,5,0,19,6,14,1,1,6,45,0,1,1,38:12,Dallas Cowboys
9,9,9,2014-11-02,Sun,,ARI,L,17,28,,22,34,64.7,237,3,7.0,7.41,102.2,2,12,29,102,1,3.5,65,339,5.22,0,0,4,4,5,196,15,5,2,22,9,15,0,0,6,62,0,1,1,31:28,Dallas Cowboys
10,10,10,2014-11-09,Sun,@,JAX,W,31,17,,22,37,59.5,262,0,7.1,5.86,69.9,4,28,24,71,2,3.0,65,333,5.12,0,0,1,1,6,283,11,5,4,20,4,14,2,4,2,19,2,1,3,28:28,Dallas Cowboys
11,11,12,2014-11-23,Sun,@,NYG,W,31,28,,29,40,72.5,328,3,8.2,8.58,111.2,2,10,32,89,1,2.8,74,417,5.64,0,0,4,4,4,220,19,5,3,27,11,16,0,1,5,30,0,1,1,35:07,Dallas Cowboys
12,12,13,2014-11-27,Thu,,PHI,L,10,33,,20,29,69.0,208,1,7.2,7.86,100.9,1,9,45,256,2,5.7,75,464,6.19,4,4,3,3,3,147,9,14,3,26,8,15,0,0,4,20,1,0,1,30:25,Dallas Cowboys
13,13,14,2014-12-04,Thu,@,CHI,W,41,28,,32,46,69.6,341,2,7.4,7.30,96.4,0,0,15,35,2,2.3,61,376,6.16,0,0,3,2,4,134,14,5,4,23,2,10,3,3,9,54,1,1,2,27:32,Dallas Cowboys
14,14,15,2014-12-14,Sun,@,PHI,W,38,27,,17,28,60.7,219,0,7.8,4.61,55.5,4,33,21,75,3,3.6,53,294,5.55,2,2,3,3,3,156,11,5,3,19,5,11,0,0,8,95,1,2,3,18:05,Dallas Cowboys
15,15,16,2014-12-21,Sun,,IND,W,42,7,,30,44,68.2,228,1,5.2,3.59,69.1,2,7,10,1,0,0.1,56,229,4.09,0,0,1,1,5,232,12,0,5,17,5,13,0,1,8,55,1,2,3,24:31,Dallas Cowboys
16,16,17,2014-12-28,Sun,@,WAS,W,44,17,,27,41,65.9,309,1,7.5,5.83,76.2,3,27,24,104,1,4.3,68,413,6.07,1,1,2,2,4,176,13,5,2,20,4,12,0,2,9,101,2,2,4,29:36,Dallas Cowboys
1,1,1,2014-09-07,Sun,,IND,W,31,24,,35,53,66.0,354,2,6.7,5.74,81.8,3,16,14,54,1,3.9,70,408,5.83,1,1,3,3,4,199,20,2,2,24,4,13,2,4,9,45,0,2,2,27:36,Denver Broncos
2,2,2,2014-09-14,Sun,,KAN,W,24,17,,26,42,61.9,247,0,5.9,5.88,78.2,2,8,31,133,2,4.3,75,380,5.07,2,1,2,2,2,80,18,6,4,28,11,16,0,1,7,62,0,0,0,36:14,Denver Broncos
3,3,3,2014-09-21,Sun,@,SEA,L,20,26,OT,25,35,71.4,255,2,7.3,7.14,99.1,3,20,37,129,1,3.5,75,384,5.12,3,2,2,2,6,301,16,8,2,26,7,17,0,0,7,34,0,1,1,38:04,Denver Broncos
4,4,5,2014-10-05,Sun,,ARI,W,41,20,,12,34,35.3,178,1,5.2,5.82,63.1,3,21,19,37,1,1.9,56,215,3.84,2,2,2,2,11,487,7,1,1,9,3,16,0,0,3,15,0,0,0,24:43,Denver Broncos
5,5,6,2014-10-12,Sun,@,NYJ,W,31,17,,23,43,53.5,173,2,4.0,3.91,69.2,4,17,15,31,0,2.1,62,204,3.29,1,1,2,2,7,319,13,1,1,15,5,14,0,0,2,9,1,1,2,26:26,Denver Broncos
6,6,7,2014-10-19,Sun,,SFO,W,42,17,,27,46,58.7,248,2,5.4,5.28,78.9,6,53,18,62,0,3.4,70,310,4.43,2,1,2,2,5,272,16,3,3,22,3,13,1,2,6,62,0,1,1,32:01,Denver Broncos
7,7,8,2014-10-23,Thu,,SDG,W,35,21,,30,41,73.2,245,3,6.0,5.24,92.0,2,7,15,61,0,4.1,58,306,5.28,0,0,3,3,4,197,15,3,4,22,4,10,1,1,7,77,0,2,2,29:14,Denver Broncos
8,8,9,2014-11-02,Sun,@,NWE,L,21,43,,33,53,62.3,332,4,6.3,6.92,97.4,1,1,25,66,0,2.6,79,398,5.04,3,3,4,4,5,223,22,3,4,29,6,16,1,1,9,71,0,1,1,29:27,Denver Broncos
9,9,10,2014-11-09,Sun,@,OAK,W,41,17,,30,47,63.8,192,2,4.1,3.02,68.7,0,0,15,30,0,2.0,62,222,3.58,1,1,2,2,9,389,9,0,1,10,5,18,0,0,4,37,1,2,3,27:38,Denver Broncos
10,10,11,2014-11-16,Sun,@,STL,L,7,22,,20,29,69.0,206,1,7.1,7.79,100.6,3,14,33,131,0,4.0,65,337,5.18,5,5,1,1,6,260,12,4,0,16,6,17,0,0,3,25,0,0,0,35:50,Denver Broncos
11,11,12,2014-11-23,Sun,,MIA,W,39,36,,26,36,72.2,216,3,6.0,6.42,103.5,1,12,21,97,2,4.6,58,313,5.40,0,0,4,4,3,160,17,5,3,25,4,8,1,1,6,50,0,1,1,25:43,Denver Broncos
12,12,13,2014-11-30,Sun,@,KAN,W,29,16,,15,23,65.2,110,2,4.8,4.57,87.2,6,43,15,41,0,2.7,44,151,3.43,1,1,1,1,5,218,8,2,1,11,1,9,1,2,5,35,2,1,3,21:13,Denver Broncos
13,13,14,2014-12-07,Sun,,BUF,W,24,17,,38,57,66.7,341,1,6.0,4.75,73.8,4,14,16,74,1,4.6,77,415,5.39,1,1,2,2,3,102,18,6,0,24,9,16,2,3,11,98,1,2,3,33:29,Denver Broncos
14,14,15,2014-12-14,Sun,@,SDG,W,22,10,,24,41,58.5,232,1,5.7,3.95,62.2,0,0,20,56,0,2.8,61,288,4.72,3,1,1,1,4,199,13,3,4,20,6,13,0,0,8,65,0,2,2,27:16,Denver Broncos
15,15,16,2014-12-22,Mon,@,CIN,L,28,37,,17,25,68.0,146,2,5.8,5.64,93.1,0,0,37,207,1,5.6,62,353,5.69,3,3,4,4,5,211,8,10,2,20,2,11,1,1,7,45,1,1,2,31:38,Denver Broncos
16,16,17,2014-12-28,Sun,,OAK,W,47,14,,18,36,50.0,132,1,3.7,2.97,56.7,3,26,18,67,0,3.7,57,199,3.49,0,0,2,2,9,418,7,3,0,10,5,15,0,1,9,86,1,1,2,26:59,Denver Broncos
1,1,1,2014-09-08,Mon,,NYG,W,35,14,,18,33,54.5,144,1,4.4,2.24,50.6,2,19,22,53,1,2.4,57,197,3.46,0,0,2,2,5,201,8,4,4,16,3,13,2,3,4,25,0,2,2,23:56,Detroit Lions
2,2,2,2014-09-14,Sun,@,CAR,L,7,24,,22,34,64.7,251,1,7.4,7.97,96.6,4,30,24,62,1,2.6,62,313,5.05,3,3,1,1,6,269,14,3,3,20,3,12,0,0,4,45,0,0,0,29:19,Detroit Lions
3,3,3,2014-09-21,Sun,,GNB,W,19,7,,16,27,59.3,147,1,5.4,6.19,86.5,2,15,22,76,0,3.5,51,223,4.37,0,0,1,1,5,215,9,3,2,14,4,10,0,1,5,30,1,0,1,21:47,Detroit Lions
4,4,4,2014-09-28,Sun,@,NYJ,W,24,17,,17,33,51.5,204,1,6.2,5.42,68.2,2,5,27,132,1,4.9,62,336,5.42,1,1,2,2,6,310,8,8,1,17,7,15,0,0,6,32,1,1,2,25:07,Detroit Lions
5,5,5,2014-10-05,Sun,,BUF,L,14,17,,30,43,69.8,294,1,6.8,6.26,86.8,2,14,22,49,0,2.2,67,343,5.12,4,3,0,0,8,345,15,2,2,19,5,16,0,0,11,74,0,1,1,32:19,Detroit Lions
6,6,6,2014-10-12,Sun,@,MIN,W,17,3,,23,37,62.2,143,0,3.9,0.22,36.2,8,45,18,69,0,3.8,63,212,3.37,1,1,0,0,7,296,8,5,2,15,3,14,0,1,9,60,0,3,3,27:39,Detroit Lions
7,7,7,2014-10-19,Sun,,NOR,W,24,23,,28,45,62.2,335,2,7.4,7.33,90.5,1,7,21,73,0,3.5,67,408,6.09,3,3,2,2,4,168,15,5,5,25,3,12,1,2,12,134,1,1,2,27:42,Detroit Lions
8,8,8,2014-10-26,Sun,@,ATL,W,22,21,,20,27,74.1,213,2,7.9,7.70,105.9,2,15,26,78,1,3.0,55,291,5.29,0,0,3,3,4,153,15,4,3,22,4,8,0,0,5,39,0,1,1,29:05,Detroit Lions
9,9,10,2014-11-09,Sun,,MIA,W,20,16,,27,38,71.1,178,1,4.7,4.03,78.6,3,29,19,50,0,2.6,60,228,3.80,3,3,1,1,4,188,15,2,3,20,5,14,0,0,5,44,1,1,2,28:26,Detroit Lions
10,10,11,2014-11-16,Sun,@,ARI,L,6,14,,21,32,65.6,306,2,9.6,8.00,91.4,0,0,26,46,0,1.8,58,352,6.07,0,0,2,2,5,197,13,3,2,18,8,14,0,0,4,35,0,2,2,30:43,Detroit Lions
11,11,12,2014-11-23,Sun,@,NWE,L,9,34,,38,53,71.7,349,2,6.6,6.49,94.0,0,0,20,90,2,4.5,73,439,6.01,2,2,4,4,5,238,22,4,3,29,6,14,1,1,11,89,0,1,1,29:49,Detroit Lions
12,12,13,2014-11-27,Thu,,CHI,W,34,17,,31,48,64.6,256,2,5.3,4.29,74.7,3,24,8,13,0,1.6,59,269,4.56,1,1,2,2,6,288,16,0,2,18,5,12,0,0,5,41,0,2,2,26:35,Detroit Lions
13,13,14,2014-12-07,Sun,,TAM,W,34,17,,20,39,51.3,207,2,5.3,4.03,62.7,6,43,14,26,0,1.9,59,233,3.95,1,1,2,2,6,255,11,0,4,15,4,14,0,1,5,50,1,2,3,23:25,Detroit Lions
14,14,15,2014-12-14,Sun,,MIN,W,16,14,,31,41,75.6,284,1,6.9,5.22,81.8,4,31,21,76,1,3.6,66,360,5.45,3,0,2,2,2,101,14,7,0,21,4,11,1,2,3,25,0,2,2,34:43,Detroit Lions
15,15,16,2014-12-21,Sun,@,CHI,W,20,14,,23,39,59.0,170,2,4.4,4.23,75.8,2,11,22,64,0,2.9,63,234,3.71,0,0,2,2,6,242,12,2,3,17,5,15,1,3,5,86,0,1,1,28:04,Detroit Lions
16,16,17,2014-12-28,Sun,@,GNB,L,20,30,,18,23,78.3,225,2,9.8,11.52,136.4,1,7,38,152,1,4.0,62,377,6.08,1,0,4,4,3,117,14,7,3,24,8,13,0,1,5,40,2,0,2,34:18,Detroit Lions
1,1,1,2014-09-04,Thu,@,SEA,L,16,36,,19,28,67.9,191,2,6.8,8.25,110.9,1,0,37,207,2,5.6,66,398,6.03,2,2,4,4,2,66,8,13,4,25,4,11,1,1,4,69,1,0,1,33:20,Green Bay Packers
2,2,2,2014-09-14,Sun,,NYJ,W,31,24,,16,32,50.0,166,1,5.2,4.41,62.8,2,10,37,147,2,4.0,71,313,4.41,1,1,3,3,5,233,11,7,1,19,8,17,2,3,7,82,0,1,1,30:26,Green Bay Packers
3,3,3,2014-09-21,Sun,@,DET,L,7,19,,22,34,64.7,238,0,7.0,4.35,60.7,2,8,38,115,1,3.0,74,353,4.77,2,1,2,2,2,104,13,6,2,21,11,18,0,0,6,40,1,2,3,38:13,Green Bay Packers
4,4,4,2014-09-28,Sun,@,CHI,W,38,17,,23,35,65.7,261,2,7.5,6.03,83.2,1,4,41,235,0,5.7,77,496,6.44,1,1,2,2,0,0,14,16,3,33,7,11,2,3,6,46,0,2,2,36:22,Green Bay Packers
5,5,5,2014-10-02,Thu,,MIN,W,42,10,,22,44,50.0,188,0,4.3,2.23,42.6,6,34,25,111,1,4.4,75,299,3.99,1,1,1,1,7,304,13,6,1,20,5,15,1,2,9,91,1,2,3,32:09,Green Bay Packers
6,6,6,2014-10-12,Sun,@,MIA,W,27,24,,20,31,64.5,237,2,7.6,6.03,82.3,1,7,23,112,1,4.9,55,349,6.35,1,1,3,3,3,127,12,5,2,19,4,10,0,1,5,25,1,2,3,22:48,Green Bay Packers
7,7,7,2014-10-19,Sun,,CAR,W,38,17,,22,39,56.4,223,2,5.7,5.59,79.3,3,25,25,108,0,4.3,67,331,4.94,1,1,2,2,7,377,14,6,3,23,4,12,0,1,9,70,0,1,1,30:11,Green Bay Packers
8,8,8,2014-10-26,Sun,@,NOR,L,23,44,,27,32,84.4,302,3,9.4,11.31,137.2,2,9,31,193,2,6.2,65,495,7.62,3,3,5,5,0,0,15,11,2,28,6,10,0,1,4,35,1,0,1,31:39,Green Bay Packers
9,9,10,2014-11-09,Sun,,CHI,W,55,14,,23,40,57.5,256,1,6.4,4.65,64.2,4,27,24,55,0,2.3,68,311,4.57,0,0,2,2,4,171,12,5,4,21,3,12,0,4,11,163,1,2,3,30:19,Green Bay Packers
10,10,11,2014-11-16,Sun,,PHI,W,53,20,,26,44,59.1,320,2,7.3,6.14,77.8,3,26,31,109,0,3.5,78,429,5.50,2,2,2,2,4,159,17,5,0,22,5,15,2,3,6,53,2,2,4,27:18,Green Bay Packers
11,11,12,2014-11-23,Sun,@,MIN,W,24,21,,21,37,56.8,196,2,5.3,5.16,78.2,2,14,25,112,0,4.5,64,308,4.81,2,2,1,1,4,179,11,7,2,20,5,13,1,1,7,77,0,1,1,28:15,Green Bay Packers
12,12,13,2014-11-30,Sun,,NWE,W,26,21,,22,35,62.9,236,2,6.7,7.89,101.6,1,9,18,84,1,4.7,54,320,5.93,1,0,3,3,4,144,14,5,1,20,4,10,1,1,4,25,0,0,0,23:25,Green Bay Packers
13,13,14,2014-12-08,Mon,,ATL,W,43,37,,24,39,61.5,374,4,9.6,10.49,116.8,1,1,24,91,1,3.8,64,465,7.27,2,1,4,4,2,97,17,8,1,26,5,11,3,3,3,11,0,1,1,26:59,Green Bay Packers
14,14,15,2014-12-14,Sun,@,BUF,L,13,21,,14,27,51.9,140,0,5.2,3.52,51.5,3,18,33,113,0,3.4,63,253,4.02,4,4,1,1,6,242,6,7,0,13,4,16,0,0,10,75,0,1,1,32:58,Green Bay Packers
15,15,16,2014-12-21,Sun,@,TAM,W,20,3,,12,26,46.2,93,0,3.6,1.85,39.4,7,54,14,16,0,1.1,47,109,2.32,1,1,0,0,8,336,5,1,0,6,4,14,1,1,3,30,0,1,1,21:22,Green Bay Packers
16,16,17,2014-12-28,Sun,,DET,W,30,20,,20,41,48.8,202,3,4.9,6.39,87.7,2,15,23,111,0,4.8,66,313,4.74,0,0,2,2,4,152,14,8,1,23,4,11,1,3,10,53,1,0,1,25:42,Green Bay Packers
1,1,1,2014-09-07,Sun,,WAS,W,17,6,,29,37,78.4,241,0,6.5,6.51,93.8,3,26,23,131,1,5.7,63,372,5.90,0,0,1,0,6,246,11,7,2,20,3,12,0,1,7,71,2,0,2,30:54,Houston Texans
2,2,2,2014-09-14,Sun,@,OAK,W,30,14,,27,42,64.3,263,1,6.3,4.60,69.8,0,0,17,101,1,5.9,59,364,6.17,0,0,2,2,3,120,16,5,1,22,2,9,2,2,5,24,2,2,4,21:24,Houston Texans
3,3,3,2014-09-21,Sun,@,NYG,L,17,30,,21,28,75.0,226,2,8.1,9.50,122.0,1,8,42,193,1,4.6,71,419,5.90,3,3,3,3,4,159,10,14,2,26,4,12,0,1,4,31,1,0,1,32:34,Houston Texans
4,4,4,2014-09-28,Sun,,BUF,W,23,17,,21,44,47.7,220,2,5.0,3.86,58.9,2,5,23,96,0,4.2,69,316,4.58,1,1,2,2,9,413,12,3,2,17,5,16,0,0,8,40,0,2,2,29:04,Houston Texans
5,5,5,2014-10-05,Sun,@,DAL,L,17,20,OT,28,41,68.3,316,2,7.7,7.59,97.2,1,8,33,140,0,4.2,75,456,6.08,3,2,2,2,4,185,16,8,0,24,8,14,0,0,7,56,2,1,3,36:07,Houston Texans
6,6,6,2014-10-09,Thu,,IND,L,28,33,,25,44,56.8,363,3,8.3,8.59,97.1,3,7,35,93,1,2.7,82,456,5.56,2,2,3,3,4,159,18,6,3,27,8,16,0,0,5,51,1,1,2,36:49,Houston Texans
7,7,7,2014-10-20,Mon,@,PIT,L,23,30,,24,34,70.6,252,3,7.4,9.18,121.2,3,16,25,76,0,3.0,62,328,5.29,3,3,3,3,4,176,14,2,2,18,5,14,0,0,6,38,1,0,1,32:06,Houston Texans
8,8,8,2014-10-26,Sun,@,TEN,W,30,16,,27,41,65.9,290,2,7.1,6.95,92.5,2,9,13,36,0,2.8,56,326,5.82,1,1,1,1,6,310,12,1,0,13,2,12,1,2,6,61,1,1,2,24:38,Houston Texans
9,9,9,2014-11-02,Sun,,PHI,L,21,31,,24,34,70.6,293,3,8.6,6.41,89.5,4,33,41,190,1,4.6,79,483,6.11,1,1,4,4,3,107,15,12,3,30,9,16,2,2,7,55,1,3,4,32:13,Houston Texans
10,10,11,2014-11-16,Sun,@,CLE,W,23,7,,20,50,40.0,310,1,6.2,5.70,59.6,3,20,23,65,0,2.8,76,375,4.93,1,0,1,1,6,231,18,4,2,24,3,15,0,2,8,67,1,1,2,26:07,Houston Texans
11,11,12,2014-11-23,Sun,,CIN,L,13,22,,24,35,68.6,233,1,6.7,5.94,84.6,0,0,43,139,1,3.2,78,372,4.77,2,2,2,2,4,193,17,6,1,24,11,20,0,1,6,60,0,1,1,39:10,Houston Texans
12,12,13,2014-11-30,Sun,,TEN,W,45,21,,19,31,61.3,237,2,7.6,4.58,66.9,3,38,22,83,0,3.8,56,320,5.71,0,0,3,3,5,226,10,6,3,19,3,9,0,0,6,66,1,3,4,26:44,Houston Texans
13,13,14,2014-12-07,Sun,@,JAX,W,27,13,,20,40,50.0,188,1,4.7,4.08,61.2,4,17,22,74,0,3.4,66,262,3.97,2,2,1,1,4,193,10,4,3,17,5,15,0,2,6,40,0,1,1,27:31,Houston Texans
14,14,15,2014-12-14,Sun,@,IND,L,10,17,,18,34,52.9,168,2,4.9,4.79,74.1,2,19,28,110,0,3.9,64,278,4.34,1,1,2,2,7,325,12,5,3,20,2,12,0,0,7,45,1,1,2,28:55,Houston Texans
15,15,16,2014-12-21,Sun,,BAL,W,25,13,,21,50,42.0,178,2,3.6,1.66,40.2,2,17,16,33,0,2.1,68,211,3.10,0,0,1,1,8,403,11,1,3,15,4,15,0,2,7,56,0,3,3,25:02,Houston Texans
16,16,17,2014-12-28,Sun,,JAX,W,23,17,,15,34,44.1,112,1,3.3,3.88,62.4,5,28,14,121,0,8.6,53,233,4.40,2,1,2,2,6,296,4,5,4,13,0,11,1,2,4,25,0,0,0,20:12,Houston Texans
1,1,1,2014-09-07,Sun,@,DEN,L,24,31,,22,36,61.1,259,3,7.2,8.86,110.8,1,10,32,102,1,3.2,69,361,5.23,1,1,4,4,5,234,13,8,3,24,7,14,0,0,7,70,0,0,0,32:24,Indianapolis Colts
2,2,2,2014-09-15,Mon,,PHI,L,27,30,,21,37,56.8,331,1,8.9,8.27,84.4,0,0,27,127,2,4.7,64,458,7.16,4,3,3,3,4,215,13,9,2,24,5,12,0,0,11,90,0,1,1,23:45,Indianapolis Colts
3,3,3,2014-09-21,Sun,@,JAX,W,44,17,,18,31,58.1,239,2,7.7,6.10,77.2,4,17,20,105,0,5.3,55,344,6.25,1,1,2,2,5,232,10,6,2,18,4,10,0,0,2,15,1,2,3,22:57,Indianapolis Colts
4,4,4,2014-09-28,Sun,,TEN,W,41,17,,14,28,50.0,176,1,6.3,3.79,52.1,3,18,16,85,1,5.3,47,261,5.55,1,1,2,2,6,265,9,4,3,16,1,9,0,0,6,68,1,2,3,17:39,Indianapolis Colts
5,5,5,2014-10-05,Sun,,BAL,W,20,13,,22,38,57.9,197,0,5.2,4.00,61.0,4,38,15,90,1,6.0,57,287,5.04,2,2,1,1,5,242,9,4,2,15,1,11,1,3,5,36,2,1,3,21:17,Indianapolis Colts
6,6,6,2014-10-09,Thu,@,HOU,W,33,28,,15,23,65.2,196,1,8.5,9.39,106.4,5,16,24,136,2,5.7,52,332,6.38,1,0,4,4,4,218,9,7,2,18,1,8,0,1,5,66,2,0,2,23:11,Indianapolis Colts
7,7,7,2014-10-19,Sun,,CIN,W,27,0,,18,38,47.4,103,0,2.7,2.71,54.1,4,23,12,32,0,2.7,54,135,2.50,0,0,0,0,11,558,5,1,2,8,1,13,0,1,4,20,0,0,0,20:17,Indianapolis Colts
8,8,8,2014-10-26,Sun,@,PIT,L,34,51,,40,49,81.6,522,6,10.7,13.10,150.6,0,0,32,117,0,3.7,81,639,7.89,0,0,7,7,3,89,25,7,2,34,8,13,1,1,10,59,2,0,2,39:43,Indianapolis Colts
9,9,9,2014-11-03,Mon,@,NYG,W,40,24,,27,52,51.9,349,2,6.7,7.48,86.1,3,10,20,89,1,4.5,75,438,5.84,1,1,3,3,8,353,17,5,0,22,4,16,1,2,4,30,1,0,1,26:57,Indianapolis Colts
10,10,11,2014-11-16,Sun,,NWE,L,20,42,,19,30,63.3,257,2,8.6,6.90,85.0,0,0,44,246,4,5.6,74,503,6.80,0,0,6,6,1,59,13,17,3,33,9,11,0,0,5,53,0,2,2,34:21,Indianapolis Colts
11,11,12,2014-11-23,Sun,,JAX,W,23,3,,15,27,55.6,114,0,4.2,2.56,50.5,4,32,23,80,0,3.5,54,194,3.59,1,1,0,0,7,346,5,6,0,11,3,12,0,1,6,43,1,1,2,25:55,Indianapolis Colts
12,12,13,2014-11-30,Sun,,WAS,W,49,27,,31,47,66.0,341,3,7.3,8.53,108.6,6,51,21,84,0,4.0,74,425,5.74,2,2,3,3,6,279,15,4,5,24,5,15,0,2,10,78,1,0,1,36:05,Indianapolis Colts
13,13,14,2014-12-07,Sun,@,CLE,W,25,24,,13,30,43.3,133,0,4.4,1.43,28.9,1,3,32,115,1,3.6,63,248,3.94,2,1,3,3,9,407,7,6,1,14,4,15,0,0,7,85,0,2,2,31:56,Indianapolis Colts
14,14,15,2014-12-14,Sun,,HOU,W,17,10,,13,25,52.0,152,0,6.1,4.28,54.1,1,5,41,137,0,3.3,67,289,4.31,1,1,1,1,7,299,7,5,2,14,5,16,0,3,8,66,1,1,2,31:05,Indianapolis Colts
15,15,16,2014-12-21,Sun,@,DAL,L,7,42,,19,21,90.5,250,5,11.9,16.67,155.9,1,11,40,127,1,3.2,62,377,6.08,1,0,6,6,2,92,15,8,2,25,5,10,0,0,7,67,1,0,1,35:29,Indianapolis Colts
16,16,17,2014-12-28,Sun,@,TEN,W,27,10,,13,31,41.9,50,1,1.6,2.26,60.3,4,29,24,142,0,5.9,59,192,3.25,1,1,1,1,7,383,3,6,0,9,4,16,1,3,4,20,1,0,1,26:34,Indianapolis Colts
1,1,1,2014-09-07,Sun,@,PHI,L,17,34,,27,45,60.0,275,2,6.1,6.00,83.1,5,47,32,145,1,4.5,82,420,5.12,2,2,4,4,6,230,14,7,3,24,8,19,1,1,6,50,2,1,3,30:46,Jacksonville Jaguars
2,2,2,2014-09-14,Sun,@,WAS,L,10,41,,24,36,66.7,258,2,7.2,8.28,106.0,3,30,42,191,3,4.5,81,449,5.54,2,2,5,5,4,199,16,12,4,32,6,14,1,2,11,98,0,0,0,39:01,Jacksonville Jaguars
3,3,3,2014-09-21,Sun,,IND,L,17,44,,33,43,76.7,385,4,9.0,10.81,134.4,2,5,29,144,0,5.0,74,529,7.15,3,3,5,5,2,107,22,5,0,27,8,14,0,1,8,46,0,0,0,37:03,Jacksonville Jaguars
4,4,4,2014-09-28,Sun,@,SDG,L,14,33,,29,39,74.4,365,3,9.4,10.90,128.7,2,12,20,42,0,2.1,61,407,6.67,4,4,3,3,3,126,16,2,1,19,9,16,0,0,7,57,0,0,0,29:26,Jacksonville Jaguars
5,5,5,2014-10-05,Sun,,PIT,L,9,17,,26,36,72.2,261,1,7.3,7.81,101.7,4,12,28,111,0,4.0,68,372,5.47,1,1,2,2,5,227,15,5,0,20,8,16,0,0,7,50,1,0,1,35:17,Jacksonville Jaguars
6,6,6,2014-10-12,Sun,@,TEN,L,14,16,,17,28,60.7,220,0,7.9,7.86,85.4,3,13,24,70,1,2.9,55,290,5.27,3,3,1,1,5,249,9,3,2,14,3,11,0,0,5,48,0,0,0,28:53,Jacksonville Jaguars
7,7,7,2014-10-19,Sun,,CLE,W,24,6,,16,41,39.0,197,0,4.8,3.71,44.5,3,18,30,69,0,2.3,74,266,3.59,2,2,0,0,7,353,11,2,0,13,4,17,0,3,8,50,2,1,3,28:27,Jacksonville Jaguars
8,8,8,2014-10-26,Sun,,MIA,L,13,27,,16,29,55.2,178,1,6.1,5.28,70.8,3,18,24,148,0,6.2,56,326,5.82,2,2,3,3,5,255,8,7,2,17,5,12,0,0,7,52,0,1,1,27:37,Jacksonville Jaguars
9,9,9,2014-11-02,Sun,@,CIN,L,23,33,,19,31,61.3,232,2,7.5,5.87,79.0,2,1,34,191,2,5.6,67,423,6.31,1,1,4,4,5,252,12,11,0,23,6,13,0,0,6,40,0,2,2,32:44,Jacksonville Jaguars
10,10,10,2014-11-09,Sun,,DAL,L,17,31,,21,28,75.0,248,3,8.9,11.00,137.2,1,6,30,151,1,5.0,59,399,6.76,2,1,4,4,5,234,10,6,0,16,4,13,0,0,9,65,1,0,1,31:32,Jacksonville Jaguars
11,11,12,2014-11-23,Sun,@,IND,L,3,23,,21,32,65.6,214,1,6.7,7.31,95.1,5,39,35,175,1,5.0,72,389,5.40,3,3,2,2,3,146,9,12,3,24,9,17,0,0,6,54,3,0,3,34:05,Jacksonville Jaguars
12,12,13,2014-11-30,Sun,,NYG,W,25,24,,24,34,70.6,213,1,6.3,6.85,96.8,4,34,35,116,2,3.3,73,329,4.51,2,1,3,3,5,259,14,8,0,22,7,15,0,0,6,40,3,0,3,34:39,Jacksonville Jaguars
13,13,14,2014-12-07,Sun,,HOU,L,13,27,,13,19,68.4,135,0,7.1,7.11,88.7,1,0,43,169,3,3.9,63,304,4.83,2,2,3,3,5,238,7,9,3,19,3,14,2,2,7,64,0,0,0,32:29,Jacksonville Jaguars
14,14,15,2014-12-14,Sun,@,BAL,L,12,20,,20,30,66.7,221,1,7.4,8.03,99.4,0,0,26,93,0,3.6,56,314,5.61,4,2,2,2,4,203,11,3,3,17,4,12,0,0,9,70,1,0,1,28:18,Jacksonville Jaguars
15,15,16,2014-12-18,Thu,,TEN,W,21,13,,24,35,68.6,262,1,7.5,8.06,99.9,4,25,28,95,0,3.4,67,357,5.33,2,2,1,1,5,203,13,6,0,19,7,15,0,1,7,47,0,0,0,34:52,Jacksonville Jaguars
16,16,17,2014-12-28,Sun,@,HOU,L,17,23,,25,35,71.4,235,2,6.7,6.57,96.7,3,15,39,123,1,3.2,77,358,4.65,0,0,3,3,6,278,13,9,2,24,10,18,0,0,6,55,1,1,2,39:48,Jacksonville Jaguars
1,1,1,2014-09-07,Sun,,TEN,L,10,26,,22,33,66.7,243,2,7.4,8.58,108.5,4,23,38,162,0,4.3,75,405,5.40,4,4,2,2,6,304,18,5,1,24,7,16,0,0,12,110,0,0,0,37:44,Kansas City Chiefs
2,2,2,2014-09-14,Sun,@,DEN,L,17,24,,21,26,80.8,237,3,9.1,11.42,143.1,1,5,19,88,0,4.6,46,325,7.07,1,1,3,3,3,132,14,4,1,19,3,8,1,1,11,71,0,0,0,23:46,Kansas City Chiefs
3,3,3,2014-09-21,Sun,@,MIA,W,34,15,,21,43,48.8,191,1,4.4,4.91,69.0,4,14,20,141,0,7.1,67,332,4.96,3,2,1,1,7,327,12,6,0,18,4,15,0,2,6,65,0,0,0,26:18,Kansas City Chiefs
4,4,4,2014-09-29,Mon,,NWE,W,41,14,,20,30,66.7,215,2,7.2,5.50,81.9,3,14,16,75,0,4.7,49,290,5.92,0,0,2,2,6,293,10,2,1,13,2,9,0,0,3,30,1,2,3,23:33,Kansas City Chiefs
5,5,5,2014-10-05,Sun,@,SFO,L,17,22,,14,27,51.9,186,1,6.9,7.63,86.3,3,15,40,171,0,4.3,70,357,5.10,5,5,1,1,2,107,10,10,2,22,6,16,1,1,2,10,0,0,0,36:04,Kansas City Chiefs
6,6,7,2014-10-19,Sun,@,SDG,W,23,20,,17,31,54.8,182,2,5.9,5.71,80.3,2,23,16,69,0,4.3,49,251,5.12,2,2,2,2,5,285,11,5,3,19,3,10,0,0,4,49,0,1,1,21:00,Kansas City Chiefs
7,7,8,2014-10-26,Sun,,STL,W,34,7,,15,25,60.0,116,1,4.6,3.64,68.1,7,44,19,84,0,4.4,51,200,3.92,1,0,1,1,6,324,8,5,0,13,3,11,0,1,8,68,0,1,1,24:22,Kansas City Chiefs
8,8,9,2014-11-02,Sun,,NYJ,W,24,10,,24,36,66.7,225,1,6.3,6.81,92.9,3,10,30,139,0,4.6,69,364,5.28,1,1,1,1,3,148,13,9,0,22,4,12,2,5,5,40,0,0,0,31:35,Kansas City Chiefs
9,9,10,2014-11-09,Sun,@,BUF,W,17,13,,29,48,60.4,253,1,5.3,5.69,81.3,1,6,22,111,0,5.0,71,364,5.13,2,2,1,1,6,282,15,6,0,21,7,16,0,1,6,44,3,0,3,30:42,Kansas City Chiefs
10,10,11,2014-11-16,Sun,,SEA,W,24,20,,20,32,62.5,168,2,5.3,6.50,96.9,2,10,37,204,0,5.5,71,372,5.24,2,2,2,2,2,103,10,14,1,25,5,12,0,3,8,50,0,0,0,35:57,Kansas City Chiefs
11,11,12,2014-11-20,Thu,@,OAK,L,20,24,,18,35,51.4,172,1,4.9,5.49,74.9,1,2,30,179,2,6.0,66,351,5.32,1,1,3,3,6,296,9,8,1,18,8,16,1,1,7,60,1,0,1,30:04,Kansas City Chiefs
12,12,13,2014-11-30,Sun,,DEN,L,16,29,,17,34,50.0,174,2,5.1,6.29,84.7,1,5,45,214,0,4.8,80,388,4.85,5,5,2,2,4,139,11,9,1,21,9,21,2,2,5,32,1,0,1,38:47,Kansas City Chiefs
13,13,14,2014-12-07,Sun,@,ARI,L,14,17,,15,30,50.0,225,1,7.5,8.17,86.1,2,14,33,141,0,4.3,65,366,5.63,5,3,0,0,4,183,9,7,2,18,6,15,0,0,6,40,0,0,0,30:01,Kansas City Chiefs
14,14,15,2014-12-14,Sun,,OAK,W,31,13,,27,56,48.2,202,1,3.6,3.96,63.2,4,20,17,78,0,4.6,77,280,3.64,2,2,1,1,11,477,10,4,3,17,5,18,0,1,10,75,1,0,1,30:00,Kansas City Chiefs
15,15,16,2014-12-21,Sun,@,PIT,L,12,20,,18,25,72.0,214,1,8.6,9.36,111.1,1,6,26,68,1,2.6,52,282,5.42,2,2,2,2,2,90,11,6,2,19,5,10,0,0,4,40,0,0,0,28:53,Kansas City Chiefs
16,16,17,2014-12-28,Sun,,SDG,W,19,7,,20,34,58.8,249,0,7.3,4.68,57.1,7,42,25,112,1,4.5,66,361,5.47,1,0,1,1,5,210,13,8,0,21,2,11,1,3,10,67,1,2,3,31:21,Kansas City Chiefs
1,1,1,2014-09-08,Mon,@,ARI,L,17,18,,24,37,64.9,294,2,7.9,9.03,107.3,2,10,26,109,0,4.2,65,403,6.20,2,2,0,0,5,218,14,4,4,22,6,13,0,0,5,23,2,0,2,31:49,Los Angeles Chargers
2,2,2,2014-09-14,Sun,,SEA,W,30,21,,17,25,68.0,180,2,7.2,8.80,115.4,2,22,13,108,1,8.3,40,288,7.20,0,0,3,3,4,213,9,4,1,14,3,8,0,1,8,53,1,0,1,17:45,Los Angeles Chargers
3,3,3,2014-09-21,Sun,@,BUF,W,22,10,,23,40,57.5,205,1,5.1,5.63,79.7,3,33,22,87,0,4.0,65,292,4.49,1,1,1,1,5,226,9,6,3,18,6,14,0,2,11,110,0,0,0,28:26,Los Angeles Chargers
4,4,4,2014-09-28,Sun,,JAX,W,33,14,,29,37,78.4,235,1,6.4,4.46,79.6,3,19,25,85,1,3.4,65,320,4.92,0,0,2,2,2,111,12,7,2,21,9,14,0,2,3,32,1,2,3,30:34,Los Angeles Chargers
5,5,5,2014-10-05,Sun,,NYJ,W,31,0,,12,31,38.7,60,0,1.9,0.48,33.4,2,14,21,91,0,4.3,54,151,2.80,0,0,0,0,8,409,4,5,2,11,1,12,0,1,12,94,1,1,2,21:06,Los Angeles Chargers
6,6,6,2014-10-12,Sun,@,OAK,W,31,28,,18,34,52.9,282,4,8.3,9.32,107.7,0,0,20,114,0,5.7,54,396,7.33,1,0,4,4,4,165,11,5,1,17,8,13,0,0,11,78,0,1,1,22:58,Los Angeles Chargers
7,7,7,2014-10-19,Sun,,KAN,L,20,23,,19,28,67.9,211,1,7.5,8.25,101.9,3,10,39,154,1,3.9,70,365,5.21,3,3,2,2,4,173,12,7,3,22,7,14,0,0,7,73,0,0,0,39:00,Los Angeles Chargers
8,8,8,2014-10-23,Thu,@,DEN,L,21,35,,25,35,71.4,286,3,8.2,9.89,124.2,0,0,30,139,2,4.6,65,425,6.54,1,0,5,5,4,162,14,9,4,27,8,13,0,0,9,71,0,0,0,30:46,Los Angeles Chargers
9,9,9,2014-11-02,Sun,@,MIA,L,0,37,,26,39,66.7,309,3,7.9,9.46,116.3,0,0,35,132,1,3.8,74,441,5.96,4,3,4,4,2,94,17,10,1,28,8,14,0,1,3,25,0,0,0,36:07,Los Angeles Chargers
10,10,11,2014-11-16,Sun,,OAK,W,13,6,,16,34,47.1,162,0,4.8,4.76,61.2,2,10,19,71,0,3.7,55,233,4.24,2,2,0,0,9,446,7,2,0,9,3,15,1,1,8,41,1,0,1,25:14,Los Angeles Chargers
11,11,12,2014-11-23,Sun,,STL,W,27,24,,19,36,52.8,210,1,5.8,3.89,56.5,1,7,24,107,1,4.5,61,317,5.20,2,1,3,3,4,178,9,5,2,16,6,14,1,1,9,90,1,2,3,28:51,Los Angeles Chargers
12,12,13,2014-11-30,Sun,@,BAL,W,34,33,,19,31,61.3,225,2,7.3,8.55,104.9,0,0,32,125,1,3.9,63,350,5.56,4,4,3,3,1,39,13,6,5,24,7,12,0,0,14,98,0,0,0,30:11,Los Angeles Chargers
13,13,14,2014-12-07,Sun,,NWE,L,14,23,,28,44,63.6,310,2,7.0,6.93,90.2,1,7,28,87,0,3.1,73,397,5.44,3,3,2,2,5,247,13,6,5,24,7,16,0,0,6,70,1,1,2,34:33,Los Angeles Chargers
14,14,15,2014-12-14,Sun,,DEN,L,10,22,,14,22,63.6,226,1,10.3,11.18,113.1,1,7,38,111,0,2.9,61,337,5.52,5,5,1,1,3,121,10,4,4,18,3,12,0,0,7,71,0,0,0,32:44,Los Angeles Chargers
15,15,16,2014-12-20,Sat,@,SFO,W,38,35,OT,15,24,62.5,92,1,3.8,4.67,84.0,2,22,40,355,3,8.9,66,447,6.77,1,0,5,5,4,152,6,12,3,21,5,11,0,1,9,92,3,0,3,30:35,Los Angeles Chargers
16,16,17,2014-12-28,Sun,@,KAN,L,7,19,,16,27,59.3,140,0,5.2,5.19,73.1,4,17,26,111,0,4.3,57,251,4.40,5,4,1,1,5,256,8,6,1,15,2,12,0,0,7,46,0,0,0,28:39,Los Angeles Chargers
1,1,1,2014-09-07,Sun,,MIN,L,6,34,,17,25,68.0,170,2,6.8,8.40,113.7,0,0,32,185,1,5.8,57,355,6.23,2,2,4,4,5,237,10,6,2,18,3,12,0,0,7,60,0,0,0,28:17,Los Angeles Rams
2,2,2,2014-09-14,Sun,@,TAM,W,19,17,,16,21,76.2,175,0,8.3,6.19,80.5,1,4,30,157,2,5.2,52,332,6.38,2,1,2,2,2,54,7,8,3,18,4,8,0,0,4,30,0,1,1,27:55,Los Angeles Rams
3,3,3,2014-09-21,Sun,,DAL,L,31,34,,18,23,78.3,217,2,9.4,9.22,116.8,0,0,29,123,1,4.2,52,340,6.54,2,2,4,4,2,78,10,5,4,19,5,10,0,0,3,15,1,1,2,27:10,Los Angeles Rams
4,4,5,2014-10-05,Sun,@,PHI,L,28,34,,24,37,64.9,207,2,5.6,5.46,86.2,0,0,33,145,0,4.4,70,352,5.03,2,2,4,4,4,163,13,7,2,22,8,15,0,0,4,39,2,1,3,27:01,Los Angeles Rams
5,5,6,2014-10-13,Mon,,SFO,L,17,31,,22,35,62.9,343,3,9.8,11.51,123.9,0,0,30,89,0,3.0,65,432,6.65,1,1,4,4,5,215,10,5,2,17,6,14,0,2,5,23,1,0,1,28:38,Los Angeles Rams
6,6,7,2014-10-19,Sun,,SEA,W,28,26,,23,36,63.9,292,2,8.1,9.22,107.6,3,21,29,171,1,5.9,68,463,6.81,2,2,2,2,4,169,16,9,0,25,6,12,0,0,10,86,0,0,0,32:24,Los Angeles Rams
7,7,8,2014-10-26,Sun,@,KAN,L,7,34,,25,29,86.2,215,0,7.4,7.41,97.6,2,8,33,140,3,4.2,64,355,5.55,2,2,4,4,4,182,10,9,4,23,6,12,0,0,7,51,1,0,1,35:38,Los Angeles Rams
8,8,9,2014-11-02,Sun,@,SFO,W,13,10,,22,33,66.7,183,1,5.5,6.15,90.8,8,54,21,80,0,3.8,62,263,4.24,2,1,1,1,7,314,12,4,4,20,3,12,0,0,9,44,2,0,2,32:26,Los Angeles Rams
9,9,10,2014-11-09,Sun,@,ARI,L,14,31,,28,41,68.3,307,1,7.5,6.88,88.2,3,19,22,28,1,1.3,66,335,5.08,2,1,4,4,6,268,18,3,0,21,6,15,0,0,5,35,0,1,1,33:20,Los Angeles Rams
10,10,11,2014-11-16,Sun,,DEN,W,22,7,,34,54,63.0,369,1,6.8,5.54,73.8,2,20,10,28,0,2.8,66,397,6.02,0,0,1,1,5,183,19,1,1,21,4,12,0,3,8,62,0,2,2,24:10,Los Angeles Rams
11,11,12,2014-11-23,Sun,@,SDG,L,24,27,,29,35,82.9,282,1,8.1,7.34,97.9,3,9,22,128,1,5.8,60,410,6.83,2,2,3,3,4,197,15,4,0,19,4,12,0,0,8,85,2,1,3,31:09,Los Angeles Rams
12,12,13,2014-11-30,Sun,,OAK,W,52,0,,29,48,60.4,183,0,3.8,1.00,42.3,6,47,21,61,0,2.9,75,244,3.25,0,0,0,0,8,353,12,2,3,17,4,18,0,1,8,73,2,3,5,36:56,Los Angeles Rams
13,13,14,2014-12-07,Sun,@,WAS,W,24,0,,23,36,63.9,179,0,5.0,2.47,52.9,7,53,12,27,0,2.3,55,206,3.75,0,0,0,0,6,275,11,2,0,13,3,12,0,3,5,51,0,2,2,27:11,Los Angeles Rams
14,14,15,2014-12-11,Thu,,ARI,L,6,12,,16,30,53.3,131,0,4.4,4.37,64.7,1,8,33,143,0,4.3,64,274,4.28,4,4,0,0,8,307,4,8,1,13,5,17,0,0,8,59,0,0,0,34:24,Los Angeles Rams
15,15,16,2014-12-21,Sun,,NYG,L,27,37,,25,32,78.1,386,3,12.1,13.94,148.2,1,5,34,128,1,3.8,67,514,7.67,4,3,4,4,3,152,13,3,3,19,8,17,0,0,12,149,0,0,0,34:47,Los Angeles Rams
16,16,17,2014-12-28,Sun,@,SEA,L,6,20,,17,25,68.0,222,0,8.9,7.08,79.1,3,17,34,132,1,3.9,62,354,5.71,2,2,2,2,3,121,9,7,0,17,7,15,0,1,2,20,1,1,2,31:11,Los Angeles Rams
1,1,1,2014-09-07,Sun,@,NYJ,L,14,19,,23,29,79.3,190,1,6.6,5.69,91.1,2,31,34,212,1,6.2,65,402,6.18,2,2,1,1,5,221,9,10,1,20,5,12,0,0,11,105,1,1,2,34:50,Las Vegas Raiders
2,2,2,2014-09-14,Sun,,HOU,L,14,30,,14,19,73.7,139,2,7.3,9.42,129.1,0,0,46,188,1,4.1,65,327,5.03,4,3,3,3,2,100,9,9,2,20,9,15,0,0,7,85,0,0,0,38:36,Las Vegas Raiders
3,3,3,2014-09-21,Sun,@,NWE,L,9,16,,24,37,64.9,221,1,6.0,6.51,90.0,2,13,32,76,0,2.4,71,297,4.18,3,3,1,1,5,240,14,5,2,21,9,18,0,1,6,59,0,0,0,31:35,Las Vegas Raiders
4,4,4,2014-09-28,Sun,,MIA,L,14,38,,23,31,74.2,278,2,9.0,8.81,109.3,0,0,35,157,2,4.5,66,435,6.59,1,1,5,5,2,81,15,8,1,24,5,11,1,2,5,35,2,1,3,30:54,Las Vegas Raiders
5,5,6,2014-10-12,Sun,,SDG,L,28,31,,22,35,62.9,307,3,8.8,10.49,119.6,1,6,33,116,1,3.5,69,423,6.13,1,1,4,4,3,143,15,7,2,24,8,14,0,1,7,60,0,0,0,37:02,Las Vegas Raiders
6,6,7,2014-10-19,Sun,,ARI,L,13,24,,22,31,71.0,242,2,7.8,7.65,101.8,1,11,37,123,1,3.3,69,365,5.29,1,1,3,3,4,168,14,7,4,25,9,15,0,1,6,43,0,1,1,36:57,Las Vegas Raiders
7,7,8,2014-10-26,Sun,@,CLE,L,13,23,,19,28,67.9,267,1,9.5,10.25,110.3,1,8,25,39,1,1.6,54,306,5.67,3,3,2,2,7,324,12,1,2,15,2,12,0,0,6,30,0,0,0,25:08,Las Vegas Raiders
8,8,9,2014-11-02,Sun,@,SEA,L,24,30,,17,35,48.6,177,0,5.1,5.06,63.6,1,2,38,149,2,3.9,74,326,4.41,4,3,3,3,6,211,9,8,4,21,7,18,0,0,9,65,0,0,0,35:06,Las Vegas Raiders
9,9,10,2014-11-09,Sun,,DEN,L,17,41,,33,49,67.3,353,5,7.2,7.41,105.2,0,0,27,118,0,4.4,76,471,6.20,2,2,5,5,5,226,17,7,1,25,7,15,1,1,12,95,0,2,2,32:22,Las Vegas Raiders
10,10,11,2014-11-16,Sun,@,SDG,L,6,13,,22,34,64.7,180,1,5.3,5.88,87.9,2,13,32,120,0,3.8,68,300,4.41,3,2,1,1,9,380,11,6,1,18,4,15,0,0,6,40,0,0,0,34:46,Las Vegas Raiders
11,11,12,2014-11-20,Thu,,KAN,W,24,20,,20,36,55.6,217,2,6.0,7.14,92.0,2,17,24,96,0,4.0,62,313,5.05,2,2,2,2,7,297,11,3,2,16,2,14,0,1,7,59,0,0,0,29:56,Las Vegas Raiders
12,12,13,2014-11-30,Sun,@,STL,L,0,52,,13,22,59.1,176,2,8.0,9.82,115.0,1,7,26,172,4,6.6,49,348,7.10,1,1,7,7,6,275,9,6,2,17,1,8,0,0,8,60,0,0,0,23:04,Las Vegas Raiders
13,13,14,2014-12-07,Sun,,SFO,W,24,13,,18,33,54.5,151,1,4.6,2.45,51.5,5,23,18,97,0,5.4,56,248,4.43,3,2,1,1,4,210,10,5,3,18,3,11,1,1,7,50,0,2,2,27:05,Las Vegas Raiders
14,14,15,2014-12-14,Sun,@,KAN,L,13,31,,18,31,58.1,295,2,9.5,10.81,111.6,1,2,27,93,1,3.4,59,388,6.58,3,1,4,4,7,279,10,3,3,16,3,13,0,0,11,84,1,0,1,30:00,Las Vegas Raiders
15,15,16,2014-12-21,Sun,,BUF,W,26,24,,32,49,65.3,308,3,6.3,5.67,86.1,2,21,13,13,0,1.0,64,321,5.02,1,1,3,3,8,340,12,1,2,15,4,15,0,0,7,55,0,2,2,26:13,Las Vegas Raiders
16,16,17,2014-12-28,Sun,@,DEN,L,14,47,,23,39,59.0,309,1,7.9,8.44,92.8,1,3,34,142,3,4.2,74,451,6.09,4,4,5,5,3,139,13,9,3,25,7,15,1,1,1,16,1,0,1,33:01,Las Vegas Raiders
1,1,1,2014-09-07,Sun,,NWE,W,33,20,,29,56,51.8,226,1,4.0,4.39,68.0,4,23,20,89,1,4.5,80,315,3.94,2,2,2,2,6,241,12,7,1,20,5,17,2,4,9,100,2,0,2,29:33,Miami Dolphins
2,2,2,2014-09-14,Sun,@,BUF,L,10,29,,16,26,61.5,202,1,7.8,8.54,98.6,0,0,33,113,0,3.4,59,315,5.34,6,5,2,2,4,134,10,3,0,13,5,15,0,0,6,40,0,0,0,28:43,Miami Dolphins
3,3,3,2014-09-21,Sun,,KAN,L,15,34,,19,25,76.0,168,3,6.7,9.12,133.0,5,18,41,174,2,4.2,71,342,4.82,0,0,4,4,5,255,14,8,1,23,9,16,1,1,4,23,2,0,2,33:42,Miami Dolphins
4,4,4,2014-09-28,Sun,@,OAK,W,38,14,,28,44,63.6,264,2,6.0,3.84,66.9,2,11,18,53,0,2.9,64,317,4.95,0,0,2,2,6,292,15,2,0,17,6,14,0,1,9,80,1,3,4,29:06,Miami Dolphins
5,5,6,2014-10-12,Sun,,GNB,L,24,27,,24,42,57.1,248,3,5.9,7.33,98.1,3,16,34,121,0,3.6,79,369,4.67,2,2,3,3,5,172,17,8,2,27,8,17,1,1,4,44,0,0,0,37:12,Miami Dolphins
6,6,7,2014-10-19,Sun,@,CHI,W,27,14,,21,34,61.8,172,1,5.1,4.32,72.2,3,18,14,52,1,3.7,51,224,4.39,0,0,2,2,3,159,10,3,1,14,5,12,2,3,2,15,2,1,3,22:38,Miami Dolphins
7,7,8,2014-10-26,Sun,@,JAX,W,27,13,,18,34,52.9,201,1,5.9,3.85,56.1,4,20,30,176,0,5.9,68,377,5.54,3,2,1,1,4,187,11,6,2,19,6,15,2,2,6,37,1,2,3,32:23,Miami Dolphins
8,8,9,2014-11-02,Sun,,SDG,W,37,0,,13,26,50.0,128,0,4.9,-0.27,24.7,4,20,19,50,0,2.6,49,178,3.63,0,0,0,0,5,226,8,2,0,10,3,11,0,1,7,57,1,3,4,23:53,Miami Dolphins
9,9,10,2014-11-09,Sun,@,DET,L,16,20,,27,42,64.3,288,2,6.9,6.74,90.2,3,19,19,63,0,3.3,64,351,5.48,3,2,2,2,3,137,15,2,2,19,3,12,2,3,10,98,0,1,1,31:34,Miami Dolphins
10,10,11,2014-11-13,Thu,,BUF,W,22,9,,22,39,56.4,183,0,4.7,4.69,68.6,2,10,19,54,0,2.8,60,237,3.95,4,3,0,0,2,74,9,4,0,13,6,15,0,2,7,70,0,0,0,27:38,Miami Dolphins
11,11,12,2014-11-23,Sun,@,DEN,L,36,39,,28,35,80.0,249,4,7.1,9.40,134.4,1,8,35,201,1,5.7,71,450,6.34,2,1,4,4,1,45,15,10,4,29,9,13,1,1,9,98,1,0,1,34:17,Miami Dolphins
12,12,13,2014-12-01,Mon,@,NYJ,W,16,13,,7,13,53.8,49,0,3.8,0.31,30.6,2,16,49,277,1,5.7,64,326,5.09,4,2,1,1,4,109,5,13,0,18,7,15,0,0,7,57,0,1,1,32:35,Miami Dolphins
13,13,14,2014-12-07,Sun,,BAL,L,13,28,,25,33,75.8,264,2,8.0,7.85,106.1,1,5,31,183,2,5.9,65,447,6.88,0,0,4,4,4,181,15,11,0,26,5,12,1,1,7,36,0,1,1,30:18,Miami Dolphins
14,14,15,2014-12-14,Sun,@,NWE,L,13,41,,21,35,60.0,287,2,8.2,8.06,93.4,0,0,29,108,2,3.7,64,395,6.17,2,2,5,5,3,142,12,10,1,23,8,13,0,0,5,51,0,1,1,26:14,Miami Dolphins
15,15,16,2014-12-21,Sun,,MIN,W,37,35,,19,26,73.1,238,2,9.2,8.96,110.7,4,21,28,119,2,4.3,58,357,6.16,2,2,3,3,4,151,11,8,1,20,7,12,0,0,8,74,0,1,1,26:54,Miami Dolphins
16,16,17,2014-12-28,Sun,,NYJ,L,24,37,,21,27,77.8,390,3,14.4,16.67,155.8,1,6,34,104,1,3.1,62,494,7.97,4,3,4,4,2,88,15,2,1,18,6,14,1,2,5,40,1,0,1,31:16,Miami Dolphins
1,1,1,2014-09-07,Sun,@,STL,W,34,6,,24,36,66.7,246,0,6.8,4.33,63.0,5,27,22,72,0,3.3,63,318,5.05,3,2,0,0,6,279,10,4,1,15,4,14,0,0,13,121,0,2,2,31:43,Minnesota Vikings
2,2,2,2014-09-14,Sun,,NWE,L,7,30,,14,21,66.7,142,1,6.8,7.71,101.7,1,7,37,150,1,4.1,59,292,4.95,3,3,3,3,5,211,9,5,2,16,5,14,0,1,15,163,0,0,0,31:34,Minnesota Vikings
3,3,3,2014-09-21,Sun,@,NOR,L,9,20,,27,35,77.1,288,2,8.2,9.37,119.7,1,5,32,108,1,3.4,68,396,5.82,0,0,3,2,4,187,17,8,2,27,9,13,0,0,4,30,0,0,0,33:33,Minnesota Vikings
4,4,4,2014-09-28,Sun,,ATL,W,41,28,,25,41,61.0,288,3,7.0,6.29,86.2,1,10,22,123,1,5.6,64,411,6.42,0,0,4,4,5,250,16,6,1,23,10,15,0,0,5,50,0,2,2,27:08,Minnesota Vikings
5,5,5,2014-10-02,Thu,@,GNB,L,10,42,,15,22,68.2,164,3,7.5,8.14,110.6,2,14,28,156,2,5.6,52,320,6.15,0,0,6,6,6,304,8,6,1,15,4,11,0,0,5,30,0,1,1,27:51,Minnesota Vikings
6,6,6,2014-10-12,Sun,,DET,L,3,17,,19,33,57.6,155,1,4.7,5.30,79.7,4,30,28,100,1,3.6,65,255,3.92,3,1,2,2,7,341,9,6,3,18,1,13,1,2,5,40,0,0,0,32:21,Minnesota Vikings
7,7,7,2014-10-19,Sun,@,BUF,L,16,17,,31,43,72.1,255,2,5.9,5.81,92.7,6,28,19,118,0,6.2,68,373,5.49,1,1,2,2,5,223,17,3,2,22,4,12,1,1,8,48,3,1,4,27:37,Minnesota Vikings
8,8,8,2014-10-26,Sun,@,TAM,W,19,13,OT,19,28,67.9,159,1,5.7,4.79,79.3,5,12,23,66,0,2.9,56,225,4.02,2,2,1,1,7,302,9,3,3,15,1,12,2,2,8,52,1,1,2,29:43,Minnesota Vikings
9,9,9,2014-11-02,Sun,,WAS,W,29,26,,18,28,64.3,225,1,8.0,7.14,86.2,5,26,29,122,2,4.2,62,347,5.60,2,2,2,2,3,136,10,6,5,21,6,13,0,1,6,55,0,1,1,29:34,Minnesota Vikings
10,10,11,2014-11-16,Sun,@,CHI,L,13,21,,31,43,72.1,330,3,7.7,6.98,98.0,0,0,31,138,0,4.5,74,468,6.32,1,0,3,3,2,59,16,8,0,24,10,17,2,3,7,60,0,2,2,38:38,Minnesota Vikings
11,11,12,2014-11-23,Sun,,GNB,L,21,24,,19,29,65.5,207,2,7.1,8.52,109.4,1,2,32,155,1,4.8,62,362,5.84,1,1,3,3,4,169,10,11,3,24,6,11,0,0,8,75,0,0,0,31:45,Minnesota Vikings
12,12,13,2014-11-30,Sun,,CAR,W,31,13,,18,35,51.4,170,1,4.9,4.14,62.8,4,24,33,178,0,5.4,72,348,4.83,2,2,1,1,6,146,10,12,1,23,7,16,1,1,4,35,0,1,1,35:48,Minnesota Vikings
13,13,14,2014-12-07,Sun,,NYJ,W,30,24,OT,18,29,62.1,242,1,8.3,7.48,85.7,3,12,42,168,0,4.0,74,410,5.54,5,5,1,1,4,160,10,7,2,19,8,17,0,0,4,40,1,1,2,35:52,Minnesota Vikings
14,14,15,2014-12-14,Sun,@,DET,L,14,16,,17,28,60.7,153,1,5.5,6.18,87.4,0,0,22,80,0,3.6,50,233,4.66,3,3,1,1,6,266,8,3,0,11,2,11,0,0,5,35,0,0,0,25:17,Minnesota Vikings
15,15,16,2014-12-21,Sun,@,MIA,L,35,37,,35,47,74.5,383,4,8.1,8.89,117.6,1,13,29,110,1,3.8,77,493,6.40,1,0,5,5,2,77,23,7,6,36,9,13,0,0,7,54,1,1,2,33:06,Minnesota Vikings
16,16,17,2014-12-28,Sun,,CHI,W,13,9,,23,36,63.9,165,0,4.6,4.58,74.4,2,7,21,99,0,4.7,59,264,4.47,4,3,0,0,4,182,7,5,0,12,4,15,2,3,8,50,0,0,0,31:33,Minnesota Vikings
1,1,1,2014-09-07,Sun,@,MIA,L,20,33,,18,32,56.3,169,2,5.3,5.13,78.8,1,9,38,191,1,5.0,71,360,5.07,4,4,3,3,2,100,10,11,4,25,7,13,0,0,4,26,2,1,3,30:27,New England Patriots
2,2,2,2014-09-14,Sun,@,MIN,W,30,7,,19,36,52.8,163,1,4.5,0.08,34.6,6,39,19,54,0,2.8,61,217,3.56,1,0,1,1,5,228,9,3,5,17,4,11,0,1,7,58,0,4,4,28:26,New England Patriots
3,3,3,2014-09-21,Sun,,OAK,W,16,9,,21,34,61.8,174,0,5.1,3.79,62.6,0,0,22,67,0,3.0,56,241,4.30,3,3,0,0,5,216,9,3,2,14,5,13,0,0,6,49,0,1,1,28:25,New England Patriots
4,4,4,2014-09-29,Mon,@,KAN,L,14,41,,20,26,76.9,236,3,9.1,11.38,142.5,2,12,38,207,1,5.4,66,443,6.71,2,2,5,5,4,180,15,10,1,26,7,12,0,0,4,35,0,0,0,36:27,New England Patriots
5,5,5,2014-10-05,Sun,,CIN,W,43,17,,18,29,62.1,241,2,8.3,9.69,111.4,1,8,18,79,0,4.4,48,320,6.67,2,1,2,2,4,166,8,4,5,17,0,7,0,1,4,37,3,0,3,21:04,New England Patriots
6,6,6,2014-10-12,Sun,@,BUF,W,37,22,,24,38,63.2,268,2,7.1,6.92,90.7,5,31,23,68,1,3.0,66,336,5.09,0,0,2,2,5,249,15,3,1,19,8,15,1,2,8,107,2,1,3,29:40,New England Patriots
7,7,7,2014-10-16,Thu,,NYJ,W,27,25,,20,34,58.8,205,1,6.0,6.62,86.0,3,21,43,218,1,5.1,80,423,5.29,5,4,1,1,3,128,11,13,4,28,9,16,0,0,7,70,0,0,0,40:54,New England Patriots
8,8,8,2014-10-26,Sun,,CHI,W,51,23,,21,35,60.0,231,3,6.6,7.03,96.2,3,18,26,153,0,5.9,64,384,6.00,0,0,1,1,4,189,13,11,3,27,4,11,1,3,5,41,1,1,2,27:17,New England Patriots
9,9,9,2014-11-02,Sun,,DEN,W,43,21,,34,57,59.6,429,2,7.5,6.65,80.2,1,9,17,43,1,2.5,75,472,6.29,1,0,3,3,3,135,20,2,4,26,3,11,0,4,10,72,0,2,2,30:33,New England Patriots
10,10,11,2014-11-16,Sun,@,IND,W,42,20,,23,39,59.0,303,2,7.8,7.64,90.0,1,0,16,19,0,1.2,56,322,5.75,2,2,2,2,3,170,14,1,2,17,5,13,1,3,4,27,0,1,1,25:39,New England Patriots
11,11,12,2014-11-23,Sun,,DET,W,34,9,,18,46,39.1,244,0,5.3,4.33,47.7,2,20,25,91,0,3.6,73,335,4.59,4,3,0,0,5,231,12,5,4,21,5,17,2,3,9,54,0,1,1,30:11,New England Patriots
12,12,13,2014-11-30,Sun,@,GNB,L,21,26,,24,38,63.2,348,2,9.2,10.21,110.4,3,20,29,130,0,4.5,70,478,6.83,5,4,2,2,1,38,16,6,2,24,10,17,0,0,4,22,0,0,0,36:35,New England Patriots
13,13,14,2014-12-07,Sun,@,SDG,W,23,14,,20,33,60.6,163,1,4.9,4.18,70.6,4,26,17,53,0,3.1,54,216,4.00,0,0,2,2,8,286,8,2,3,13,4,13,0,1,8,61,0,1,1,25:27,New England Patriots
14,14,15,2014-12-14,Sun,,MIA,W,41,13,,29,47,61.7,308,1,6.6,5.06,70.2,4,38,23,76,0,3.3,74,384,5.19,3,2,1,1,4,159,16,4,3,23,3,16,3,5,5,35,0,2,2,33:46,New England Patriots
15,15,16,2014-12-21,Sun,@,NYJ,W,17,16,,17,27,63.0,191,1,7.1,6.15,80.9,2,19,32,116,0,3.6,61,307,5.03,4,3,1,1,4,189,10,5,1,16,5,13,0,0,2,14,0,1,1,32:21,New England Patriots
16,16,17,2014-12-28,Sun,,BUF,L,9,17,,16,23,69.6,164,1,7.1,8.00,104.3,2,12,33,104,1,3.2,58,268,4.62,1,1,2,2,5,183,10,5,1,16,5,11,0,0,5,44,1,0,1,29:03,New England Patriots
1,1,1,2014-09-07,Sun,@,ATL,L,34,37,OT,31,43,72.1,445,3,10.3,11.74,128.5,1,3,25,123,1,4.9,69,568,8.23,3,3,4,4,3,157,21,6,1,28,6,11,0,0,10,96,1,0,1,31:18,New Orleans Saints
2,2,2,2014-09-14,Sun,@,CLE,L,24,26,,24,41,58.5,202,1,4.9,5.41,79.5,1,2,30,122,1,4.1,72,324,4.50,2,2,2,2,5,208,14,7,2,23,7,16,2,2,4,30,0,0,0,28:10,New Orleans Saints
3,3,3,2014-09-21,Sun,,MIN,W,20,9,,17,30,56.7,188,0,6.3,6.27,75.4,2,15,22,59,0,2.7,54,247,4.57,3,3,0,0,4,181,8,3,2,13,6,15,0,0,5,44,0,0,0,26:27,New Orleans Saints
4,4,4,2014-09-28,Sun,@,DAL,L,17,38,,22,29,75.9,255,3,8.8,10.86,136.4,1,7,35,190,2,5.4,65,445,6.85,1,1,5,5,4,166,14,10,0,24,8,14,0,0,6,50,0,0,0,34:45,New Orleans Saints
5,5,5,2014-10-05,Sun,,TAM,W,37,31,OT,19,32,59.4,248,2,7.8,7.59,91.7,1,1,21,66,1,3.1,54,314,5.81,1,1,4,4,4,162,13,4,3,20,3,9,0,0,15,113,0,1,1,27:04,New Orleans Saints
6,6,7,2014-10-19,Sun,@,DET,L,23,24,,27,40,67.5,285,2,7.1,5.88,83.9,3,14,24,59,1,2.5,67,344,5.13,1,1,3,3,5,213,13,4,4,21,7,15,0,0,9,71,0,2,2,32:18,New Orleans Saints
7,7,8,2014-10-26,Sun,,GNB,W,44,23,,29,40,72.5,402,1,10.1,8.30,91.9,4,24,19,89,1,4.7,63,491,7.79,3,3,2,2,0,0,16,5,2,23,1,7,1,2,8,84,1,2,3,28:21,New Orleans Saints
8,8,9,2014-10-30,Thu,@,CAR,W,28,10,,10,28,35.7,122,0,4.4,2.75,35.1,4,29,22,109,1,5.0,54,231,4.28,1,1,1,1,6,253,6,7,2,15,6,14,0,0,6,67,1,1,2,24:42,New Orleans Saints
9,9,10,2014-11-09,Sun,,SFO,L,24,27,OT,14,32,43.8,186,1,5.8,6.44,73.2,4,24,32,144,2,4.5,68,330,4.85,2,2,3,3,7,313,10,10,1,21,6,15,1,1,2,15,1,0,1,33:46,New Orleans Saints
10,10,11,2014-11-16,Sun,,CIN,L,10,27,,16,22,72.7,219,3,10.0,12.68,143.7,1,1,36,186,0,5.2,59,405,6.86,2,2,3,3,2,88,13,7,2,22,9,13,0,0,4,33,0,0,0,29:14,New Orleans Saints
11,11,12,2014-11-24,Mon,,BAL,L,27,34,,18,24,75.0,234,1,9.8,10.58,119.1,1,9,32,215,2,6.7,57,449,7.88,2,2,4,4,2,126,9,12,2,23,9,13,0,0,6,42,1,0,1,30:15,New Orleans Saints
12,12,13,2014-11-30,Sun,@,PIT,W,35,32,,32,58,55.2,435,2,7.5,6.64,76.4,1,0,23,103,1,4.5,82,538,6.56,4,3,1,1,2,75,25,6,5,36,6,14,0,1,5,28,0,2,2,33:59,New Orleans Saints
13,13,14,2014-12-07,Sun,,CAR,L,10,41,,21,33,63.6,226,3,6.8,8.67,114.0,0,0,40,271,2,6.8,73,497,6.81,2,2,5,5,4,158,11,11,2,24,7,15,0,0,6,55,0,0,0,36:00,New Orleans Saints
14,14,15,2014-12-15,Mon,@,CHI,W,31,15,,17,31,54.8,153,2,4.9,1.87,50.3,7,41,20,125,0,6.3,58,278,4.79,0,0,1,1,6,299,8,8,0,16,2,12,0,2,9,74,0,3,3,26:29,New Orleans Saints
15,15,16,2014-12-21,Sun,,ATL,L,14,30,,30,40,75.0,322,1,8.1,8.55,106.5,0,0,22,81,1,3.7,62,403,6.50,3,3,3,3,5,221,15,3,0,18,7,15,0,0,6,64,0,0,0,32:09,New Orleans Saints
16,16,17,2014-12-28,Sun,@,TAM,W,23,20,,14,23,60.9,97,1,4.2,3.13,66.8,3,18,39,183,1,4.7,65,280,4.31,2,2,2,2,4,163,9,8,1,18,9,17,0,0,4,23,0,1,1,32:47,New Orleans Saints
1,1,1,2014-09-08,Mon,@,DET,L,14,35,,22,32,68.8,341,2,10.7,11.91,124.6,1,5,30,76,2,2.5,63,417,6.62,3,2,3,3,2,109,14,5,1,20,10,15,0,0,8,85,0,0,0,36:04,New York Giants
2,2,2,2014-09-14,Sun,,ARI,L,14,25,,14,29,48.3,142,0,4.9,4.90,62.7,4,25,28,124,1,4.4,61,266,4.36,4,4,1,1,4,164,9,6,6,21,5,13,0,0,7,71,0,0,0,27:31,New York Giants
3,3,3,2014-09-21,Sun,,HOU,W,30,17,,21,35,60.0,292,1,8.3,5.06,60.7,2,7,25,119,1,4.8,62,411,6.63,1,1,2,2,5,205,14,4,2,20,2,12,1,2,5,40,0,3,3,27:26,New York Giants
4,4,4,2014-09-25,Thu,@,WAS,W,45,14,,19,33,57.6,243,1,7.4,2.52,51.3,2,14,17,86,1,5.1,52,329,6.33,0,0,2,2,4,233,11,4,2,17,1,8,0,0,11,88,2,4,6,22:43,New York Giants
5,5,5,2014-10-05,Sun,,ATL,W,30,20,,29,45,64.4,307,1,6.8,6.27,82.4,1,9,21,90,1,4.3,67,397,5.93,2,2,2,2,5,163,13,5,2,20,2,13,1,2,8,81,0,1,1,28:19,New York Giants
6,6,6,2014-10-12,Sun,@,PHI,L,0,27,,21,34,61.8,245,2,7.2,5.74,78.7,1,3,36,203,1,5.6,71,448,6.31,2,2,3,3,6,273,13,11,0,24,4,13,0,0,3,25,0,2,2,32:26,New York Giants
7,7,7,2014-10-19,Sun,@,DAL,L,21,31,,17,23,73.9,267,3,11.6,12.26,133.5,2,12,35,156,1,4.5,60,423,7.05,1,1,4,4,4,185,12,8,0,20,9,14,0,0,6,46,0,1,1,33:49,New York Giants
8,8,9,2014-11-03,Mon,,IND,L,24,40,,25,46,54.3,345,4,7.5,9.24,107.6,1,9,24,98,0,4.1,71,443,6.24,4,4,4,4,6,240,15,5,2,22,5,15,0,0,4,30,0,0,0,33:03,New York Giants
9,9,10,2014-11-09,Sun,@,SEA,L,17,38,,10,17,58.8,160,0,9.4,4.12,50.7,2,12,45,350,5,7.8,64,510,7.97,1,1,5,5,1,46,8,19,0,27,7,12,1,1,6,50,1,2,3,33:12,New York Giants
10,10,11,2014-11-16,Sun,,SFO,L,10,16,,15,30,50.0,185,1,6.2,6.83,80.6,1,8,37,148,0,4.0,68,333,4.90,3,3,1,1,4,187,10,9,1,20,6,14,0,1,4,35,1,0,1,34:59,New York Giants
11,11,12,2014-11-23,Sun,,DAL,L,28,31,,18,26,69.2,266,4,10.2,13.31,142.0,2,9,25,119,0,4.8,53,385,7.26,1,1,4,4,4,195,13,5,0,18,4,10,0,0,7,63,1,0,1,24:53,New York Giants
12,12,13,2014-11-30,Sun,@,JAX,L,24,25,,21,35,60.0,140,1,4.0,4.57,78.3,7,54,22,118,0,5.4,64,258,4.03,2,2,1,1,7,367,10,6,2,18,3,12,0,0,7,49,0,0,0,25:21,New York Giants
13,13,14,2014-12-07,Sun,@,TEN,W,36,7,,23,35,65.7,146,0,4.2,1.60,50.4,8,60,14,61,0,4.4,57,207,3.63,1,0,1,1,6,284,9,2,1,12,2,13,1,3,5,39,1,2,3,25:17,New York Giants
14,14,15,2014-12-14,Sun,,WAS,W,24,13,,22,34,64.7,228,1,6.7,7.29,93.7,7,47,27,144,0,5.3,68,372,5.47,2,2,1,1,6,271,10,8,3,21,4,14,0,1,10,135,1,0,1,32:31,New York Giants
15,15,16,2014-12-21,Sun,@,STL,W,37,27,,24,32,75.0,281,2,8.8,8.63,109.0,2,9,20,106,1,5.3,54,387,7.17,2,2,3,3,4,202,14,6,3,23,1,6,0,0,9,76,2,1,3,25:13,New York Giants
16,16,17,2014-12-28,Sun,,PHI,L,26,34,,23,36,63.9,262,2,7.3,7.14,92.6,4,30,32,164,1,5.1,72,426,5.92,2,2,4,4,7,292,12,9,2,23,7,16,0,0,5,35,0,1,1,25:23,New York Giants
1,1,1,2014-09-07,Sun,,OAK,W,19,14,,20,32,62.5,133,2,4.2,5.41,92.3,2,18,15,25,0,1.7,49,158,3.22,0,0,2,2,9,401,7,2,2,11,3,12,0,0,4,20,0,0,0,25:10,New York Jets
2,2,2,2014-09-14,Sun,@,GNB,L,24,31,,25,42,59.5,310,3,7.4,8.81,106.2,4,36,22,80,0,3.6,68,390,5.74,3,3,2,2,4,197,17,5,3,25,7,14,0,0,3,34,1,0,1,29:34,New York Jets
3,3,3,2014-09-22,Mon,,CHI,L,19,27,,23,38,60.5,197,2,5.2,6.24,91.7,4,28,21,60,0,2.9,63,257,4.08,2,2,3,3,5,213,11,4,2,17,7,15,0,0,9,95,1,0,1,28:08,New York Jets
4,4,4,2014-09-28,Sun,,DET,L,17,24,,24,34,70.6,272,2,8.0,9.18,113.8,4,21,27,88,1,3.3,65,360,5.54,2,1,3,3,6,306,12,5,0,17,6,15,0,0,5,33,0,0,0,34:53,New York Jets
5,5,5,2014-10-05,Sun,@,SDG,L,0,31,,20,28,71.4,277,3,9.9,10.43,123.7,3,11,40,162,1,4.1,71,439,6.18,1,1,4,4,5,204,13,6,2,21,12,18,0,0,5,76,0,1,1,38:54,New York Jets
6,6,6,2014-10-12,Sun,,DEN,L,17,31,,22,33,66.7,221,3,6.7,8.52,115.8,2,16,33,138,0,4.2,68,359,5.28,1,1,4,4,8,352,13,7,1,21,7,16,0,0,11,101,0,0,0,33:34,New York Jets
7,7,7,2014-10-16,Thu,@,NWE,L,25,27,,20,37,54.1,260,3,7.0,8.65,103.4,1,1,15,63,0,4.2,53,323,6.09,2,2,3,3,5,232,12,2,2,16,6,13,0,0,9,64,0,0,0,19:06,New York Jets
8,8,8,2014-10-26,Sun,,BUF,L,23,43,,10,17,58.8,213,4,12.5,17.24,142.8,4,25,32,67,1,2.1,53,280,5.28,3,3,5,4,6,249,7,2,3,12,3,12,0,0,7,49,0,0,0,27:43,New York Jets
9,9,9,2014-11-02,Sun,@,KAN,L,10,24,,21,31,67.7,196,2,6.3,7.61,106.4,1,3,24,113,1,4.7,56,309,5.52,1,1,3,3,4,153,14,6,3,23,8,13,0,0,3,20,0,0,0,28:25,New York Jets
10,10,10,2014-11-09,Sun,,PIT,W,20,13,,30,43,69.8,326,1,7.6,5.95,80.2,2,17,17,36,0,2.1,62,362,5.84,3,2,1,1,2,92,15,4,3,22,6,11,0,1,3,20,2,2,4,29:27,New York Jets
11,11,12,2014-11-24,Mon,@,BUF,L,3,38,,24,32,75.0,220,2,6.9,8.13,114.1,1,10,29,116,2,4.0,62,336,5.42,1,1,5,5,4,186,14,5,2,21,7,13,0,1,4,24,0,0,0,30:54,New York Jets
12,12,13,2014-12-01,Mon,,MIA,L,13,16,,25,35,71.4,217,0,6.2,4.91,75.5,2,18,18,74,1,4.1,55,291,5.29,4,3,1,1,4,216,9,5,2,16,5,13,0,0,3,20,0,1,1,27:25,New York Jets
13,13,14,2014-12-07,Sun,@,MIN,L,24,30,OT,19,27,70.4,297,2,11.0,10.81,115.8,3,12,28,114,0,4.1,58,411,7.09,3,1,3,3,3,148,12,5,2,19,6,12,0,0,6,70,1,1,2,28:47,New York Jets
14,14,15,2014-12-14,Sun,@,TEN,W,16,11,,16,35,45.7,253,0,7.2,7.23,70.3,1,7,28,89,0,3.2,64,342,5.34,3,3,0,0,6,295,11,4,2,17,6,16,0,1,9,76,1,0,1,29:57,New York Jets
15,15,16,2014-12-21,Sun,,NWE,L,16,17,,23,35,65.7,146,1,4.2,3.46,71.8,4,36,24,85,1,3.5,63,231,3.67,1,1,2,2,5,263,13,5,1,19,6,13,0,0,5,38,0,1,1,27:39,New York Jets
16,16,17,2014-12-28,Sun,@,MIA,W,37,24,,23,39,59.0,208,1,5.3,5.85,82.0,7,51,20,179,2,9.0,66,387,5.86,2,1,3,3,5,250,14,7,2,23,4,13,0,1,5,40,1,0,1,28:44,New York Jets
1,1,1,2014-09-07,Sun,,JAX,W,34,17,,24,43,55.8,242,2,5.6,6.56,87.5,3,24,24,64,0,2.7,70,306,4.37,3,1,2,2,8,372,14,2,2,18,2,14,0,1,7,55,1,0,1,29:14,Philadelphia Eagles
2,2,2,2014-09-15,Mon,@,IND,W,30,27,,20,34,58.8,172,3,5.1,5.50,89.3,0,0,38,169,0,4.4,72,341,4.74,2,2,3,3,4,221,14,7,4,25,4,12,1,1,4,70,1,1,2,36:15,Philadelphia Eagles
3,3,3,2014-09-21,Sun,,WAS,W,37,34,,30,48,62.5,427,3,8.9,9.21,103.4,0,0,28,84,1,3.0,76,511,6.72,3,2,4,4,3,170,18,6,3,27,8,15,0,1,10,131,0,1,1,34:48,Philadelphia Eagles
4,4,4,2014-09-28,Sun,@,SFO,L,21,26,,17,30,56.7,189,2,6.3,6.13,83.9,4,29,42,218,0,5.2,76,407,5.36,4,4,2,2,6,235,8,8,4,20,8,19,0,0,10,80,0,1,1,42:17,Philadelphia Eagles
5,5,5,2014-10-05,Sun,,STL,W,34,28,,29,49,59.2,341,3,7.0,8.18,100.8,4,34,23,125,1,5.4,76,466,6.13,0,0,4,4,5,166,21,7,1,29,7,14,0,1,10,82,3,0,3,32:59,Philadelphia Eagles
6,6,6,2014-10-12,Sun,,NYG,W,27,0,,17,28,60.7,168,0,6.0,6.00,77.7,8,43,24,86,0,3.6,60,254,4.23,0,0,0,0,10,477,9,2,1,12,2,14,0,1,10,75,1,0,1,27:34,Philadelphia Eagles
7,7,8,2014-10-26,Sun,@,ARI,L,20,24,,20,42,47.6,329,2,7.8,8.79,90.3,0,0,23,71,1,3.1,65,400,6.15,1,1,3,3,8,343,9,4,4,17,7,17,1,1,10,95,1,0,1,28:50,Philadelphia Eagles
8,8,9,2014-11-02,Sun,@,HOU,W,31,21,,13,27,48.1,182,2,6.7,6.56,79.6,4,21,28,118,0,4.2,59,300,5.08,1,0,3,3,6,289,8,5,2,15,5,13,0,1,9,54,0,1,1,27:47,Philadelphia Eagles
9,9,10,2014-11-10,Mon,,CAR,W,45,21,,25,40,62.5,215,2,5.4,3.00,62.0,9,91,32,102,1,3.2,81,317,3.91,0,0,3,3,7,333,13,7,1,21,10,20,0,1,4,30,2,3,5,38:05,Philadelphia Eagles
10,10,11,2014-11-16,Sun,@,GNB,L,20,53,,24,38,63.2,365,3,9.6,11.18,121.1,1,2,25,110,1,4.4,64,475,7.42,3,2,6,5,2,40,18,6,1,25,8,14,0,0,4,52,0,0,0,32:42,Philadelphia Eagles
11,11,12,2014-11-23,Sun,,TEN,W,43,24,,20,39,51.3,299,2,7.7,7.54,83.2,5,46,19,52,1,2.7,63,351,5.57,1,1,3,3,6,294,11,4,1,16,2,12,1,2,7,56,2,1,3,26:48,Philadelphia Eagles
12,12,13,2014-11-27,Thu,@,DAL,W,33,10,,18,29,62.1,174,0,6.0,2.90,50.1,4,25,25,93,1,3.7,58,267,4.60,1,1,1,1,5,228,10,4,2,16,4,12,0,1,6,42,1,2,3,29:35,Philadelphia Eagles
13,13,14,2014-12-07,Sun,,SEA,L,14,24,,22,37,59.5,252,2,6.8,7.89,98.0,2,11,46,188,1,4.1,85,440,5.18,1,1,3,3,6,227,15,10,3,28,7,16,0,1,8,67,2,0,2,41:56,Philadelphia Eagles
14,14,15,2014-12-14,Sun,,DAL,L,27,38,,22,31,71.0,249,3,8.0,9.97,126.9,3,16,42,115,2,2.7,76,364,4.79,1,1,5,5,5,205,17,6,3,26,5,13,0,0,11,79,1,0,1,41:55,Philadelphia Eagles
15,15,16,2014-12-20,Sat,@,WAS,L,24,27,,16,23,69.6,205,0,8.9,6.96,79.1,2,15,29,100,3,3.4,54,305,5.65,2,2,3,3,3,133,9,6,6,21,2,9,0,0,3,15,1,1,2,27:56,Philadelphia Eagles
16,16,17,2014-12-28,Sun,@,NYG,W,34,26,,28,53,52.8,429,1,8.1,7.62,78.3,0,0,25,76,1,3.0,78,505,6.47,4,4,2,2,7,251,17,4,1,22,7,18,0,0,8,106,0,1,1,34:37,Philadelphia Eagles
1,1,1,2014-09-07,Sun,,CLE,W,30,27,,18,30,60.0,198,1,6.6,7.27,90.7,3,24,31,191,2,6.2,64,389,6.08,2,2,3,3,7,314,11,9,3,23,2,11,0,0,8,55,0,0,0,27:33,Pittsburgh Steelers
2,2,2,2014-09-11,Thu,@,BAL,L,6,26,,21,29,72.4,166,2,5.7,7.10,109.3,0,0,36,157,0,4.4,65,323,4.97,4,4,2,2,2,110,11,9,5,25,5,12,1,1,4,35,0,0,0,35:08,Pittsburgh Steelers
3,3,3,2014-09-21,Sun,@,CAR,W,37,19,,29,41,70.7,307,2,7.5,8.46,108.5,3,23,10,42,0,4.2,54,349,6.46,2,2,1,1,4,210,14,3,3,20,4,12,1,1,7,105,2,0,2,25:21,Pittsburgh Steelers
4,4,4,2014-09-28,Sun,,TAM,L,24,27,,21,43,48.8,287,2,6.7,6.56,76.4,1,15,19,63,1,3.3,63,350,5.56,2,2,3,3,3,106,11,7,3,21,7,13,0,1,9,50,0,1,1,25:45,Pittsburgh Steelers
5,5,5,2014-10-05,Sun,@,JAX,W,17,9,,22,36,61.1,187,0,5.2,2.69,51.5,1,4,15,56,0,3.7,52,243,4.67,3,3,0,0,5,225,8,4,0,12,3,12,1,1,4,34,0,2,2,24:43,Pittsburgh Steelers
6,6,6,2014-10-12,Sun,@,CLE,L,10,31,,8,17,47.1,210,1,12.4,13.53,112.4,1,7,38,158,3,4.2,56,368,6.57,1,1,4,4,6,244,7,10,2,19,4,11,0,0,6,60,1,0,1,26:55,Pittsburgh Steelers
7,7,7,2014-10-20,Mon,,HOU,W,30,23,,21,32,65.6,261,2,8.2,8.00,98.6,1,1,30,132,0,4.4,63,393,6.24,3,3,2,2,3,135,12,6,2,20,4,12,2,2,4,20,2,1,3,27:54,Pittsburgh Steelers
8,8,8,2014-10-26,Sun,,IND,W,51,34,,26,45,57.8,385,3,8.6,7.89,89.6,2,15,10,63,1,6.3,57,448,7.86,2,2,4,4,3,153,17,2,7,26,5,10,0,0,5,43,0,2,2,20:17,Pittsburgh Steelers
9,9,9,2014-11-02,Sun,,BAL,W,43,23,,30,45,66.7,269,2,6.0,5.87,88.1,4,34,18,63,0,3.5,67,332,4.96,1,1,2,2,6,255,18,2,2,22,3,13,2,2,10,108,1,1,2,28:34,Pittsburgh Steelers
10,10,10,2014-11-09,Sun,@,NYJ,L,13,20,,10,18,55.6,125,2,6.9,9.17,114.4,4,7,36,150,0,4.2,58,275,4.74,3,2,2,2,5,232,7,8,0,15,6,15,0,0,9,75,0,0,0,30:33,Pittsburgh Steelers
11,11,11,2014-11-17,Mon,@,TEN,W,27,24,,15,24,62.5,263,2,11.0,10.75,110.2,0,0,15,49,1,3.3,39,312,8.00,1,1,3,3,4,141,10,3,1,14,3,8,0,0,1,10,0,1,1,20:11,Pittsburgh Steelers
12,12,13,2014-11-30,Sun,,NOR,L,32,35,,19,27,70.4,250,5,9.3,12.96,138.9,1,7,26,143,0,5.5,54,393,7.28,0,0,5,5,6,291,13,5,2,20,4,10,0,0,11,77,0,0,0,26:01,Pittsburgh Steelers
13,13,14,2014-12-07,Sun,@,CIN,W,42,21,,25,35,71.4,322,2,9.2,10.34,119.0,3,5,21,86,1,4.1,59,408,6.92,0,0,3,3,7,322,10,6,0,16,3,11,0,1,7,54,2,0,2,27:15,Pittsburgh Steelers
14,14,15,2014-12-14,Sun,@,ATL,W,27,20,,26,37,70.3,310,2,8.4,8.24,102.3,0,0,20,97,0,4.9,57,407,7.14,2,2,2,2,3,144,15,4,1,20,6,11,0,0,3,25,0,1,1,29:17,Pittsburgh Steelers
15,15,16,2014-12-21,Sun,,KAN,W,20,12,,32,46,69.6,288,0,6.3,6.26,86.1,6,29,14,39,0,2.8,66,327,4.95,4,4,0,0,1,48,17,3,2,22,6,14,1,2,4,39,1,0,1,31:07,Pittsburgh Steelers
16,16,17,2014-12-28,Sun,,CIN,W,27,17,,27,38,71.1,221,2,5.8,4.50,81.1,3,23,29,116,0,4.0,70,337,4.81,2,1,2,2,3,148,12,7,0,19,6,14,2,3,5,45,1,2,3,34:58,Pittsburgh Steelers
1,1,1,2014-09-04,Thu,,GNB,W,36,16,,23,33,69.7,175,1,5.3,4.55,79.7,3,14,21,80,1,3.8,57,255,4.47,1,1,1,1,4,153,13,4,2,19,6,12,0,1,8,65,0,1,1,26:40,Seattle Seahawks
2,2,2,2014-09-14,Sun,@,SDG,L,21,30,,28,37,75.7,276,3,7.5,9.08,123.3,1,8,37,101,0,2.7,75,377,5.03,3,3,3,3,3,124,17,7,2,26,10,17,0,0,6,53,0,0,0,42:15,Seattle Seahawks
3,3,3,2014-09-21,Sun,,DEN,W,26,20,OT,31,49,63.3,296,2,6.0,5.94,85.1,1,7,20,36,0,1.8,70,332,4.74,1,1,1,1,8,378,18,1,1,20,6,16,0,0,4,27,1,1,2,27:42,Seattle Seahawks
4,4,5,2014-10-06,Mon,@,WAS,W,27,17,,21,36,58.3,275,2,7.6,8.75,101.0,1,8,17,32,0,1.9,54,307,5.69,1,1,2,2,8,399,12,1,1,14,3,12,0,0,3,30,0,0,0,25:04,Seattle Seahawks
5,5,6,2014-10-12,Sun,,DAL,L,23,30,,21,32,65.6,239,2,7.5,8.72,108.7,1,11,36,162,1,4.5,69,401,5.81,3,3,3,3,3,65,13,6,4,23,10,17,0,0,6,46,2,0,2,37:39,Seattle Seahawks
6,6,7,2014-10-19,Sun,@,STL,L,26,28,,18,21,85.7,173,2,8.2,10.14,132.7,0,0,27,102,1,3.8,48,275,5.73,1,0,4,4,3,153,10,6,2,18,4,9,1,1,2,20,0,0,0,27:36,Seattle Seahawks
7,7,8,2014-10-26,Sun,@,CAR,W,13,9,,12,22,54.5,152,0,6.9,4.86,57.4,3,19,31,114,0,3.7,56,266,4.75,3,3,0,0,2,78,7,9,1,17,2,10,1,2,4,20,1,1,2,31:00,Seattle Seahawks
8,8,9,2014-11-02,Sun,,OAK,W,30,24,,24,41,58.5,189,2,4.6,3.39,66.0,1,5,18,37,0,2.1,60,226,3.77,2,1,3,3,6,314,13,2,2,17,5,15,2,2,5,69,1,2,3,24:54,Seattle Seahawks
9,9,10,2014-11-09,Sun,,NYG,W,38,17,,29,44,65.9,270,1,6.1,5.57,80.7,2,13,17,54,1,3.2,63,324,5.14,1,1,2,2,5,193,15,2,3,20,6,12,0,1,4,35,1,1,2,26:48,Seattle Seahawks
10,10,11,2014-11-16,Sun,@,KAN,L,20,24,,11,16,68.8,108,0,6.8,6.75,87.5,0,0,30,190,3,6.3,46,298,6.48,1,1,3,3,2,104,4,14,2,20,2,6,0,0,3,6,2,0,2,24:03,Seattle Seahawks
11,11,12,2014-11-23,Sun,,ARI,W,19,3,,14,26,53.8,140,0,5.4,3.65,53.4,3,9,20,64,0,3.2,49,204,4.16,2,1,0,0,7,223,8,2,2,12,3,12,0,0,3,25,0,1,1,24:33,Seattle Seahawks
12,12,13,2014-11-27,Thu,@,SFO,W,19,3,,16,29,55.2,100,0,3.4,0.34,33.7,4,21,18,64,0,3.6,51,164,3.22,1,1,0,0,5,238,8,3,5,16,4,11,0,0,3,20,1,2,3,24:41,Seattle Seahawks
13,13,14,2014-12-07,Sun,@,PHI,W,24,14,,10,20,50.0,82,2,4.1,3.85,73.3,3,14,22,57,0,2.6,45,139,3.09,0,0,2,2,8,351,5,3,1,9,2,11,1,1,4,69,1,1,2,18:04,Seattle Seahawks
14,14,15,2014-12-14,Sun,,SFO,W,17,7,,11,19,57.9,105,0,5.5,5.53,73.4,6,36,32,140,1,4.4,57,245,4.30,0,0,1,1,5,217,7,7,0,14,6,15,2,4,8,78,0,0,0,31:02,Seattle Seahawks
15,15,16,2014-12-21,Sun,@,ARI,W,35,6,,18,45,40.0,187,0,4.2,3.16,43.5,4,29,15,29,0,1.9,64,216,3.38,2,2,0,0,9,393,12,1,4,17,3,15,1,1,1,5,0,1,1,26:57,Seattle Seahawks
16,16,17,2014-12-28,Sun,,STL,W,20,6,,26,37,70.3,203,0,5.5,3.05,61.0,4,40,19,42,0,2.2,60,245,4.08,2,2,0,0,5,247,13,2,0,15,3,12,0,1,6,45,1,2,3,28:49,Seattle Seahawks
1,1,1,2014-09-07,Sun,@,DAL,W,28,17,,23,37,62.2,255,1,6.9,3.78,57.8,3,26,23,127,1,5.5,63,382,6.06,1,1,2,2,2,107,14,8,4,26,5,9,1,1,10,72,1,3,4,31:24,San Francisco 49ers
2,2,2,2014-09-14,Sun,,CHI,L,20,28,,23,34,67.6,170,4,5.0,7.35,118.5,1,6,17,46,0,2.7,52,216,4.15,0,0,4,4,6,238,10,3,6,19,3,9,0,0,10,58,0,0,0,26:09,San Francisco 49ers
3,3,3,2014-09-21,Sun,@,ARI,L,14,23,,19,34,55.9,254,2,7.5,8.65,99.4,0,0,27,84,0,3.1,61,338,5.54,3,3,2,2,1,49,12,5,7,24,8,13,1,1,5,36,1,0,1,27:40,San Francisco 49ers
4,4,4,2014-09-28,Sun,,PHI,W,26,21,,21,43,48.8,191,0,4.4,2.35,41.9,1,4,12,22,0,1.8,56,213,3.80,0,0,3,3,6,291,10,1,0,11,5,13,0,2,10,70,2,2,4,17:43,San Francisco 49ers
5,5,5,2014-10-05,Sun,,KAN,W,22,17,,16,30,53.3,158,1,5.3,4.43,65.7,0,0,20,107,1,5.4,50,265,5.30,1,1,2,2,4,161,11,3,0,14,6,11,0,0,4,29,0,1,1,23:56,San Francisco 49ers
6,6,6,2014-10-13,Mon,@,STL,W,31,17,,21,42,50.0,216,1,5.1,4.55,63.2,5,20,24,93,1,3.9,71,309,4.35,1,1,2,2,8,351,12,5,2,19,5,14,0,0,8,38,0,1,1,31:22,San Francisco 49ers
7,7,7,2014-10-19,Sun,@,DEN,L,17,42,,22,27,81.5,304,4,11.3,14.22,153.2,2,14,27,115,2,4.3,56,419,7.48,0,0,6,6,4,171,14,6,3,23,5,9,0,0,8,75,0,0,0,27:59,San Francisco 49ers
8,8,9,2014-11-02,Sun,,STL,L,10,13,,13,24,54.2,102,1,4.3,1.33,44.1,1,3,27,91,0,3.4,52,193,3.71,2,2,1,1,6,281,8,3,2,13,4,12,0,0,9,83,0,2,2,27:34,San Francisco 49ers
9,9,10,2014-11-09,Sun,@,NOR,W,27,24,OT,28,47,59.6,287,3,6.1,5.47,80.7,2,5,31,136,0,4.4,80,423,5.29,1,1,3,3,6,299,15,7,1,23,8,18,2,2,6,43,1,2,3,36:00,San Francisco 49ers
10,10,11,2014-11-16,Sun,@,NYG,W,16,10,,22,45,48.9,265,1,5.9,1.33,35.2,2,15,21,65,0,3.1,68,330,4.85,1,1,1,1,3,129,14,2,1,17,6,15,0,3,3,54,0,5,5,25:01,San Francisco 49ers
11,11,12,2014-11-23,Sun,,WAS,W,17,13,,11,20,55.0,77,0,3.9,3.85,64.0,5,29,27,136,1,5.0,52,213,4.10,2,2,1,1,8,373,4,7,1,12,2,13,0,0,7,53,1,0,1,29:55,San Francisco 49ers
12,12,13,2014-11-27,Thu,,SEA,L,3,19,,15,22,68.2,222,1,10.1,11.00,116.1,4,14,34,157,0,4.6,60,379,6.32,4,4,1,1,4,178,10,5,1,16,5,14,0,1,14,105,0,0,0,35:19,San Francisco 49ers
13,13,14,2014-12-07,Sun,@,OAK,L,13,24,,22,28,78.6,245,3,8.8,10.89,138.8,1,9,31,85,0,2.7,60,330,5.50,1,1,3,3,5,234,13,5,1,19,6,13,0,1,10,84,0,0,0,32:55,San Francisco 49ers
14,14,15,2014-12-14,Sun,@,SEA,L,7,17,,12,24,50.0,138,1,5.8,4.71,64.2,5,30,32,152,1,4.8,61,290,4.75,1,1,2,2,4,192,5,10,3,18,8,14,0,0,7,50,0,1,1,28:58,San Francisco 49ers
15,15,16,2014-12-20,Sat,,SDG,L,35,38,OT,33,54,61.1,348,4,6.4,5.43,81.4,2,8,24,98,0,4.1,80,446,5.58,1,1,5,5,4,201,19,6,3,28,8,16,3,3,8,38,0,3,3,34:19,San Francisco 49ers
16,16,17,2014-12-28,Sun,,ARI,W,20,17,,23,40,57.5,299,2,7.5,5.10,66.6,2,17,25,98,0,3.9,67,397,5.93,1,1,2,2,3,107,17,7,2,26,4,10,0,0,3,21,0,3,3,30:36,San Francisco 49ers
1,1,1,2014-09-07,Sun,,CAR,L,14,20,,24,34,70.6,221,2,6.5,7.68,107.6,1,9,33,113,0,3.4,68,334,4.91,3,2,2,2,6,282,14,5,0,19,6,15,1,1,6,55,0,0,0,35:12,Tampa Bay Buccaneers
2,2,2,2014-09-14,Sun,,STL,L,17,19,,22,29,75.9,220,0,7.6,7.59,96.9,2,15,29,119,1,4.1,60,339,5.65,4,4,1,1,2,98,14,6,0,20,5,11,0,0,5,65,1,0,1,32:05,Tampa Bay Buccaneers
3,3,3,2014-09-18,Thu,@,ATL,L,14,56,,24,28,85.7,344,3,12.3,12.82,138.7,1,6,36,144,3,4.0,65,488,7.51,1,0,8,8,2,84,17,7,2,26,8,11,0,0,5,50,3,1,4,32:39,Tampa Bay Buccaneers
4,4,4,2014-09-28,Sun,@,PIT,W,27,24,,30,41,73.2,305,3,7.4,8.90,118.4,5,26,27,85,0,3.1,73,390,5.34,2,1,3,3,4,148,18,6,3,27,6,14,1,1,13,125,1,0,1,34:15,Tampa Bay Buccaneers
5,5,5,2014-10-05,Sun,@,NOR,L,31,37,OT,35,57,61.4,371,2,6.5,4.84,70.1,0,0,29,140,2,4.8,86,511,5.94,3,3,2,2,2,97,17,12,5,34,6,13,0,0,6,50,0,3,3,38:32,Tampa Bay Buccaneers
6,6,6,2014-10-12,Sun,,BAL,L,17,48,,21,28,75.0,306,5,10.9,14.50,149.7,0,0,35,169,1,4.8,63,475,7.54,3,2,6,6,2,119,13,9,1,23,7,13,0,0,8,70,1,0,1,32:14,Tampa Bay Buccaneers
7,7,8,2014-10-26,Sun,,MIN,L,13,19,OT,24,42,57.1,235,1,5.6,6.07,81.0,1,6,22,97,0,4.4,65,332,5.11,3,2,1,1,8,358,12,6,4,22,6,15,0,0,6,59,0,0,0,30:34,Tampa Bay Buccaneers
8,8,9,2014-11-02,Sun,@,CLE,L,17,22,,21,34,61.8,274,2,8.1,6.59,82.2,4,26,27,56,0,2.1,65,330,5.08,3,3,1,1,5,184,16,3,0,19,5,14,1,2,7,44,0,2,2,29:28,Tampa Bay Buccaneers
9,9,10,2014-11-09,Sun,,ATL,L,17,27,,20,31,64.5,212,1,6.8,7.48,95.1,1,7,28,110,1,3.9,60,322,5.37,4,4,1,1,3,144,10,6,3,19,6,12,0,0,5,30,0,0,0,29:48,Tampa Bay Buccaneers
10,10,11,2014-11-16,Sun,@,WAS,W,27,7,,23,32,71.9,167,1,5.2,3.03,68.1,6,40,31,155,0,5.0,69,322,4.67,2,0,1,1,4,177,8,9,3,20,4,13,1,1,9,67,1,2,3,34:11,Tampa Bay Buccaneers
11,11,12,2014-11-23,Sun,@,CHI,L,13,21,,17,27,63.0,112,1,4.1,4.89,84.2,3,18,26,92,2,3.5,56,204,3.64,1,0,3,3,9,367,6,4,2,12,4,16,0,0,6,45,1,0,1,29:50,Tampa Bay Buccaneers
12,12,13,2014-11-30,Sun,,CIN,L,13,14,,20,28,71.4,176,1,6.3,2.18,60.1,2,11,28,112,1,4.0,58,288,4.97,0,0,2,2,6,289,10,7,2,19,5,11,0,0,10,73,0,3,3,30:37,Tampa Bay Buccaneers
13,13,14,2014-12-07,Sun,@,DET,L,17,34,,26,34,76.5,294,3,8.6,10.41,131.2,4,17,31,113,1,3.6,69,407,5.90,2,2,4,4,3,155,19,3,0,22,7,15,0,2,9,122,1,0,1,36:35,Tampa Bay Buccaneers
14,14,15,2014-12-14,Sun,@,CAR,L,17,19,,25,40,62.5,269,1,6.7,7.23,90.5,3,8,32,123,0,3.8,75,392,5.23,5,4,1,1,3,99,18,9,1,28,5,13,0,0,4,25,1,0,1,37:23,Tampa Bay Buccaneers
15,15,16,2014-12-21,Sun,,GNB,L,3,20,,31,40,77.5,310,1,7.8,8.25,107.3,1,8,31,121,1,3.9,72,431,5.99,3,2,2,2,2,69,17,6,0,23,6,13,0,1,5,40,1,0,1,38:38,Tampa Bay Buccaneers
16,16,17,2014-12-28,Sun,,NOR,L,20,23,,24,38,63.2,268,1,7.1,4.03,60.0,2,13,23,70,2,3.0,63,338,5.37,0,0,3,3,3,156,14,5,1,20,7,14,1,1,2,15,0,3,3,27:13,Tampa Bay Buccaneers
1,1,1,2014-09-07,Sun,@,KAN,W,26,10,,19,35,54.3,178,1,5.1,1.80,42.3,4,24,17,67,0,3.9,56,245,4.38,2,1,1,1,5,213,11,1,3,15,1,12,1,2,3,25,0,3,3,22:16,Tennessee Titans
2,2,2,2014-09-14,Sun,,DAL,L,10,26,,19,29,65.5,148,1,5.1,5.79,89.4,4,28,43,220,1,5.1,76,368,4.84,4,4,2,2,4,220,10,13,3,26,9,16,0,0,4,25,1,0,1,41:11,Tennessee Titans
3,3,3,2014-09-21,Sun,@,CIN,L,7,33,,17,26,65.4,184,1,7.1,6.12,82.9,0,0,31,116,3,3.7,57,300,5.26,1,1,4,4,4,197,10,11,4,25,3,9,0,1,7,50,0,1,1,28:44,Tennessee Titans
4,4,4,2014-09-28,Sun,@,IND,L,17,41,,29,41,70.7,393,4,9.6,10.44,123.3,0,0,41,105,1,2.6,82,498,6.07,2,2,5,5,4,168,21,7,3,31,7,14,0,0,11,88,0,1,1,42:21,Tennessee Titans
5,5,5,2014-10-05,Sun,,CLE,L,28,29,,21,37,56.8,284,3,7.7,8.08,97.1,1,7,36,176,0,4.9,74,460,6.22,2,2,3,3,3,147,16,10,1,27,4,12,0,2,7,74,0,1,1,29:17,Tennessee Titans
6,6,6,2014-10-12,Sun,,JAX,W,16,14,,32,46,69.6,297,1,6.5,5.91,85.1,6,39,23,82,1,3.6,75,379,5.05,1,0,2,2,6,286,17,8,2,27,8,15,0,0,6,35,1,1,2,31:07,Tennessee Titans
7,7,7,2014-10-19,Sun,@,WAS,L,17,19,,21,28,75.0,251,1,9.0,8.07,99.0,3,16,26,100,0,3.8,57,351,6.16,4,4,1,1,3,124,9,5,2,16,3,11,0,0,7,50,1,1,2,29:04,Tennessee Titans
8,8,8,2014-10-26,Sun,,HOU,L,16,30,,19,35,54.3,193,1,5.5,6.09,79.8,5,34,40,212,2,5.3,80,405,5.06,3,3,3,3,6,269,14,9,1,24,7,16,0,0,4,35,0,0,0,35:22,Tennessee Titans
9,9,10,2014-11-09,Sun,@,BAL,L,7,21,,16,27,59.3,161,1,6.0,6.70,88.7,1,8,34,151,2,4.4,62,312,5.03,0,0,3,3,7,317,10,8,0,18,4,13,1,1,5,40,0,0,0,30:47,Tennessee Titans
10,10,11,2014-11-17,Mon,,PIT,L,24,27,,21,32,65.6,180,1,5.6,4.84,77.6,5,27,36,206,1,5.7,73,386,5.29,2,2,3,3,2,81,14,15,0,29,7,13,0,0,4,39,0,1,1,39:49,Tennessee Titans
11,11,12,2014-11-23,Sun,@,PHI,L,24,43,,30,43,69.8,298,1,6.9,5.30,77.5,2,9,38,164,2,4.3,83,462,5.57,6,5,4,4,3,135,18,7,1,26,10,19,0,0,9,69,0,2,2,33:12,Tennessee Titans
12,12,13,2014-11-30,Sun,@,HOU,L,21,45,,24,33,72.7,358,6,10.8,14.48,147.5,0,0,36,99,0,2.8,69,457,6.62,2,1,6,6,3,137,18,5,1,24,11,17,1,1,5,40,1,0,1,33:16,Tennessee Titans
13,13,14,2014-12-07,Sun,,NYG,L,7,36,,26,43,60.5,260,1,6.0,5.47,75.7,0,0,30,142,1,4.7,73,402,5.51,5,5,3,3,4,186,13,6,0,19,8,18,0,0,7,70,0,1,1,34:43,Tennessee Titans
14,14,15,2014-12-14,Sun,,NYJ,L,11,16,,16,28,57.1,163,1,5.8,6.54,85.9,3,16,29,114,1,3.9,60,277,4.62,2,1,1,1,7,352,8,6,3,17,2,13,1,1,7,46,0,0,0,30:03,Tennessee Titans
15,15,16,2014-12-18,Thu,@,JAX,L,13,21,,14,27,51.9,111,1,4.1,4.85,74.8,4,13,25,177,2,7.1,56,288,5.14,0,0,3,3,7,321,7,7,3,17,5,13,0,0,3,25,0,0,0,25:08,Tennessee Titans
16,16,17,2014-12-28,Sun,,IND,L,10,27,,23,35,65.7,314,3,9.0,10.69,122.8,1,1,30,64,0,2.1,66,378,5.73,3,2,3,3,5,203,15,1,0,16,5,16,1,3,4,20,0,0,0,33:26,Tennessee Titans
1,1,1,2014-09-07,Sun,@,HOU,L,6,17,,14,22,63.6,206,1,9.4,10.27,109.3,0,0,34,115,0,3.4,56,321,5.73,1,1,2,2,6,306,8,5,3,16,7,14,0,0,6,45,1,0,1,29:06,Washington Commanders
2,2,2,2014-09-14,Sun,,JAX,W,41,10,,14,28,50.0,123,1,4.4,3.50,59.1,10,70,10,25,0,2.5,48,148,3.08,1,1,1,1,8,383,4,2,2,8,3,13,0,1,6,44,0,1,1,20:59,Washington Commanders
3,3,3,2014-09-21,Sun,@,PHI,L,34,37,,27,41,65.9,325,3,7.9,9.39,114.4,0,0,25,54,0,2.2,66,379,5.74,3,3,4,4,4,149,14,3,5,22,4,11,0,0,9,70,1,0,1,25:12,Washington Commanders
4,4,4,2014-09-25,Thu,,NYG,L,14,45,,28,39,71.8,295,4,7.6,8.46,116.9,1,5,38,154,2,4.1,78,449,5.76,1,1,6,6,5,225,19,9,3,31,11,16,0,0,7,66,0,1,1,37:17,Washington Commanders
5,5,5,2014-10-06,Mon,,SEA,L,17,27,,18,24,75.0,178,2,7.4,9.08,123.3,3,23,36,225,1,6.3,63,403,6.40,2,2,3,3,6,260,8,10,2,20,5,14,1,1,13,90,0,0,0,34:56,Washington Commanders
6,6,6,2014-10-12,Sun,@,ARI,L,20,30,,28,44,63.6,243,2,5.5,6.43,93.3,1,7,23,74,0,3.2,68,317,4.66,3,3,3,3,7,270,15,3,1,19,7,17,0,0,14,108,0,0,0,34:19,Washington Commanders
7,7,7,2014-10-19,Sun,,TEN,W,19,17,,17,26,65.4,160,2,6.2,5.96,91.8,1,0,22,76,0,3.5,49,236,4.82,1,1,2,2,5,196,6,5,3,14,3,11,1,1,11,96,1,1,2,30:56,Washington Commanders
8,8,8,2014-10-27,Mon,@,DAL,W,20,17,OT,21,34,61.8,224,2,6.6,7.76,100.6,5,54,25,171,0,6.8,64,395,6.17,1,1,2,2,4,206,15,4,1,20,5,12,0,1,3,35,2,0,2,28:37,Washington Commanders
9,9,9,2014-11-02,Sun,@,MIN,L,26,29,,26,42,61.9,252,1,6.0,6.48,86.6,2,16,27,100,3,3.7,71,352,4.96,0,0,3,3,6,243,17,6,1,24,8,15,0,1,9,60,0,0,0,30:26,Washington Commanders
10,10,11,2014-11-16,Sun,,TAM,L,7,27,,15,23,65.2,281,2,12.2,13.96,136.3,2,7,21,48,0,2.3,46,329,7.15,2,2,3,3,4,165,8,3,1,12,3,10,0,0,11,101,1,0,1,25:49,Washington Commanders
11,11,12,2014-11-23,Sun,@,SFO,L,13,17,,20,29,69.0,246,1,8.5,7.62,92.0,2,10,29,66,1,2.3,60,312,5.20,1,1,2,2,6,302,10,5,1,16,5,13,2,2,5,47,2,1,3,30:05,Washington Commanders
12,12,13,2014-11-30,Sun,@,IND,L,27,49,,19,27,70.4,361,5,13.4,15.41,137.0,1,9,21,126,1,6.0,49,487,9.94,0,0,7,7,3,138,14,4,1,19,5,8,0,0,10,94,2,1,3,23:55,Washington Commanders
13,13,14,2014-12-07,Sun,,STL,L,0,24,,16,22,72.7,198,2,9.0,10.82,130.5,4,15,30,131,0,4.4,56,329,5.88,3,1,2,1,4,174,11,6,2,19,6,12,0,0,11,98,0,0,0,32:49,Washington Commanders
14,14,15,2014-12-14,Sun,@,NYG,L,13,24,,23,34,67.6,238,3,7.0,8.76,117.0,1,12,22,49,0,2.2,57,287,5.04,1,1,3,3,6,261,11,2,4,17,4,13,1,2,9,60,1,0,1,27:29,Washington Commanders
15,15,16,2014-12-20,Sat,,PHI,W,27,24,,37,50,74.0,361,2,7.2,7.12,98.8,3,13,31,134,1,4.3,84,495,5.89,3,1,3,3,2,72,22,7,1,30,9,16,0,0,13,102,1,1,2,32:04,Washington Commanders
16,16,17,2014-12-28,Sun,,DAL,L,17,44,,22,34,64.7,299,2,8.8,8.65,100.0,0,0,27,174,2,6.4,61,473,7.75,3,3,5,5,4,172,13,3,4,20,4,12,0,0,7,48,0,1,1,30:24,Washington Commanders
